{"type":"FeatureCollection","features":[{"type":"Feature","geometry":{"type":"Point","coordinates":[-77.79000801018661,38.13365240431626]},"properties":{"OBJECTID":18,"RTE_NM":"R-VA   SR00033EB      RMP016.00B","TYPE":"END","RAMP_TYPE":"ON-RAMP","TERMINAL_SIDE":"END","RTE_CATEGORY_NM":"Interstate Ramp","MPO_ID":"RICH","AREA_TYPE_ID":"R"}},{"type":"Feature","geometry":{"type":"Point","coordinates":[-77.95366719942345,37.95605665919709]},"properties":{"OBJECTID":30,"RTE_NM":"R-VA012SC00712UK      RMP012.00A","TYPE":"END","RAMP_TYPE":"ON-RAMP","TERMINAL_SIDE":"END","RTE_CATEGORY_NM":"Interstate Ramp","MPO_ID":null,"AREA_TYPE_ID":"R"}},{"type":"Feature","geometry":{"type":"Point","coordinates":[-78.89819462416925,37.97132722687607]},"properties":{"OBJECTID":34,"RTE_NM":"R-VA   SR00100NB      RMP018.00A","TYPE":"END","RAMP_TYPE":"ON-RAMP","TERMINAL_SIDE":"END","RTE_CATEGORY_NM":"Interstate Ramp","MPO_ID":null,"AREA_TYPE_ID":"R"}},{"type":"Feature","geometry":{"type":"Point","coordinates":[-77.55046356514599,37.97713072827223]},"properties":{"OBJECTID":38,"RTE_NM":"R-VA121UR07006EB      RMP000.00A","TYPE":"END","RAMP_TYPE":"ON-RAMP","TERMINAL_SIDE":"END","RTE_CATEGORY_NM":"Interstate Ramp","MPO_ID":"HAMP","AREA_TYPE_ID":"U"}},{"type":"Feature","geometry":{"type":"Point","coordinates":[-79.17404275150245,37.91359036120533]},"properties":{"OBJECTID":43,"RTE_NM":"R-VA   SR00107UK      RMP000.00A","TYPE":"END","RAMP_TYPE":"ON-RAMP","TERMINAL_SIDE":"END","RTE_CATEGORY_NM":"Interstate Ramp","MPO_ID":null,"AREA_TYPE_ID":"R"}},{"type":"Feature","geometry":{"type":"Point","coordinates":[-77.4977268768968,37.952509461836144]},"properties":{"OBJECTID":46,"RTE_NM":"R-VA   SR00168SB      RMP026.00A","TYPE":"END","RAMP_TYPE":"ON-RAMP","TERMINAL_SIDE":"END","RTE_CATEGORY_NM":"Interstate Ramp","MPO_ID":"HAMP","AREA_TYPE_ID":"U"}},{"type":"Feature","geometry":{"type":"Point","coordinates":[-77.47763219377768,37.93415800028394]},"properties":{"OBJECTID":47,"RTE_NM":"R-VA   IS00064WB      RMP284.00B","TYPE":"END","RAMP_TYPE":"ON-RAMP","TERMINAL_SIDE":"END","RTE_CATEGORY_NM":"Interstate Ramp","MPO_ID":"HAMP","AREA_TYPE_ID":"U"}},{"type":"Feature","geometry":{"type":"Point","coordinates":[-77.56701696670508,38.01274671048086]},"properties":{"OBJECTID":50,"RTE_NM":"R-VA   SR00171EB      RMP001.00B","TYPE":"END","RAMP_TYPE":"ON-RAMP","TERMINAL_SIDE":"END","RTE_CATEGORY_NM":"Interstate Ramp","MPO_ID":"HAMP","AREA_TYPE_ID":"U"}},{"type":"Feature","geometry":{"type":"Point","coordinates":[-77.42316247161487,37.93569308142546]},"properties":{"OBJECTID":53,"RTE_NM":"R-VA134UR00009UK      RMP000.00A","TYPE":"END","RAMP_TYPE":"ON-RAMP","TERMINAL_SIDE":"END","RTE_CATEGORY_NM":"Interstate Ramp","MPO_ID":"HAMP","AREA_TYPE_ID":"U"}},{"type":"Feature","geometry":{"type":"Point","coordinates":[-77.62066498560178,38.057115920787815]},"properties":{"OBJECTID":60,"RTE_NM":"R-VA   SR00199EB      RMP005.00B","TYPE":"END","RAMP_TYPE":"ON-RAMP","TERMINAL_SIDE":"END","RTE_CATEGORY_NM":"Interstate Ramp","MPO_ID":"HAMP","AREA_TYPE_ID":"U"}},{"type":"Feature","geometry":{"type":"Point","coordinates":[-78.20539722871794,38.54201868528875]},"properties":{"OBJECTID":65,"RTE_NM":"R-VA   SR00042UK      RMP270.00A","TYPE":"END","RAMP_TYPE":"ON-RAMP","TERMINAL_SIDE":"END","RTE_CATEGORY_NM":"Interstate Ramp","MPO_ID":null,"AREA_TYPE_ID":"C"}},{"type":"Feature","geometry":{"type":"Point","coordinates":[-77.48425204886013,37.945274334769614]},"properties":{"OBJECTID":66,"RTE_NM":"R-VA   SR00165NB      RMP034.00A","TYPE":"END","RAMP_TYPE":"ON-RAMP","TERMINAL_SIDE":"END","RTE_CATEGORY_NM":"Interstate Ramp","MPO_ID":"HAMP","AREA_TYPE_ID":"U"}},{"type":"Feature","geometry":{"type":"Point","coordinates":[-77.85210774381657,38.06924702627415]},"properties":{"OBJECTID":68,"RTE_NM":"R-VA020SC00620UK      RMP000.00A","TYPE":"END","RAMP_TYPE":"ON-RAMP","TERMINAL_SIDE":"END","RTE_CATEGORY_NM":"Interstate Ramp","MPO_ID":"TCAT","AREA_TYPE_ID":"U"}},{"type":"Feature","geometry":{"type":"Point","coordinates":[-77.83555824898383,38.02634770286063]},"properties":{"OBJECTID":69,"RTE_NM":"R-VA   IS00095SB      RMP046.00A","TYPE":"END","RAMP_TYPE":"ON-RAMP","TERMINAL_SIDE":"END","RTE_CATEGORY_NM":"Interstate Ramp","MPO_ID":"TCAT","AREA_TYPE_ID":"U"}},{"type":"Feature","geometry":{"type":"Point","coordinates":[-78.07558500684817,38.26039372474752]},"properties":{"OBJECTID":70,"RTE_NM":"R-VA   SR00208UK      RMP000.00B","TYPE":"END","RAMP_TYPE":"ON-RAMP","TERMINAL_SIDE":"END","RTE_CATEGORY_NM":"Interstate Ramp","MPO_ID":null,"AREA_TYPE_ID":"R"}},{"type":"Feature","geometry":{"type":"Point","coordinates":[-77.9005601145902,38.5238431636469]},"properties":{"OBJECTID":71,"RTE_NM":"R-VA   SR00234UK      RMP026.00B","TYPE":"END","RAMP_TYPE":"ON-RAMP","TERMINAL_SIDE":"END","RTE_CATEGORY_NM":"Interstate Ramp","MPO_ID":"NOVA","AREA_TYPE_ID":"U"}},{"type":"Feature","geometry":{"type":"Point","coordinates":[-77.82443099329794,38.48154638073266]},"properties":{"OBJECTID":72,"RTE_NM":"R-VA   SR00294WB      RMP014.00B","TYPE":"END","RAMP_TYPE":"ON-RAMP","TERMINAL_SIDE":"END","RTE_CATEGORY_NM":"Interstate Ramp","MPO_ID":"NOVA","AREA_TYPE_ID":"U"}},{"type":"Feature","geometry":{"type":"Point","coordinates":[-77.86830580330049,38.14372456625042]},"properties":{"OBJECTID":76,"RTE_NM":"R-VA   US00001NB      RMP093.00B","TYPE":"END","RAMP_TYPE":"ON-RAMP","TERMINAL_SIDE":"END","RTE_CATEGORY_NM":"Interstate Ramp","MPO_ID":"RICH","AREA_TYPE_ID":"U"}},{"type":"Feature","geometry":{"type":"Point","coordinates":[-77.48356545910333,37.93346692955878]},"properties":{"OBJECTID":80,"RTE_NM":"R-VA   US00013SB      RMP047.00B","TYPE":"END","RAMP_TYPE":"ON-RAMP","TERMINAL_SIDE":"END","RTE_CATEGORY_NM":"Interstate Ramp","MPO_ID":"HAMP","AREA_TYPE_ID":"U"}},{"type":"Feature","geometry":{"type":"Point","coordinates":[-77.84044177871256,38.034749834232684]},"properties":{"OBJECTID":81,"RTE_NM":"R-VA123UR09010WB      RMP000.00B","TYPE":"END","RAMP_TYPE":"ON-RAMP","TERMINAL_SIDE":"END","RTE_CATEGORY_NM":"Interstate Ramp","MPO_ID":"TCAT","AREA_TYPE_ID":"U"}},{"type":"Feature","geometry":{"type":"Point","coordinates":[-79.04856878026581,37.94866577995126]},"properties":{"OBJECTID":84,"RTE_NM":"R-VA   SR00090UK      RMP001.00B","TYPE":"END","RAMP_TYPE":"ON-RAMP","TERMINAL_SIDE":"END","RTE_CATEGORY_NM":"Interstate Ramp","MPO_ID":null,"AREA_TYPE_ID":"R"}},{"type":"Feature","geometry":{"type":"Point","coordinates":[-77.53302270624143,37.91982685872798]},"properties":{"OBJECTID":90,"RTE_NM":"R-VA124UR08540WB      RMP001.00B","TYPE":"END","RAMP_TYPE":"ON-RAMP","TERMINAL_SIDE":"END","RTE_CATEGORY_NM":"Interstate Ramp","MPO_ID":"HAMP","AREA_TYPE_ID":"U"}},{"type":"Feature","geometry":{"type":"Point","coordinates":[-77.84305588972987,38.16068299826991]},"properties":{"OBJECTID":92,"RTE_NM":"R-VA   US00360EB      RMP147.00B","TYPE":"END","RAMP_TYPE":"ON-RAMP","TERMINAL_SIDE":"END","RTE_CATEGORY_NM":"Interstate Ramp","MPO_ID":"RICH","AREA_TYPE_ID":"U"}},{"type":"Feature","geometry":{"type":"Point","coordinates":[-77.82962291940095,38.470862623227646]},"properties":{"OBJECTID":104,"RTE_NM":"R-VA076SC00784EB      RMP006.00A","TYPE":"END","RAMP_TYPE":"ON-RAMP","TERMINAL_SIDE":"END","RTE_CATEGORY_NM":"Interstate Ramp","MPO_ID":"NOVA","AREA_TYPE_ID":"U"}},{"type":"Feature","geometry":{"type":"Point","coordinates":[-77.78245671142498,38.52379136812766]},"properties":{"OBJECTID":112,"RTE_NM":"R-VA029SC00613UK      RMP006.00A","TYPE":"END","RAMP_TYPE":"ON-RAMP","TERMINAL_SIDE":"END","RTE_CATEGORY_NM":"Interstate Ramp","MPO_ID":"NOVA","AREA_TYPE_ID":"U"}},{"type":"Feature","geometry":{"type":"Point","coordinates":[-77.5482127148423,37.97134531232599]},"properties":{"OBJECTID":119,"RTE_NM":"R-VA   IS00664WB      RMP007.00A","TYPE":"END","RAMP_TYPE":"ON-RAMP","TERMINAL_SIDE":"END","RTE_CATEGORY_NM":"Interstate Ramp","MPO_ID":"HAMP","AREA_TYPE_ID":"U"}},{"type":"Feature","geometry":{"type":"Point","coordinates":[-77.50242124553598,37.956146814355385]},"properties":{"OBJECTID":122,"RTE_NM":"R-VA   US00460EB      RMP403.00A","TYPE":"END","RAMP_TYPE":"ON-RAMP","TERMINAL_SIDE":"END","RTE_CATEGORY_NM":"Interstate Ramp","MPO_ID":"HAMP","AREA_TYPE_ID":"U"}},{"type":"Feature","geometry":{"type":"Point","coordinates":[-78.60781779909222,38.217704120214925]},"properties":{"OBJECTID":127,"RTE_NM":"R-VA   US00060UKBUS001RMP000.00A","TYPE":"END","RAMP_TYPE":"ON-RAMP","TERMINAL_SIDE":"END","RTE_CATEGORY_NM":"Interstate Ramp","MPO_ID":null,"AREA_TYPE_ID":"R"}},{"type":"Feature","geometry":{"type":"Point","coordinates":[-77.86893973252096,37.91476874518259]},"properties":{"OBJECTID":129,"RTE_NM":"R-VA091SC00631UK      RMP000.00A","TYPE":"END","RAMP_TYPE":"ON-RAMP","TERMINAL_SIDE":"END","RTE_CATEGORY_NM":"Interstate Ramp","MPO_ID":null,"AREA_TYPE_ID":"R"}},{"type":"Feature","geometry":{"type":"Point","coordinates":[-77.50451781232235,37.92393614576497]},"properties":{"OBJECTID":133,"RTE_NM":"R-VA   SR00337EB      RMP023.00B","TYPE":"END","RAMP_TYPE":"ON-RAMP","TERMINAL_SIDE":"END","RTE_CATEGORY_NM":"Interstate Ramp","MPO_ID":"HAMP","AREA_TYPE_ID":"U"}},{"type":"Feature","geometry":{"type":"Point","coordinates":[-77.73681062880374,38.12763740299468]},"properties":{"OBJECTID":136,"RTE_NM":"R-VA   SR00155UK      RMP011.00A","TYPE":"END","RAMP_TYPE":"ON-RAMP","TERMINAL_SIDE":"END","RTE_CATEGORY_NM":"Interstate Ramp","MPO_ID":"RICH","AREA_TYPE_ID":"R"}},{"type":"Feature","geometry":{"type":"Point","coordinates":[-77.89604293360112,37.88443403526414]},"properties":{"OBJECTID":138,"RTE_NM":"R-VA   US00058WB      RMP411.00A","TYPE":"END","RAMP_TYPE":"ON-RAMP","TERMINAL_SIDE":"END","RTE_CATEGORY_NM":"Interstate Ramp","MPO_ID":null,"AREA_TYPE_ID":"R"}},{"type":"Feature","geometry":{"type":"Point","coordinates":[-77.87134627745834,38.16904332919027]},"properties":{"OBJECTID":146,"RTE_NM":"R-VA   SR00073WB      RMP000.00A","TYPE":"END","RAMP_TYPE":"ON-RAMP","TERMINAL_SIDE":"END","RTE_CATEGORY_NM":"Interstate Ramp","MPO_ID":"RICH","AREA_TYPE_ID":"U"}},{"type":"Feature","geometry":{"type":"Point","coordinates":[-77.52411773076933,37.92507599577461]},"properties":{"OBJECTID":147,"RTE_NM":"R-VA   SR00337EB      RMP019.00A","TYPE":"END","RAMP_TYPE":"ON-RAMP","TERMINAL_SIDE":"END","RTE_CATEGORY_NM":"Interstate Ramp","MPO_ID":"HAMP","AREA_TYPE_ID":"U"}},{"type":"Feature","geometry":{"type":"Point","coordinates":[-77.4784633698815,37.921813601055945]},"properties":{"OBJECTID":149,"RTE_NM":"R-VA134UR00007EB      RMP001.00A","TYPE":"END","RAMP_TYPE":"ON-RAMP","TERMINAL_SIDE":"END","RTE_CATEGORY_NM":"Interstate Ramp","MPO_ID":"HAMP","AREA_TYPE_ID":"U"}},{"type":"Feature","geometry":{"type":"Point","coordinates":[-78.52950336355059,38.241881454211]},"properties":{"OBJECTID":153,"RTE_NM":"R-VA081SC00780UK      RMP000.00B","TYPE":"END","RAMP_TYPE":"ON-RAMP","TERMINAL_SIDE":"END","RTE_CATEGORY_NM":"Interstate Ramp","MPO_ID":null,"AREA_TYPE_ID":"R"}},{"type":"Feature","geometry":{"type":"Point","coordinates":[-77.51310887238199,37.92874511783786]},"properties":{"OBJECTID":167,"RTE_NM":"R-VA   SR00141SB      RMP001.00A","TYPE":"END","RAMP_TYPE":"ON-RAMP","TERMINAL_SIDE":"END","RTE_CATEGORY_NM":"Interstate Ramp","MPO_ID":"HAMP","AREA_TYPE_ID":"U"}},{"type":"Feature","geometry":{"type":"Point","coordinates":[-77.82808575500873,38.05628160036419]},"properties":{"OBJECTID":177,"RTE_NM":"R-VA   SR00036EB      RMP012.00A","TYPE":"END","RAMP_TYPE":"ON-RAMP","TERMINAL_SIDE":"END","RTE_CATEGORY_NM":"Interstate Ramp","MPO_ID":"TCAT","AREA_TYPE_ID":"U"}},{"type":"Feature","geometry":{"type":"Point","coordinates":[-79.23023700125005,37.902444813385806]},"properties":{"OBJECTID":179,"RTE_NM":"R-VA   SR00080UK      RMP000.00B","TYPE":"END","RAMP_TYPE":"ON-RAMP","TERMINAL_SIDE":"END","RTE_CATEGORY_NM":"Interstate Ramp","MPO_ID":null,"AREA_TYPE_ID":"R"}},{"type":"Feature","geometry":{"type":"Point","coordinates":[-77.53539416344421,37.91871848004939]},"properties":{"OBJECTID":181,"RTE_NM":"R-VA124UR08540EB      RMP001.00A","TYPE":"END","RAMP_TYPE":"ON-RAMP","TERMINAL_SIDE":"END","RTE_CATEGORY_NM":"Interstate Ramp","MPO_ID":"HAMP","AREA_TYPE_ID":"U"}},{"type":"Feature","geometry":{"type":"Point","coordinates":[-77.88050793689807,38.147462465157716]},"properties":{"OBJECTID":182,"RTE_NM":"R-VA127UR07538EB      RMP001.00A","TYPE":"END","RAMP_TYPE":"ON-RAMP","TERMINAL_SIDE":"END","RTE_CATEGORY_NM":"Interstate Ramp","MPO_ID":"RICH","AREA_TYPE_ID":"U"}},{"type":"Feature","geometry":{"type":"Point","coordinates":[-77.76235497878133,38.5543921514286]},"properties":{"OBJECTID":183,"RTE_NM":"R-VA   SR00110WB      RMP000.00A","TYPE":"END","RAMP_TYPE":"ON-RAMP","TERMINAL_SIDE":"END","RTE_CATEGORY_NM":"Interstate Ramp","MPO_ID":"NOVA","AREA_TYPE_ID":"U"}},{"type":"Feature","geometry":{"type":"Point","coordinates":[-77.41557069772358,37.93600172356045]},"properties":{"OBJECTID":184,"RTE_NM":"R-VA134UR08723NB      RMP003.00A","TYPE":"END","RAMP_TYPE":"ON-RAMP","TERMINAL_SIDE":"END","RTE_CATEGORY_NM":"Interstate Ramp","MPO_ID":"HAMP","AREA_TYPE_ID":"U"}},{"type":"Feature","geometry":{"type":"Point","coordinates":[-77.48303524087449,37.93347260467428]},"properties":{"OBJECTID":193,"RTE_NM":"R-VA   US00013SB      RMP047.00A","TYPE":"END","RAMP_TYPE":"ON-RAMP","TERMINAL_SIDE":"END","RTE_CATEGORY_NM":"Interstate Ramp","MPO_ID":"HAMP","AREA_TYPE_ID":"U"}},{"type":"Feature","geometry":{"type":"Point","coordinates":[-77.82500816207327,38.480463383740314]},"properties":{"OBJECTID":194,"RTE_NM":"R-VA   SR00294EB      RMP014.00B","TYPE":"END","RAMP_TYPE":"ON-RAMP","TERMINAL_SIDE":"END","RTE_CATEGORY_NM":"Interstate Ramp","MPO_ID":"NOVA","AREA_TYPE_ID":"U"}},{"type":"Feature","geometry":{"type":"Point","coordinates":[-77.84463526482892,38.13716997384682]},"properties":{"OBJECTID":198,"RTE_NM":"R-VA043SC07555SB      RMP005.00B","TYPE":"END","RAMP_TYPE":"ON-RAMP","TERMINAL_SIDE":"END","RTE_CATEGORY_NM":"Interstate Ramp","MPO_ID":"RICH","AREA_TYPE_ID":"U"}},{"type":"Feature","geometry":{"type":"Point","coordinates":[-78.85374323602773,37.99879449806031]},"properties":{"OBJECTID":199,"RTE_NM":"R-VA077SC00660UK      RMP006.00A","TYPE":"END","RAMP_TYPE":"ON-RAMP","TERMINAL_SIDE":"END","RTE_CATEGORY_NM":"Interstate Ramp","MPO_ID":null,"AREA_TYPE_ID":"R"}},{"type":"Feature","geometry":{"type":"Point","coordinates":[-77.83885081988043,38.019440185724484]},"properties":{"OBJECTID":213,"RTE_NM":"R-VA   US00301UK      RMP045.00A","TYPE":"END","RAMP_TYPE":"ON-RAMP","TERMINAL_SIDE":"END","RTE_CATEGORY_NM":"Interstate Ramp","MPO_ID":"TCAT","AREA_TYPE_ID":"R"}},{"type":"Feature","geometry":{"type":"Point","coordinates":[-77.97631646190455,37.94115786284231]},"properties":{"OBJECTID":219,"RTE_NM":"R-VA012SC00630UK      RMP007.00B","TYPE":"END","RAMP_TYPE":"ON-RAMP","TERMINAL_SIDE":"END","RTE_CATEGORY_NM":"Interstate Ramp","MPO_ID":null,"AREA_TYPE_ID":"R"}},{"type":"Feature","geometry":{"type":"Point","coordinates":[-77.89091686245894,38.15960379000419]},"properties":{"OBJECTID":221,"RTE_NM":"R-VA   US00250WB      RMP159.00A","TYPE":"END","RAMP_TYPE":"ON-RAMP","TERMINAL_SIDE":"END","RTE_CATEGORY_NM":"Interstate Ramp","MPO_ID":"RICH","AREA_TYPE_ID":"U"}},{"type":"Feature","geometry":{"type":"Point","coordinates":[-78.1103969307897,38.607925476145525]},"properties":{"OBJECTID":224,"RTE_NM":"R-VA   SR00277UK      RMP000.00B","TYPE":"END","RAMP_TYPE":"ON-RAMP","TERMINAL_SIDE":"END","RTE_CATEGORY_NM":"Interstate Ramp","MPO_ID":"WINC","AREA_TYPE_ID":"U"}},{"type":"Feature","geometry":{"type":"Point","coordinates":[-78.6349490906936,38.05739746284561]},"properties":{"OBJECTID":236,"RTE_NM":"R-VA   US00460EB      RMP154.00B","TYPE":"END","RAMP_TYPE":"ON-RAMP","TERMINAL_SIDE":"END","RTE_CATEGORY_NM":"Interstate Ramp","MPO_ID":"ROAN","AREA_TYPE_ID":"U"}},{"type":"Feature","geometry":{"type":"Point","coordinates":[-78.02242405304918,37.91980462261702]},"properties":{"OBJECTID":242,"RTE_NM":"R-VA012SC00644UK      RMP021.00A","TYPE":"END","RAMP_TYPE":"ON-RAMP","TERMINAL_SIDE":"END","RTE_CATEGORY_NM":"Interstate Ramp","MPO_ID":null,"AREA_TYPE_ID":"R"}},{"type":"Feature","geometry":{"type":"Point","coordinates":[-77.80788143729914,38.56049873737007]},"properties":{"OBJECTID":245,"RTE_NM":"R-VA029SC05061UK      RMP002.00A","TYPE":"END","RAMP_TYPE":"ON-RAMP","TERMINAL_SIDE":"END","RTE_CATEGORY_NM":"Interstate Ramp","MPO_ID":"NOVA","AREA_TYPE_ID":"U"}},{"type":"Feature","geometry":{"type":"Point","coordinates":[-77.79939434292878,38.574026015357774]},"properties":{"OBJECTID":246,"RTE_NM":"R-VA029SC99018NB      RMP000.00B","TYPE":"END","RAMP_TYPE":"ON-RAMP","TERMINAL_SIDE":"END","RTE_CATEGORY_NM":"Interstate Ramp","MPO_ID":"NOVA","AREA_TYPE_ID":"U"}},{"type":"Feature","geometry":{"type":"Point","coordinates":[-77.49237518259822,37.9516761707168]},"properties":{"OBJECTID":249,"RTE_NM":"R-VA   SR00194NB      RMP002.00A","TYPE":"END","RAMP_TYPE":"ON-RAMP","TERMINAL_SIDE":"END","RTE_CATEGORY_NM":"Interstate Ramp","MPO_ID":"HAMP","AREA_TYPE_ID":"U"}},{"type":"Feature","geometry":{"type":"Point","coordinates":[-77.57549759454415,38.015197127208495]},"properties":{"OBJECTID":250,"RTE_NM":"R-VA   SR00143NB      RMP018.00B","TYPE":"END","RAMP_TYPE":"ON-RAMP","TERMINAL_SIDE":"END","RTE_CATEGORY_NM":"Interstate Ramp","MPO_ID":"HAMP","AREA_TYPE_ID":"U"}},{"type":"Feature","geometry":{"type":"Point","coordinates":[-77.8524916447506,38.14105934563425]},"properties":{"OBJECTID":256,"RTE_NM":"R-VA   SR00033EB      RMP003.00B","TYPE":"END","RAMP_TYPE":"ON-RAMP","TERMINAL_SIDE":"END","RTE_CATEGORY_NM":"Interstate Ramp","MPO_ID":"RICH","AREA_TYPE_ID":"U"}},{"type":"Feature","geometry":{"type":"Point","coordinates":[-77.87108071581876,38.16826625598072]},"properties":{"OBJECTID":267,"RTE_NM":"R-VA   SR00073EB      RMP000.00A","TYPE":"END","RAMP_TYPE":"ON-RAMP","TERMINAL_SIDE":"END","RTE_CATEGORY_NM":"Interstate Ramp","MPO_ID":"RICH","AREA_TYPE_ID":"U"}},{"type":"Feature","geometry":{"type":"Point","coordinates":[-77.86140605223798,38.11225235380685]},"properties":{"OBJECTID":268,"RTE_NM":"R-VA   SR00895WB      RMP000.00B","TYPE":"END","RAMP_TYPE":"ON-RAMP","TERMINAL_SIDE":"END","RTE_CATEGORY_NM":"Interstate Ramp","MPO_ID":"RICH","AREA_TYPE_ID":"U"}},{"type":"Feature","geometry":{"type":"Point","coordinates":[-78.02503389069194,37.91876840321994]},"properties":{"OBJECTID":280,"RTE_NM":"R-VA012SC00644UK      RMP021.00B","TYPE":"END","RAMP_TYPE":"ON-RAMP","TERMINAL_SIDE":"END","RTE_CATEGORY_NM":"Interstate Ramp","MPO_ID":null,"AREA_TYPE_ID":"R"}},{"type":"Feature","geometry":{"type":"Point","coordinates":[-77.80801758619118,38.55832479636436]},"properties":{"OBJECTID":285,"RTE_NM":"R-VA   IS00495SB      RMP048.00A","TYPE":"END","RAMP_TYPE":"ON-RAMP","TERMINAL_SIDE":"END","RTE_CATEGORY_NM":"Interstate Ramp","MPO_ID":"NOVA","AREA_TYPE_ID":"U"}},{"type":"Feature","geometry":{"type":"Point","coordinates":[-77.52083629005791,37.9865104617912]},"properties":{"OBJECTID":289,"RTE_NM":"R-VA114UR07057UK      RMP000.00B","TYPE":"END","RAMP_TYPE":"ON-RAMP","TERMINAL_SIDE":"END","RTE_CATEGORY_NM":"Interstate Ramp","MPO_ID":"HAMP","AREA_TYPE_ID":"U"}},{"type":"Feature","geometry":{"type":"Point","coordinates":[-77.85283322521452,38.14128034100553]},"properties":{"OBJECTID":290,"RTE_NM":"R-VA   IS00064EB      RMP193.00B","TYPE":"END","RAMP_TYPE":"ON-RAMP","TERMINAL_SIDE":"END","RTE_CATEGORY_NM":"Interstate Ramp","MPO_ID":"RICH","AREA_TYPE_ID":"U"}},{"type":"Feature","geometry":{"type":"Point","coordinates":[-77.5458405351079,37.979482407020335]},"properties":{"OBJECTID":296,"RTE_NM":"R-VA121UR07019UK      RMP001.00A","TYPE":"END","RAMP_TYPE":"ON-RAMP","TERMINAL_SIDE":"END","RTE_CATEGORY_NM":"Interstate Ramp","MPO_ID":"HAMP","AREA_TYPE_ID":"U"}},{"type":"Feature","geometry":{"type":"Point","coordinates":[-77.8835760345228,38.157234589355085]},"properties":{"OBJECTID":308,"RTE_NM":"R-VA   US00033WB      RMP131.00A","TYPE":"END","RAMP_TYPE":"ON-RAMP","TERMINAL_SIDE":"END","RTE_CATEGORY_NM":"Interstate Ramp","MPO_ID":"RICH","AREA_TYPE_ID":"U"}},{"type":"Feature","geometry":{"type":"Point","coordinates":[-77.84406138283765,38.162572340455526]},"properties":{"OBJECTID":317,"RTE_NM":"R-VA   US00360WB      RMP147.00B","TYPE":"END","RAMP_TYPE":"ON-RAMP","TERMINAL_SIDE":"END","RTE_CATEGORY_NM":"Interstate Ramp","MPO_ID":"RICH","AREA_TYPE_ID":"U"}},{"type":"Feature","geometry":{"type":"Point","coordinates":[-79.31312604295107,37.86473282452637]},"properties":{"OBJECTID":325,"RTE_NM":"R-VA102UR03318UK      RMP002.00B","TYPE":"END","RAMP_TYPE":"ON-RAMP","TERMINAL_SIDE":"END","RTE_CATEGORY_NM":"Interstate Ramp","MPO_ID":"BRIS","AREA_TYPE_ID":"U"}},{"type":"Feature","geometry":{"type":"Point","coordinates":[-77.90310423885684,37.99889887502494]},"properties":{"OBJECTID":334,"RTE_NM":"R-VA026SC00703UK      RMP001.00A","TYPE":"END","RAMP_TYPE":"ON-RAMP","TERMINAL_SIDE":"END","RTE_CATEGORY_NM":"Interstate Ramp","MPO_ID":null,"AREA_TYPE_ID":"R"}},{"type":"Feature","geometry":{"type":"Point","coordinates":[-77.77649401655809,38.525239768561214]},"properties":{"OBJECTID":342,"RTE_NM":"R-VA100UR06579UK      RMP000.00B","TYPE":"END","RAMP_TYPE":"ON-RAMP","TERMINAL_SIDE":"END","RTE_CATEGORY_NM":"Interstate Ramp","MPO_ID":"NOVA","AREA_TYPE_ID":"U"}},{"type":"Feature","geometry":{"type":"Point","coordinates":[-77.88813805872276,38.284790220509095]},"properties":{"OBJECTID":350,"RTE_NM":"R-VA016SC00639UK      RMP005.00A","TYPE":"END","RAMP_TYPE":"ON-RAMP","TERMINAL_SIDE":"END","RTE_CATEGORY_NM":"Interstate Ramp","MPO_ID":null,"AREA_TYPE_ID":"R"}},{"type":"Feature","geometry":{"type":"Point","coordinates":[-77.53445334019855,37.91908235946074]},"properties":{"OBJECTID":353,"RTE_NM":"R-VA124UR08540EB      RMP001.00B","TYPE":"END","RAMP_TYPE":"ON-RAMP","TERMINAL_SIDE":"END","RTE_CATEGORY_NM":"Interstate Ramp","MPO_ID":"HAMP","AREA_TYPE_ID":"U"}},{"type":"Feature","geometry":{"type":"Point","coordinates":[-78.91807010175258,37.962144512690585]},"properties":{"OBJECTID":356,"RTE_NM":"R-VA098SC00618UK      RMP005.00B","TYPE":"END","RAMP_TYPE":"ON-RAMP","TERMINAL_SIDE":"END","RTE_CATEGORY_NM":"Interstate Ramp","MPO_ID":null,"AREA_TYPE_ID":"R"}},{"type":"Feature","geometry":{"type":"Point","coordinates":[-79.15447437718609,37.91721870047407]},"properties":{"OBJECTID":365,"RTE_NM":"R-VA   US00011UK      RMP038.00B","TYPE":"END","RAMP_TYPE":"ON-RAMP","TERMINAL_SIDE":"END","RTE_CATEGORY_NM":"Interstate Ramp","MPO_ID":null,"AREA_TYPE_ID":"C"}},{"type":"Feature","geometry":{"type":"Point","coordinates":[-78.32733207470484,38.36367706395655]},"properties":{"OBJECTID":366,"RTE_NM":"R-VA   SR00256UK      RMP000.00A","TYPE":"END","RAMP_TYPE":"ON-RAMP","TERMINAL_SIDE":"END","RTE_CATEGORY_NM":"Interstate Ramp","MPO_ID":"SAW","AREA_TYPE_ID":"R"}},{"type":"Feature","geometry":{"type":"Point","coordinates":[-78.17862499577956,38.57075151775589]},"properties":{"OBJECTID":372,"RTE_NM":"R-VA085SC00651UK      RMP003.00B","TYPE":"END","RAMP_TYPE":"ON-RAMP","TERMINAL_SIDE":"END","RTE_CATEGORY_NM":"Interstate Ramp","MPO_ID":null,"AREA_TYPE_ID":"R"}},{"type":"Feature","geometry":{"type":"Point","coordinates":[-78.01109550666104,37.92607085965233]},"properties":{"OBJECTID":382,"RTE_NM":"R-VA   SR00046UK      RMP025.00A","TYPE":"END","RAMP_TYPE":"ON-RAMP","TERMINAL_SIDE":"END","RTE_CATEGORY_NM":"Interstate Ramp","MPO_ID":null,"AREA_TYPE_ID":"R"}},{"type":"Feature","geometry":{"type":"Point","coordinates":[-78.99934702976255,38.05432506027176]},"properties":{"OBJECTID":390,"RTE_NM":"R-VA   SR00598UK      RMP004.00B","TYPE":"END","RAMP_TYPE":"ON-RAMP","TERMINAL_SIDE":"END","RTE_CATEGORY_NM":"Interstate Ramp","MPO_ID":null,"AREA_TYPE_ID":"R"}},{"type":"Feature","geometry":{"type":"Point","coordinates":[-77.80991899187632,38.55052565680262]},"properties":{"OBJECTID":391,"RTE_NM":"R-VA   IS00495SB      RMP049.00A","TYPE":"END","RAMP_TYPE":"ON-RAMP","TERMINAL_SIDE":"END","RTE_CATEGORY_NM":"Interstate Ramp","MPO_ID":"NOVA","AREA_TYPE_ID":"U"}},{"type":"Feature","geometry":{"type":"Point","coordinates":[-77.7552446681799,38.54768948458986]},"properties":{"OBJECTID":401,"RTE_NM":"R-VA   IS00395SB      RMP010.00B","TYPE":"END","RAMP_TYPE":"ON-RAMP","TERMINAL_SIDE":"END","RTE_CATEGORY_NM":"Interstate Ramp","MPO_ID":"NOVA","AREA_TYPE_ID":"U"}},{"type":"Feature","geometry":{"type":"Point","coordinates":[-77.9102206417542,38.16912517158634]},"properties":{"OBJECTID":403,"RTE_NM":"R-VA043SC07514SB      RMP003.00B","TYPE":"END","RAMP_TYPE":"ON-RAMP","TERMINAL_SIDE":"END","RTE_CATEGORY_NM":"Interstate Ramp","MPO_ID":"RICH","AREA_TYPE_ID":"U"}},{"type":"Feature","geometry":{"type":"Point","coordinates":[-77.81343118072459,38.48614393202494]},"properties":{"OBJECTID":407,"RTE_NM":"R-VA   US00001SB      RMP177.00A","TYPE":"END","RAMP_TYPE":"ON-RAMP","TERMINAL_SIDE":"END","RTE_CATEGORY_NM":"Interstate Ramp","MPO_ID":"NOVA","AREA_TYPE_ID":"U"}},{"type":"Feature","geometry":{"type":"Point","coordinates":[-77.89612157564153,37.884162623071795]},"properties":{"OBJECTID":411,"RTE_NM":"R-VA   US00058EB      RMP411.00B","TYPE":"END","RAMP_TYPE":"ON-RAMP","TERMINAL_SIDE":"END","RTE_CATEGORY_NM":"Interstate Ramp","MPO_ID":null,"AREA_TYPE_ID":"R"}},{"type":"Feature","geometry":{"type":"Point","coordinates":[-77.91571949634432,38.17305254125915]},"properties":{"OBJECTID":419,"RTE_NM":"R-VA   US00250WB      RMP154.00B","TYPE":"END","RAMP_TYPE":"ON-RAMP","TERMINAL_SIDE":"END","RTE_CATEGORY_NM":"Interstate Ramp","MPO_ID":"RICH","AREA_TYPE_ID":"U"}},{"type":"Feature","geometry":{"type":"Point","coordinates":[-77.80745148633945,38.56167267070996]},"properties":{"OBJECTID":421,"RTE_NM":"R-VA   SR00123NB      RMP023.00B","TYPE":"END","RAMP_TYPE":"ON-RAMP","TERMINAL_SIDE":"END","RTE_CATEGORY_NM":"Interstate Ramp","MPO_ID":"NOVA","AREA_TYPE_ID":"U"}},{"type":"Feature","geometry":{"type":"Point","coordinates":[-77.4590760595107,37.93104753020063]},"properties":{"OBJECTID":425,"RTE_NM":"R-VA   SR00225NB      RMP000.00A","TYPE":"END","RAMP_TYPE":"ON-RAMP","TERMINAL_SIDE":"END","RTE_CATEGORY_NM":"Interstate Ramp","MPO_ID":"HAMP","AREA_TYPE_ID":"U"}},{"type":"Feature","geometry":{"type":"Point","coordinates":[-77.81806734241368,38.484879859804195]},"properties":{"OBJECTID":426,"RTE_NM":"R-VA   SR00123SB      RMP000.00B","TYPE":"END","RAMP_TYPE":"ON-RAMP","TERMINAL_SIDE":"END","RTE_CATEGORY_NM":"Interstate Ramp","MPO_ID":"NOVA","AREA_TYPE_ID":"U"}},{"type":"Feature","geometry":{"type":"Point","coordinates":[-77.55122138464127,37.93508755339267]},"properties":{"OBJECTID":427,"RTE_NM":"R-VA131UR08529SB      RMP000.00B","TYPE":"END","RAMP_TYPE":"ON-RAMP","TERMINAL_SIDE":"END","RTE_CATEGORY_NM":"Interstate Ramp","MPO_ID":"HAMP","AREA_TYPE_ID":"U"}},{"type":"Feature","geometry":{"type":"Point","coordinates":[-78.88525455315391,37.84421511329626]},"properties":{"OBJECTID":429,"RTE_NM":"R-VA017SC00620UK      RMP002.00A","TYPE":"END","RAMP_TYPE":"ON-RAMP","TERMINAL_SIDE":"END","RTE_CATEGORY_NM":"Interstate Ramp","MPO_ID":null,"AREA_TYPE_ID":"R"}},{"type":"Feature","geometry":{"type":"Point","coordinates":[-78.31943849401122,38.291446874234985]},"properties":{"OBJECTID":438,"RTE_NM":"R-VA136UR05118UK      RMP001.00B","TYPE":"END","RAMP_TYPE":"ON-RAMP","TERMINAL_SIDE":"END","RTE_CATEGORY_NM":"Interstate Ramp","MPO_ID":"SAW","AREA_TYPE_ID":"U"}},{"type":"Feature","geometry":{"type":"Point","coordinates":[-77.44781306806584,37.93270928403527]},"properties":{"OBJECTID":442,"RTE_NM":"R-VA134UR00013SB      RMP001.00A","TYPE":"END","RAMP_TYPE":"ON-RAMP","TERMINAL_SIDE":"END","RTE_CATEGORY_NM":"Interstate Ramp","MPO_ID":"HAMP","AREA_TYPE_ID":"U"}},{"type":"Feature","geometry":{"type":"Point","coordinates":[-78.07670000352233,38.55724534387562]},"properties":{"OBJECTID":446,"RTE_NM":"R-VA   SR00079UK      RMP000.00B","TYPE":"END","RAMP_TYPE":"ON-RAMP","TERMINAL_SIDE":"END","RTE_CATEGORY_NM":"Interstate Ramp","MPO_ID":null,"AREA_TYPE_ID":"C"}},{"type":"Feature","geometry":{"type":"Point","coordinates":[-78.35688389118168,38.31636359653722]},"properties":{"OBJECTID":447,"RTE_NM":"R-VA   US00250UK      RMP060.00B","TYPE":"END","RAMP_TYPE":"ON-RAMP","TERMINAL_SIDE":"END","RTE_CATEGORY_NM":"Interstate Ramp","MPO_ID":"SAW","AREA_TYPE_ID":"U"}},{"type":"Feature","geometry":{"type":"Point","coordinates":[-78.10366295918041,38.570531424266235]},"properties":{"OBJECTID":452,"RTE_NM":"R-VA   US00522NB      RMP120.00B","TYPE":"END","RAMP_TYPE":"ON-RAMP","TERMINAL_SIDE":"END","RTE_CATEGORY_NM":"Interstate Ramp","MPO_ID":null,"AREA_TYPE_ID":"C"}},{"type":"Feature","geometry":{"type":"Point","coordinates":[-77.88264155867435,38.17916118212886]},"properties":{"OBJECTID":457,"RTE_NM":"R-VA043SC07663SB      RMP005.00B","TYPE":"END","RAMP_TYPE":"ON-RAMP","TERMINAL_SIDE":"END","RTE_CATEGORY_NM":"Interstate Ramp","MPO_ID":"RICH","AREA_TYPE_ID":"U"}},{"type":"Feature","geometry":{"type":"Point","coordinates":[-77.8390481032887,38.01838588581811]},"properties":{"OBJECTID":460,"RTE_NM":"R-VA   US00301UK      RMP045.00B","TYPE":"END","RAMP_TYPE":"ON-RAMP","TERMINAL_SIDE":"END","RTE_CATEGORY_NM":"Interstate Ramp","MPO_ID":"TCAT","AREA_TYPE_ID":"R"}},{"type":"Feature","geometry":{"type":"Point","coordinates":[-79.25352343043107,37.88962485749499]},"properties":{"OBJECTID":466,"RTE_NM":"R-VA   US00011SB      RMP019.00A","TYPE":"END","RAMP_TYPE":"ON-RAMP","TERMINAL_SIDE":"END","RTE_CATEGORY_NM":"Interstate Ramp","MPO_ID":"BRIS","AREA_TYPE_ID":"U"}},{"type":"Feature","geometry":{"type":"Point","coordinates":[-77.48281351028496,37.93367769375202]},"properties":{"OBJECTID":467,"RTE_NM":"R-VA   IS00264WB      RMP013.00A","TYPE":"END","RAMP_TYPE":"ON-RAMP","TERMINAL_SIDE":"END","RTE_CATEGORY_NM":"Interstate Ramp","MPO_ID":"HAMP","AREA_TYPE_ID":"U"}},{"type":"Feature","geometry":{"type":"Point","coordinates":[-79.24307098783308,37.89659152065567]},"properties":{"OBJECTID":471,"RTE_NM":"R-VA095SC00704UK      RMP000.00B","TYPE":"END","RAMP_TYPE":"ON-RAMP","TERMINAL_SIDE":"END","RTE_CATEGORY_NM":"Interstate Ramp","MPO_ID":"BRIS","AREA_TYPE_ID":"U"}},{"type":"Feature","geometry":{"type":"Point","coordinates":[-77.89002616279645,38.35358935974572]},"properties":{"OBJECTID":478,"RTE_NM":"R-VA   US00001UK      RMP142.00B","TYPE":"END","RAMP_TYPE":"ON-RAMP","TERMINAL_SIDE":"END","RTE_CATEGORY_NM":"Interstate Ramp","MPO_ID":"FRED","AREA_TYPE_ID":"U"}},{"type":"Feature","geometry":{"type":"Point","coordinates":[-79.19083762886639,37.91018512818997]},"properties":{"OBJECTID":480,"RTE_NM":"R-VA   US00011UK      RMP030.00A","TYPE":"END","RAMP_TYPE":"ON-RAMP","TERMINAL_SIDE":"END","RTE_CATEGORY_NM":"Interstate Ramp","MPO_ID":null,"AREA_TYPE_ID":"R"}},{"type":"Feature","geometry":{"type":"Point","coordinates":[-77.64721003695816,38.085152141372916]},"properties":{"OBJECTID":483,"RTE_NM":"R-VA099SC00646UK      RMP001.00A","TYPE":"END","RAMP_TYPE":"ON-RAMP","TERMINAL_SIDE":"END","RTE_CATEGORY_NM":"Interstate Ramp","MPO_ID":"HAMP","AREA_TYPE_ID":"U"}},{"type":"Feature","geometry":{"type":"Point","coordinates":[-77.5743850410258,38.01485641888411]},"properties":{"OBJECTID":485,"RTE_NM":"R-VA   SR00143NB      RMP018.00A","TYPE":"END","RAMP_TYPE":"ON-RAMP","TERMINAL_SIDE":"END","RTE_CATEGORY_NM":"Interstate Ramp","MPO_ID":"HAMP","AREA_TYPE_ID":"U"}},{"type":"Feature","geometry":{"type":"Point","coordinates":[-77.80755975199642,38.52866138379081]},"properties":{"OBJECTID":487,"RTE_NM":"R-VA029SC00620WB      RMP017.00B","TYPE":"END","RAMP_TYPE":"ON-RAMP","TERMINAL_SIDE":"END","RTE_CATEGORY_NM":"Interstate Ramp","MPO_ID":"NOVA","AREA_TYPE_ID":"U"}},{"type":"Feature","geometry":{"type":"Point","coordinates":[-77.892830979386,38.31928945582679]},"properties":{"OBJECTID":500,"RTE_NM":"R-VA088SC00606UK      RMP020.00A","TYPE":"END","RAMP_TYPE":"ON-RAMP","TERMINAL_SIDE":"END","RTE_CATEGORY_NM":"Interstate Ramp","MPO_ID":"FRED","AREA_TYPE_ID":"R"}},{"type":"Feature","geometry":{"type":"Point","coordinates":[-78.87976891058042,37.980253676311996]},"properties":{"OBJECTID":510,"RTE_NM":"R-VA   SR00099UK      RMP005.00A","TYPE":"END","RAMP_TYPE":"ON-RAMP","TERMINAL_SIDE":"END","RTE_CATEGORY_NM":"Interstate Ramp","MPO_ID":null,"AREA_TYPE_ID":"R"}},{"type":"Feature","geometry":{"type":"Point","coordinates":[-77.86330098889091,38.42069127155516]},"properties":{"OBJECTID":552,"RTE_NM":"R-VA089SC00610EB      RMP010.00A","TYPE":"END","RAMP_TYPE":"ON-RAMP","TERMINAL_SIDE":"END","RTE_CATEGORY_NM":"Interstate Ramp","MPO_ID":"FRED","AREA_TYPE_ID":"U"}},{"type":"Feature","geometry":{"type":"Point","coordinates":[-78.70907136531967,38.049431450797705]},"properties":{"OBJECTID":558,"RTE_NM":"R-VA080SC00647UK      RMP000.00B","TYPE":"END","RAMP_TYPE":"ON-RAMP","TERMINAL_SIDE":"END","RTE_CATEGORY_NM":"Interstate Ramp","MPO_ID":"ROAN","AREA_TYPE_ID":"U"}},{"type":"Feature","geometry":{"type":"Point","coordinates":[-77.83991128638311,37.999598118790416]},"properties":{"OBJECTID":563,"RTE_NM":"R-VA   SR00035UK      RMP048.00B","TYPE":"END","RAMP_TYPE":"ON-RAMP","TERMINAL_SIDE":"END","RTE_CATEGORY_NM":"Interstate Ramp","MPO_ID":null,"AREA_TYPE_ID":"R"}},{"type":"Feature","geometry":{"type":"Point","coordinates":[-77.82896130373958,38.05691758472472]},"properties":{"OBJECTID":566,"RTE_NM":"R-VA   SR00036EB      RMP012.00B","TYPE":"END","RAMP_TYPE":"ON-RAMP","TERMINAL_SIDE":"END","RTE_CATEGORY_NM":"Interstate Ramp","MPO_ID":"TCAT","AREA_TYPE_ID":"U"}},{"type":"Feature","geometry":{"type":"Point","coordinates":[-77.55001215279938,37.97382645789425]},"properties":{"OBJECTID":592,"RTE_NM":"R-VA   SR00143UK      RMP009.00A","TYPE":"END","RAMP_TYPE":"ON-RAMP","TERMINAL_SIDE":"END","RTE_CATEGORY_NM":"Interstate Ramp","MPO_ID":"HAMP","AREA_TYPE_ID":"U"}},{"type":"Feature","geometry":{"type":"Point","coordinates":[-77.85512645760878,38.08417875691517]},"properties":{"OBJECTID":597,"RTE_NM":"R-VA   SR00010WB      RMP017.00A","TYPE":"END","RAMP_TYPE":"ON-RAMP","TERMINAL_SIDE":"END","RTE_CATEGORY_NM":"Interstate Ramp","MPO_ID":"RICH","AREA_TYPE_ID":"U"}},{"type":"Feature","geometry":{"type":"Point","coordinates":[-77.54341152934731,37.981792003359644]},"properties":{"OBJECTID":623,"RTE_NM":"R-VA114UR07025UK      RMP000.00A","TYPE":"END","RAMP_TYPE":"ON-RAMP","TERMINAL_SIDE":"END","RTE_CATEGORY_NM":"Interstate Ramp","MPO_ID":"HAMP","AREA_TYPE_ID":"U"}},{"type":"Feature","geometry":{"type":"Point","coordinates":[-79.15590777825776,37.91676005042168]},"properties":{"OBJECTID":625,"RTE_NM":"R-VA   US00011UK      RMP038.00A","TYPE":"END","RAMP_TYPE":"ON-RAMP","TERMINAL_SIDE":"END","RTE_CATEGORY_NM":"Interstate Ramp","MPO_ID":null,"AREA_TYPE_ID":"C"}},{"type":"Feature","geometry":{"type":"Point","coordinates":[-77.86636037078627,38.409209941785804]},"properties":{"OBJECTID":641,"RTE_NM":"R-VA089SC00630UK      RMP004.00B","TYPE":"END","RAMP_TYPE":"ON-RAMP","TERMINAL_SIDE":"END","RTE_CATEGORY_NM":"Interstate Ramp","MPO_ID":"FRED","AREA_TYPE_ID":"U"}},{"type":"Feature","geometry":{"type":"Point","coordinates":[-77.87150252392483,38.17020728476219]},"properties":{"OBJECTID":646,"RTE_NM":"R-VA   SR00073WB      RMP000.00B","TYPE":"END","RAMP_TYPE":"ON-RAMP","TERMINAL_SIDE":"END","RTE_CATEGORY_NM":"Interstate Ramp","MPO_ID":"RICH","AREA_TYPE_ID":"U"}},{"type":"Feature","geometry":{"type":"Point","coordinates":[-77.82895088792878,38.47162262909973]},"properties":{"OBJECTID":647,"RTE_NM":"R-VA076SC00784EB      RMP006.00B","TYPE":"END","RAMP_TYPE":"ON-RAMP","TERMINAL_SIDE":"END","RTE_CATEGORY_NM":"Interstate Ramp","MPO_ID":"NOVA","AREA_TYPE_ID":"U"}},{"type":"Feature","geometry":{"type":"Point","coordinates":[-78.98395200987582,37.96437026153171]},"properties":{"OBJECTID":652,"RTE_NM":"R-VA139UR05258UK      RMP002.00A","TYPE":"END","RAMP_TYPE":"ON-RAMP","TERMINAL_SIDE":"END","RTE_CATEGORY_NM":"Interstate Ramp","MPO_ID":null,"AREA_TYPE_ID":"C"}},{"type":"Feature","geometry":{"type":"Point","coordinates":[-77.83016269514754,38.034717109696274]},"properties":{"OBJECTID":653,"RTE_NM":"R-VA   US00460WB      RMP322.00A","TYPE":"END","RAMP_TYPE":"ON-RAMP","TERMINAL_SIDE":"END","RTE_CATEGORY_NM":"Interstate Ramp","MPO_ID":"TCAT","AREA_TYPE_ID":"U"}},{"type":"Feature","geometry":{"type":"Point","coordinates":[-77.79082449075109,38.1337048424021]},"properties":{"OBJECTID":659,"RTE_NM":"R-VA   SR00249WB      RMP000.00A","TYPE":"END","RAMP_TYPE":"ON-RAMP","TERMINAL_SIDE":"END","RTE_CATEGORY_NM":"Interstate Ramp","MPO_ID":"RICH","AREA_TYPE_ID":"R"}},{"type":"Feature","geometry":{"type":"Point","coordinates":[-77.84910403309934,37.957163088453235]},"properties":{"OBJECTID":667,"RTE_NM":"R-VA   SR00040UK      RMP196.00A","TYPE":"END","RAMP_TYPE":"ON-RAMP","TERMINAL_SIDE":"END","RTE_CATEGORY_NM":"Interstate Ramp","MPO_ID":null,"AREA_TYPE_ID":"R"}},{"type":"Feature","geometry":{"type":"Point","coordinates":[-78.24358300169564,38.49085805222547]},"properties":{"OBJECTID":674,"RTE_NM":"R-VA085SC00730UK      RMP004.00A","TYPE":"END","RAMP_TYPE":"ON-RAMP","TERMINAL_SIDE":"END","RTE_CATEGORY_NM":"Interstate Ramp","MPO_ID":null,"AREA_TYPE_ID":"R"}},{"type":"Feature","geometry":{"type":"Point","coordinates":[-77.50348285028679,37.91281402856274]},"properties":{"OBJECTID":675,"RTE_NM":"R-VA   US00013UK      RMP041.00B","TYPE":"END","RAMP_TYPE":"ON-RAMP","TERMINAL_SIDE":"END","RTE_CATEGORY_NM":"Interstate Ramp","MPO_ID":"HAMP","AREA_TYPE_ID":"U"}},{"type":"Feature","geometry":{"type":"Point","coordinates":[-78.97980973381065,37.95813578343901]},"properties":{"OBJECTID":678,"RTE_NM":"R-VA   IS00081SB      RMP073.00A","TYPE":"END","RAMP_TYPE":"ON-RAMP","TERMINAL_SIDE":"END","RTE_CATEGORY_NM":"Interstate Ramp","MPO_ID":null,"AREA_TYPE_ID":"C"}},{"type":"Feature","geometry":{"type":"Point","coordinates":[-77.88051871681745,38.17773186628256]},"properties":{"OBJECTID":680,"RTE_NM":"R-VA043SC07663NB      RMP005.00A","TYPE":"END","RAMP_TYPE":"ON-RAMP","TERMINAL_SIDE":"END","RTE_CATEGORY_NM":"Interstate Ramp","MPO_ID":"RICH","AREA_TYPE_ID":"U"}},{"type":"Feature","geometry":{"type":"Point","coordinates":[-77.89109552875185,38.371244168765514]},"properties":{"OBJECTID":684,"RTE_NM":"R-VA   SR00003WB      RMP032.00B","TYPE":"END","RAMP_TYPE":"ON-RAMP","TERMINAL_SIDE":"END","RTE_CATEGORY_NM":"Interstate Ramp","MPO_ID":"FRED","AREA_TYPE_ID":"U"}},{"type":"Feature","geometry":{"type":"Point","coordinates":[-77.79207780958986,38.55279347702294]},"properties":{"OBJECTID":694,"RTE_NM":"R-VA000SC00019WB      RMP000.00A","TYPE":"END","RAMP_TYPE":"ON-RAMP","TERMINAL_SIDE":"END","RTE_CATEGORY_NM":"Interstate Ramp","MPO_ID":"NOVA","AREA_TYPE_ID":"U"}},{"type":"Feature","geometry":{"type":"Point","coordinates":[-77.54244392433732,37.99335335109042]},"properties":{"OBJECTID":696,"RTE_NM":"R-VA   US00258UK      RMP063.00B","TYPE":"END","RAMP_TYPE":"ON-RAMP","TERMINAL_SIDE":"END","RTE_CATEGORY_NM":"Interstate Ramp","MPO_ID":"HAMP","AREA_TYPE_ID":"U"}},{"type":"Feature","geometry":{"type":"Point","coordinates":[-77.76136988870833,38.545697553352]},"properties":{"OBJECTID":703,"RTE_NM":"R-VA   IS00395SB      RMP008.00A","TYPE":"END","RAMP_TYPE":"ON-RAMP","TERMINAL_SIDE":"END","RTE_CATEGORY_NM":"Interstate Ramp","MPO_ID":"NOVA","AREA_TYPE_ID":"U"}},{"type":"Feature","geometry":{"type":"Point","coordinates":[-78.54873431337717,38.141650929101985]},"properties":{"OBJECTID":704,"RTE_NM":"R-VA011SC00614UK      RMP009.00A","TYPE":"END","RAMP_TYPE":"ON-RAMP","TERMINAL_SIDE":"END","RTE_CATEGORY_NM":"Interstate Ramp","MPO_ID":null,"AREA_TYPE_ID":"R"}},{"type":"Feature","geometry":{"type":"Point","coordinates":[-78.65072384832318,38.07158340753365]},"properties":{"OBJECTID":712,"RTE_NM":"R-VA   SR00117WB      RMP005.00A","TYPE":"END","RAMP_TYPE":"ON-RAMP","TERMINAL_SIDE":"END","RTE_CATEGORY_NM":"Interstate Ramp","MPO_ID":null,"AREA_TYPE_ID":"R"}},{"type":"Feature","geometry":{"type":"Point","coordinates":[-78.549513307963,38.14071734214376]},"properties":{"OBJECTID":722,"RTE_NM":"R-VA011SC00614UK      RMP009.00B","TYPE":"END","RAMP_TYPE":"ON-RAMP","TERMINAL_SIDE":"END","RTE_CATEGORY_NM":"Interstate Ramp","MPO_ID":null,"AREA_TYPE_ID":"R"}},{"type":"Feature","geometry":{"type":"Point","coordinates":[-77.89257023945216,38.159825398816956]},"properties":{"OBJECTID":734,"RTE_NM":"R-VA   IS00064WB      RMP183.00A","TYPE":"END","RAMP_TYPE":"ON-RAMP","TERMINAL_SIDE":"END","RTE_CATEGORY_NM":"Interstate Ramp","MPO_ID":"RICH","AREA_TYPE_ID":"U"}},{"type":"Feature","geometry":{"type":"Point","coordinates":[-78.52695056274875,38.24305300268898]},"properties":{"OBJECTID":736,"RTE_NM":"R-VA081SC00780UK      RMP000.00A","TYPE":"END","RAMP_TYPE":"ON-RAMP","TERMINAL_SIDE":"END","RTE_CATEGORY_NM":"Interstate Ramp","MPO_ID":null,"AREA_TYPE_ID":"R"}},{"type":"Feature","geometry":{"type":"Point","coordinates":[-77.75802253379396,38.54551086906202]},"properties":{"OBJECTID":738,"RTE_NM":"R-VA   IS00395SBX     RMP000.00B","TYPE":"END","RAMP_TYPE":"ON-RAMP","TERMINAL_SIDE":"END","RTE_CATEGORY_NM":"Interstate Ramp","MPO_ID":"NOVA","AREA_TYPE_ID":"U"}},{"type":"Feature","geometry":{"type":"Point","coordinates":[-78.61900841931897,38.21268219676975]},"properties":{"OBJECTID":739,"RTE_NM":"R-VA003SC00696UK      RMP000.00A","TYPE":"END","RAMP_TYPE":"ON-RAMP","TERMINAL_SIDE":"END","RTE_CATEGORY_NM":"Interstate Ramp","MPO_ID":null,"AREA_TYPE_ID":"R"}},{"type":"Feature","geometry":{"type":"Point","coordinates":[-77.80759964928316,38.56190704832235]},"properties":{"OBJECTID":741,"RTE_NM":"R-VA   SR00123SB      RMP023.00A","TYPE":"END","RAMP_TYPE":"ON-RAMP","TERMINAL_SIDE":"END","RTE_CATEGORY_NM":"Interstate Ramp","MPO_ID":"NOVA","AREA_TYPE_ID":"U"}},{"type":"Feature","geometry":{"type":"Point","coordinates":[-78.62510970423081,38.08880438351885]},"properties":{"OBJECTID":760,"RTE_NM":"R-VA   US00220SB      RMP076.00B","TYPE":"END","RAMP_TYPE":"ON-RAMP","TERMINAL_SIDE":"END","RTE_CATEGORY_NM":"Interstate Ramp","MPO_ID":"ROAN","AREA_TYPE_ID":"U"}},{"type":"Feature","geometry":{"type":"Point","coordinates":[-77.79290164989831,38.52196562322816]},"properties":{"OBJECTID":772,"RTE_NM":"R-VA   IS00495SB      RMP057.00F","TYPE":"END","RAMP_TYPE":"ON-RAMP","TERMINAL_SIDE":"END","RTE_CATEGORY_NM":"Interstate Ramp","MPO_ID":"NOVA","AREA_TYPE_ID":"U"}},{"type":"Feature","geometry":{"type":"Point","coordinates":[-77.855200890437,38.08278019136207]},"properties":{"OBJECTID":775,"RTE_NM":"R-VA   SR00010EB      RMP017.00B","TYPE":"END","RAMP_TYPE":"ON-RAMP","TERMINAL_SIDE":"END","RTE_CATEGORY_NM":"Interstate Ramp","MPO_ID":"RICH","AREA_TYPE_ID":"U"}},{"type":"Feature","geometry":{"type":"Point","coordinates":[-77.8598584590685,38.036032681356794]},"properties":{"OBJECTID":783,"RTE_NM":"R-VA123UR09011UK      RMP001.00A","TYPE":"END","RAMP_TYPE":"ON-RAMP","TERMINAL_SIDE":"END","RTE_CATEGORY_NM":"Interstate Ramp","MPO_ID":"TCAT","AREA_TYPE_ID":"U"}},{"type":"Feature","geometry":{"type":"Point","coordinates":[-77.76589400547385,38.5256051426365]},"properties":{"OBJECTID":792,"RTE_NM":"R-VA   SR00241SB      RMP001.00B","TYPE":"END","RAMP_TYPE":"ON-RAMP","TERMINAL_SIDE":"END","RTE_CATEGORY_NM":"Interstate Ramp","MPO_ID":"NOVA","AREA_TYPE_ID":"U"}},{"type":"Feature","geometry":{"type":"Point","coordinates":[-78.22705877658183,38.52312555248216]},"properties":{"OBJECTID":804,"RTE_NM":"R-VA085SC00614UK      RMP013.00A","TYPE":"END","RAMP_TYPE":"ON-RAMP","TERMINAL_SIDE":"END","RTE_CATEGORY_NM":"Interstate Ramp","MPO_ID":null,"AREA_TYPE_ID":"R"}},{"type":"Feature","geometry":{"type":"Point","coordinates":[-78.98388461521292,37.96446108246484]},"properties":{"OBJECTID":834,"RTE_NM":"R-VA139UR05258UK      RMP002.00B","TYPE":"END","RAMP_TYPE":"ON-RAMP","TERMINAL_SIDE":"END","RTE_CATEGORY_NM":"Interstate Ramp","MPO_ID":null,"AREA_TYPE_ID":"C"}},{"type":"Feature","geometry":{"type":"Point","coordinates":[-77.76013617395084,38.54588940561114]},"properties":{"OBJECTID":841,"RTE_NM":"R-VA000SC06605UK      RMP002.00A","TYPE":"END","RAMP_TYPE":"ON-RAMP","TERMINAL_SIDE":"END","RTE_CATEGORY_NM":"Interstate Ramp","MPO_ID":"NOVA","AREA_TYPE_ID":"U"}},{"type":"Feature","geometry":{"type":"Point","coordinates":[-77.50244422560087,37.911632404940285]},"properties":{"OBJECTID":844,"RTE_NM":"R-VA   US00013UK      RMP041.00A","TYPE":"END","RAMP_TYPE":"ON-RAMP","TERMINAL_SIDE":"END","RTE_CATEGORY_NM":"Interstate Ramp","MPO_ID":"HAMP","AREA_TYPE_ID":"U"}},{"type":"Feature","geometry":{"type":"Point","coordinates":[-79.098828737801,37.93310535448219]},"properties":{"OBJECTID":855,"RTE_NM":"R-VA086SC00622UK      RMP004.00B","TYPE":"END","RAMP_TYPE":"ON-RAMP","TERMINAL_SIDE":"END","RTE_CATEGORY_NM":"Interstate Ramp","MPO_ID":null,"AREA_TYPE_ID":"C"}},{"type":"Feature","geometry":{"type":"Point","coordinates":[-77.87158127139101,38.18486142520507]},"properties":{"OBJECTID":865,"RTE_NM":"R-VA042SC00656EB      RMP000.00B","TYPE":"END","RAMP_TYPE":"ON-RAMP","TERMINAL_SIDE":"END","RTE_CATEGORY_NM":"Interstate Ramp","MPO_ID":"RICH","AREA_TYPE_ID":"U"}},{"type":"Feature","geometry":{"type":"Point","coordinates":[-77.55144896980114,37.92599544042786]},"properties":{"OBJECTID":887,"RTE_NM":"R-VA   SR00337WB      RMP014.00B","TYPE":"END","RAMP_TYPE":"ON-RAMP","TERMINAL_SIDE":"END","RTE_CATEGORY_NM":"Interstate Ramp","MPO_ID":"HAMP","AREA_TYPE_ID":"U"}},{"type":"Feature","geometry":{"type":"Point","coordinates":[-77.80822192651392,38.5419583753603]},"properties":{"OBJECTID":904,"RTE_NM":"R-VA029SC00650UK      RMP002.00B","TYPE":"END","RAMP_TYPE":"ON-RAMP","TERMINAL_SIDE":"END","RTE_CATEGORY_NM":"Interstate Ramp","MPO_ID":"NOVA","AREA_TYPE_ID":"U"}},{"type":"Feature","geometry":{"type":"Point","coordinates":[-77.79776762705929,38.5073620199043]},"properties":{"OBJECTID":908,"RTE_NM":"R-VA   SR00286NB      RMP003.00A","TYPE":"END","RAMP_TYPE":"ON-RAMP","TERMINAL_SIDE":"END","RTE_CATEGORY_NM":"Interstate Ramp","MPO_ID":"NOVA","AREA_TYPE_ID":"U"}},{"type":"Feature","geometry":{"type":"Point","coordinates":[-77.80704776289683,38.56259011132631]},"properties":{"OBJECTID":914,"RTE_NM":"R-VA   SR00123SB      RMP023.00B","TYPE":"END","RAMP_TYPE":"ON-RAMP","TERMINAL_SIDE":"END","RTE_CATEGORY_NM":"Interstate Ramp","MPO_ID":"NOVA","AREA_TYPE_ID":"U"}},{"type":"Feature","geometry":{"type":"Point","coordinates":[-77.65810909376322,38.09575134554188]},"properties":{"OBJECTID":922,"RTE_NM":"R-VA   SR00030WB      RMP061.00A","TYPE":"END","RAMP_TYPE":"ON-RAMP","TERMINAL_SIDE":"END","RTE_CATEGORY_NM":"Interstate Ramp","MPO_ID":"HAMP","AREA_TYPE_ID":"R"}},{"type":"Feature","geometry":{"type":"Point","coordinates":[-78.07659919644765,38.66195715741844]},"properties":{"OBJECTID":926,"RTE_NM":"R-VA034SC00672UK      RMP005.00B","TYPE":"END","RAMP_TYPE":"ON-RAMP","TERMINAL_SIDE":"END","RTE_CATEGORY_NM":"Interstate Ramp","MPO_ID":"WINC","AREA_TYPE_ID":"U"}},{"type":"Feature","geometry":{"type":"Point","coordinates":[-77.97422185995268,38.19084671444918]},"properties":{"OBJECTID":950,"RTE_NM":"R-VA037SC00617UK      RMP000.00B","TYPE":"END","RAMP_TYPE":"ON-RAMP","TERMINAL_SIDE":"END","RTE_CATEGORY_NM":"Interstate Ramp","MPO_ID":"RICH","AREA_TYPE_ID":"R"}},{"type":"Feature","geometry":{"type":"Point","coordinates":[-77.4255270584125,37.9351624338184]},"properties":{"OBJECTID":991,"RTE_NM":"R-VA134UR00009UK      RMP000.00B","TYPE":"END","RAMP_TYPE":"ON-RAMP","TERMINAL_SIDE":"END","RTE_CATEGORY_NM":"Interstate Ramp","MPO_ID":"HAMP","AREA_TYPE_ID":"U"}},{"type":"Feature","geometry":{"type":"Point","coordinates":[-77.521949754483,37.98860894711035]},"properties":{"OBJECTID":1006,"RTE_NM":"R-VA   US00060UK      RMP274.00B","TYPE":"END","RAMP_TYPE":"ON-RAMP","TERMINAL_SIDE":"END","RTE_CATEGORY_NM":"Interstate Ramp","MPO_ID":"HAMP","AREA_TYPE_ID":"U"}},{"type":"Feature","geometry":{"type":"Point","coordinates":[-77.80834775932625,38.54144121794821]},"properties":{"OBJECTID":1015,"RTE_NM":"R-VA029SC00650NB      RMP002.00B","TYPE":"END","RAMP_TYPE":"ON-RAMP","TERMINAL_SIDE":"END","RTE_CATEGORY_NM":"Interstate Ramp","MPO_ID":"NOVA","AREA_TYPE_ID":"U"}},{"type":"Feature","geometry":{"type":"Point","coordinates":[-77.60328513503686,38.04447533812611]},"properties":{"OBJECTID":1016,"RTE_NM":"R-VA   SR00143UK      RMP027.00A","TYPE":"END","RAMP_TYPE":"ON-RAMP","TERMINAL_SIDE":"END","RTE_CATEGORY_NM":"Interstate Ramp","MPO_ID":"HAMP","AREA_TYPE_ID":"U"}},{"type":"Feature","geometry":{"type":"Point","coordinates":[-77.8530189912836,38.070742036796275]},"properties":{"OBJECTID":1017,"RTE_NM":"R-VA020SC00620WB      RMP000.00B","TYPE":"END","RAMP_TYPE":"ON-RAMP","TERMINAL_SIDE":"END","RTE_CATEGORY_NM":"Interstate Ramp","MPO_ID":"TCAT","AREA_TYPE_ID":"U"}},{"type":"Feature","geometry":{"type":"Point","coordinates":[-77.50178793348621,37.95599447180802]},"properties":{"OBJECTID":1019,"RTE_NM":"R-VA   IS00564SB      RMP000.00D","TYPE":"END","RAMP_TYPE":"ON-RAMP","TERMINAL_SIDE":"END","RTE_CATEGORY_NM":"Interstate Ramp","MPO_ID":"HAMP","AREA_TYPE_ID":"U"}},{"type":"Feature","geometry":{"type":"Point","coordinates":[-77.84835685501375,37.987129667534965]},"properties":{"OBJECTID":1024,"RTE_NM":"R-VA074SC00623UK      RMP003.00A","TYPE":"END","RAMP_TYPE":"ON-RAMP","TERMINAL_SIDE":"END","RTE_CATEGORY_NM":"Interstate Ramp","MPO_ID":null,"AREA_TYPE_ID":"R"}},{"type":"Feature","geometry":{"type":"Point","coordinates":[-77.87519800784673,38.15127179879432]},"properties":{"OBJECTID":1025,"RTE_NM":"R-VA   SR00161UK      RMP010.00A","TYPE":"END","RAMP_TYPE":"ON-RAMP","TERMINAL_SIDE":"END","RTE_CATEGORY_NM":"Interstate Ramp","MPO_ID":"RICH","AREA_TYPE_ID":"U"}},{"type":"Feature","geometry":{"type":"Point","coordinates":[-77.76384855417274,38.525141801072536]},"properties":{"OBJECTID":1030,"RTE_NM":"R-VA   SR00241NB      RMP001.00A","TYPE":"END","RAMP_TYPE":"ON-RAMP","TERMINAL_SIDE":"END","RTE_CATEGORY_NM":"Interstate Ramp","MPO_ID":"NOVA","AREA_TYPE_ID":"U"}},{"type":"Feature","geometry":{"type":"Point","coordinates":[-77.91502529830788,38.172311226730216]},"properties":{"OBJECTID":1035,"RTE_NM":"R-VA   IS00064WB      RMP178.00A","TYPE":"END","RAMP_TYPE":"ON-RAMP","TERMINAL_SIDE":"END","RTE_CATEGORY_NM":"Interstate Ramp","MPO_ID":"RICH","AREA_TYPE_ID":"U"}},{"type":"Feature","geometry":{"type":"Point","coordinates":[-79.228620995311,37.90283286427546]},"properties":{"OBJECTID":1039,"RTE_NM":"R-VA   SR00080UK      RMP000.00A","TYPE":"END","RAMP_TYPE":"ON-RAMP","TERMINAL_SIDE":"END","RTE_CATEGORY_NM":"Interstate Ramp","MPO_ID":null,"AREA_TYPE_ID":"R"}},{"type":"Feature","geometry":{"type":"Point","coordinates":[-77.90194222654556,37.999721605762474]},"properties":{"OBJECTID":1040,"RTE_NM":"R-VA026SC00703EB      RMP001.00B","TYPE":"END","RAMP_TYPE":"ON-RAMP","TERMINAL_SIDE":"END","RTE_CATEGORY_NM":"Interstate Ramp","MPO_ID":null,"AREA_TYPE_ID":"R"}},{"type":"Feature","geometry":{"type":"Point","coordinates":[-77.46037570437461,37.93113318076242]},"properties":{"OBJECTID":1042,"RTE_NM":"R-VA   SR00225SB      RMP000.00A","TYPE":"END","RAMP_TYPE":"ON-RAMP","TERMINAL_SIDE":"END","RTE_CATEGORY_NM":"Interstate Ramp","MPO_ID":"HAMP","AREA_TYPE_ID":"U"}},{"type":"Feature","geometry":{"type":"Point","coordinates":[-78.85556119212247,37.99801637903511]},"properties":{"OBJECTID":1045,"RTE_NM":"R-VA077SC00660UK      RMP006.00B","TYPE":"END","RAMP_TYPE":"ON-RAMP","TERMINAL_SIDE":"END","RTE_CATEGORY_NM":"Interstate Ramp","MPO_ID":null,"AREA_TYPE_ID":"R"}},{"type":"Feature","geometry":{"type":"Point","coordinates":[-77.78440821510887,38.52924252026522]},"properties":{"OBJECTID":1046,"RTE_NM":"R-VA   SR00236EB      RMP010.00A","TYPE":"END","RAMP_TYPE":"ON-RAMP","TERMINAL_SIDE":"END","RTE_CATEGORY_NM":"Interstate Ramp","MPO_ID":"NOVA","AREA_TYPE_ID":"U"}},{"type":"Feature","geometry":{"type":"Point","coordinates":[-77.5759216167172,38.0151030484399]},"properties":{"OBJECTID":1048,"RTE_NM":"R-VA   SR00143SB      RMP018.00A","TYPE":"END","RAMP_TYPE":"ON-RAMP","TERMINAL_SIDE":"END","RTE_CATEGORY_NM":"Interstate Ramp","MPO_ID":"HAMP","AREA_TYPE_ID":"U"}},{"type":"Feature","geometry":{"type":"Point","coordinates":[-78.64512854670923,38.06499362295154]},"properties":{"OBJECTID":1051,"RTE_NM":"R-VA   SR00101EB      RMP001.00A","TYPE":"END","RAMP_TYPE":"ON-RAMP","TERMINAL_SIDE":"END","RTE_CATEGORY_NM":"Interstate Ramp","MPO_ID":"ROAN","AREA_TYPE_ID":"U"}},{"type":"Feature","geometry":{"type":"Point","coordinates":[-78.65027835669389,38.07122157760867]},"properties":{"OBJECTID":1056,"RTE_NM":"R-VA   SR00117EB      RMP005.00B","TYPE":"END","RAMP_TYPE":"ON-RAMP","TERMINAL_SIDE":"END","RTE_CATEGORY_NM":"Interstate Ramp","MPO_ID":null,"AREA_TYPE_ID":"R"}},{"type":"Feature","geometry":{"type":"Point","coordinates":[-77.59844903901812,38.04177488619995]},"properties":{"OBJECTID":1057,"RTE_NM":"R-VA   IS00064WB      RMP247.00A","TYPE":"END","RAMP_TYPE":"ON-RAMP","TERMINAL_SIDE":"END","RTE_CATEGORY_NM":"Interstate Ramp","MPO_ID":"HAMP","AREA_TYPE_ID":"U"}},{"type":"Feature","geometry":{"type":"Point","coordinates":[-78.20575950343014,38.28340728091834]},"properties":{"OBJECTID":1069,"RTE_NM":"R-VA   US00029SB      RMP134.00A","TYPE":"END","RAMP_TYPE":"ON-RAMP","TERMINAL_SIDE":"END","RTE_CATEGORY_NM":"Interstate Ramp","MPO_ID":"CVIL","AREA_TYPE_ID":"U"}},{"type":"Feature","geometry":{"type":"Point","coordinates":[-77.50543854054139,37.91512157567768]},"properties":{"OBJECTID":1071,"RTE_NM":"R-VA131UR08598UK      RMP000.00A","TYPE":"END","RAMP_TYPE":"ON-RAMP","TERMINAL_SIDE":"END","RTE_CATEGORY_NM":"Interstate Ramp","MPO_ID":"HAMP","AREA_TYPE_ID":"U"}},{"type":"Feature","geometry":{"type":"Point","coordinates":[-77.50468900307385,37.92404840539653]},"properties":{"OBJECTID":1074,"RTE_NM":"R-VA   SR00337WB      RMP023.00A","TYPE":"END","RAMP_TYPE":"ON-RAMP","TERMINAL_SIDE":"END","RTE_CATEGORY_NM":"Interstate Ramp","MPO_ID":"HAMP","AREA_TYPE_ID":"U"}},{"type":"Feature","geometry":{"type":"Point","coordinates":[-78.22071835083769,38.52911957489288]},"properties":{"OBJECTID":1076,"RTE_NM":"R-VA   SR00185UK      RMP000.00A","TYPE":"END","RAMP_TYPE":"ON-RAMP","TERMINAL_SIDE":"END","RTE_CATEGORY_NM":"Interstate Ramp","MPO_ID":null,"AREA_TYPE_ID":"C"}},{"type":"Feature","geometry":{"type":"Point","coordinates":[-78.14585813054491,38.27694470257767]},"properties":{"OBJECTID":1078,"RTE_NM":"R-VA002SC00616UK      RMP001.00B","TYPE":"END","RAMP_TYPE":"ON-RAMP","TERMINAL_SIDE":"END","RTE_CATEGORY_NM":"Interstate Ramp","MPO_ID":"CVIL","AREA_TYPE_ID":"R"}},{"type":"Feature","geometry":{"type":"Point","coordinates":[-78.09251961087182,38.63406090716745]},"properties":{"OBJECTID":1079,"RTE_NM":"R-VA   US00050UK      RMP017.00B","TYPE":"END","RAMP_TYPE":"ON-RAMP","TERMINAL_SIDE":"END","RTE_CATEGORY_NM":"Interstate Ramp","MPO_ID":"WINC","AREA_TYPE_ID":"U"}},{"type":"Feature","geometry":{"type":"Point","coordinates":[-78.92736916972052,37.957979480395615]},"properties":{"OBJECTID":1082,"RTE_NM":"R-VA098SC00619UK      RMP026.00B","TYPE":"END","RAMP_TYPE":"ON-RAMP","TERMINAL_SIDE":"END","RTE_CATEGORY_NM":"Interstate Ramp","MPO_ID":null,"AREA_TYPE_ID":"R"}},{"type":"Feature","geometry":{"type":"Point","coordinates":[-77.9091209734958,38.1682739599257]},"properties":{"OBJECTID":1084,"RTE_NM":"R-VA043SC07514SB      RMP003.00A","TYPE":"END","RAMP_TYPE":"ON-RAMP","TERMINAL_SIDE":"END","RTE_CATEGORY_NM":"Interstate Ramp","MPO_ID":"RICH","AREA_TYPE_ID":"U"}},{"type":"Feature","geometry":{"type":"Point","coordinates":[-78.20446597062336,38.5435479916154]},"properties":{"OBJECTID":1086,"RTE_NM":"R-VA   SR00042UK      RMP270.00B","TYPE":"END","RAMP_TYPE":"ON-RAMP","TERMINAL_SIDE":"END","RTE_CATEGORY_NM":"Interstate Ramp","MPO_ID":null,"AREA_TYPE_ID":"C"}},{"type":"Feature","geometry":{"type":"Point","coordinates":[-77.83372643986274,38.08065480692651]},"properties":{"OBJECTID":1088,"RTE_NM":"R-VA   SR00010WB      RMP021.00A","TYPE":"END","RAMP_TYPE":"ON-RAMP","TERMINAL_SIDE":"END","RTE_CATEGORY_NM":"Interstate Ramp","MPO_ID":"RICH","AREA_TYPE_ID":"U"}},{"type":"Feature","geometry":{"type":"Point","coordinates":[-77.49073385355175,37.91496821814195]},"properties":{"OBJECTID":1089,"RTE_NM":"R-VA131UR08665EB      RMP001.00A","TYPE":"END","RAMP_TYPE":"ON-RAMP","TERMINAL_SIDE":"END","RTE_CATEGORY_NM":"Interstate Ramp","MPO_ID":"HAMP","AREA_TYPE_ID":"U"}},{"type":"Feature","geometry":{"type":"Point","coordinates":[-77.8196915298236,38.14324770586445]},"properties":{"OBJECTID":1092,"RTE_NM":"R-VA   SR00156NB      RMP050.00B","TYPE":"END","RAMP_TYPE":"ON-RAMP","TERMINAL_SIDE":"END","RTE_CATEGORY_NM":"Interstate Ramp","MPO_ID":"RICH","AREA_TYPE_ID":"U"}},{"type":"Feature","geometry":{"type":"Point","coordinates":[-78.96226611839117,37.954482439079705]},"properties":{"OBJECTID":1095,"RTE_NM":"R-VA   FR00326UK      RMP000.00B","TYPE":"END","RAMP_TYPE":"ON-RAMP","TERMINAL_SIDE":"END","RTE_CATEGORY_NM":"Interstate Ramp","MPO_ID":null,"AREA_TYPE_ID":"R"}},{"type":"Feature","geometry":{"type":"Point","coordinates":[-77.90264381162038,38.165066188481696]},"properties":{"OBJECTID":1109,"RTE_NM":"R-VA043SC07518SB      RMP004.00A","TYPE":"END","RAMP_TYPE":"ON-RAMP","TERMINAL_SIDE":"END","RTE_CATEGORY_NM":"Interstate Ramp","MPO_ID":"RICH","AREA_TYPE_ID":"U"}},{"type":"Feature","geometry":{"type":"Point","coordinates":[-77.87985455522902,38.148078680525046]},"properties":{"OBJECTID":1112,"RTE_NM":"R-VA127UR07631UK      RMP001.00A","TYPE":"END","RAMP_TYPE":"ON-RAMP","TERMINAL_SIDE":"END","RTE_CATEGORY_NM":"Interstate Ramp","MPO_ID":"RICH","AREA_TYPE_ID":"U"}},{"type":"Feature","geometry":{"type":"Point","coordinates":[-77.91499828596916,38.17222313766776]},"properties":{"OBJECTID":1115,"RTE_NM":"R-VA   IS00064EB      RMP178.00B","TYPE":"END","RAMP_TYPE":"ON-RAMP","TERMINAL_SIDE":"END","RTE_CATEGORY_NM":"Interstate Ramp","MPO_ID":"RICH","AREA_TYPE_ID":"U"}},{"type":"Feature","geometry":{"type":"Point","coordinates":[-79.12904997575174,37.921072652626535]},"properties":{"OBJECTID":1116,"RTE_NM":"R-VA086SC00730UK      RMP000.00A","TYPE":"END","RAMP_TYPE":"ON-RAMP","TERMINAL_SIDE":"END","RTE_CATEGORY_NM":"Interstate Ramp","MPO_ID":null,"AREA_TYPE_ID":"C"}},{"type":"Feature","geometry":{"type":"Point","coordinates":[-77.98000889996287,38.537356024766346]},"properties":{"OBJECTID":1117,"RTE_NM":"R-VA   SR00245UK      RMP002.00A","TYPE":"END","RAMP_TYPE":"ON-RAMP","TERMINAL_SIDE":"END","RTE_CATEGORY_NM":"Interstate Ramp","MPO_ID":null,"AREA_TYPE_ID":"R"}},{"type":"Feature","geometry":{"type":"Point","coordinates":[-78.30157697981416,38.410343818745275]},"properties":{"OBJECTID":1121,"RTE_NM":"R-VA   US00033WB      RMP023.00B","TYPE":"END","RAMP_TYPE":"ON-RAMP","TERMINAL_SIDE":"END","RTE_CATEGORY_NM":"Interstate Ramp","MPO_ID":"HAR","AREA_TYPE_ID":"U"}},{"type":"Feature","geometry":{"type":"Point","coordinates":[-78.91072888056569,37.906149384893276]},"properties":{"OBJECTID":1122,"RTE_NM":"R-VA017SC00620UK      RMP022.00A","TYPE":"END","RAMP_TYPE":"ON-RAMP","TERMINAL_SIDE":"END","RTE_CATEGORY_NM":"Interstate Ramp","MPO_ID":null,"AREA_TYPE_ID":"R"}},{"type":"Feature","geometry":{"type":"Point","coordinates":[-77.79146456600925,38.52501335905725]},"properties":{"OBJECTID":1124,"RTE_NM":"R-VA029SC00648EB      RMP001.00A","TYPE":"END","RAMP_TYPE":"ON-RAMP","TERMINAL_SIDE":"END","RTE_CATEGORY_NM":"Interstate Ramp","MPO_ID":"NOVA","AREA_TYPE_ID":"U"}},{"type":"Feature","geometry":{"type":"Point","coordinates":[-79.28585910964244,37.879613672522446]},"properties":{"OBJECTID":1129,"RTE_NM":"R-VA095SC00611UK      RMP001.00A","TYPE":"END","RAMP_TYPE":"ON-RAMP","TERMINAL_SIDE":"END","RTE_CATEGORY_NM":"Interstate Ramp","MPO_ID":"BRIS","AREA_TYPE_ID":"U"}},{"type":"Feature","geometry":{"type":"Point","coordinates":[-77.82254724344489,38.5484333618619]},"properties":{"OBJECTID":1139,"RTE_NM":"R-VA   SR00243NB      RMP000.00B","TYPE":"END","RAMP_TYPE":"ON-RAMP","TERMINAL_SIDE":"END","RTE_CATEGORY_NM":"Interstate Ramp","MPO_ID":"NOVA","AREA_TYPE_ID":"U"}},{"type":"Feature","geometry":{"type":"Point","coordinates":[-78.83173316152131,38.00044001786517]},"properties":{"OBJECTID":1140,"RTE_NM":"R-VA   SR00232UK      RMP000.00A","TYPE":"END","RAMP_TYPE":"ON-RAMP","TERMINAL_SIDE":"END","RTE_CATEGORY_NM":"Interstate Ramp","MPO_ID":"NRV","AREA_TYPE_ID":"R"}},{"type":"Feature","geometry":{"type":"Point","coordinates":[-78.68875339781111,38.22108571410179]},"properties":{"OBJECTID":1142,"RTE_NM":"R-VA003SC00661UK      RMP002.00A","TYPE":"END","RAMP_TYPE":"ON-RAMP","TERMINAL_SIDE":"END","RTE_CATEGORY_NM":"Interstate Ramp","MPO_ID":null,"AREA_TYPE_ID":"R"}},{"type":"Feature","geometry":{"type":"Point","coordinates":[-77.80262684102026,38.55426885034373]},"properties":{"OBJECTID":1143,"RTE_NM":"R-VA   SR00007EB      RMP062.00A","TYPE":"END","RAMP_TYPE":"ON-RAMP","TERMINAL_SIDE":"END","RTE_CATEGORY_NM":"Interstate Ramp","MPO_ID":"NOVA","AREA_TYPE_ID":"U"}},{"type":"Feature","geometry":{"type":"Point","coordinates":[-78.21853994205611,38.53079741997566]},"properties":{"OBJECTID":1147,"RTE_NM":"R-VA   SR00185UK      RMP000.00B","TYPE":"END","RAMP_TYPE":"ON-RAMP","TERMINAL_SIDE":"END","RTE_CATEGORY_NM":"Interstate Ramp","MPO_ID":null,"AREA_TYPE_ID":"C"}},{"type":"Feature","geometry":{"type":"Point","coordinates":[-78.92589031306858,37.95819914038056]},"properties":{"OBJECTID":1151,"RTE_NM":"R-VA098SC00619UK      RMP026.00A","TYPE":"END","RAMP_TYPE":"ON-RAMP","TERMINAL_SIDE":"END","RTE_CATEGORY_NM":"Interstate Ramp","MPO_ID":null,"AREA_TYPE_ID":"R"}},{"type":"Feature","geometry":{"type":"Point","coordinates":[-78.87501345196985,37.8743090695347]},"properties":{"OBJECTID":1154,"RTE_NM":"R-VA   SR00148UK      RMP000.00B","TYPE":"END","RAMP_TYPE":"ON-RAMP","TERMINAL_SIDE":"END","RTE_CATEGORY_NM":"Interstate Ramp","MPO_ID":null,"AREA_TYPE_ID":"R"}},{"type":"Feature","geometry":{"type":"Point","coordinates":[-78.30332698089936,38.40953785392242]},"properties":{"OBJECTID":1158,"RTE_NM":"R-VA   US00033EB      RMP023.00A","TYPE":"END","RAMP_TYPE":"ON-RAMP","TERMINAL_SIDE":"END","RTE_CATEGORY_NM":"Interstate Ramp","MPO_ID":"HAR","AREA_TYPE_ID":"U"}},{"type":"Feature","geometry":{"type":"Point","coordinates":[-77.41740673193901,37.93589027745246]},"properties":{"OBJECTID":1162,"RTE_NM":"R-VA134UR08723SB      RMP003.00A","TYPE":"END","RAMP_TYPE":"ON-RAMP","TERMINAL_SIDE":"END","RTE_CATEGORY_NM":"Interstate Ramp","MPO_ID":"HAMP","AREA_TYPE_ID":"U"}},{"type":"Feature","geometry":{"type":"Point","coordinates":[-77.53322608285522,37.990190967830365]},"properties":{"OBJECTID":1166,"RTE_NM":"R-VA   SR00134UK      RMP010.00A","TYPE":"END","RAMP_TYPE":"ON-RAMP","TERMINAL_SIDE":"END","RTE_CATEGORY_NM":"Interstate Ramp","MPO_ID":"HAMP","AREA_TYPE_ID":"U"}},{"type":"Feature","geometry":{"type":"Point","coordinates":[-79.31147816356005,37.86530738909131]},"properties":{"OBJECTID":1167,"RTE_NM":"R-VA102UR03318UK      RMP002.00A","TYPE":"END","RAMP_TYPE":"ON-RAMP","TERMINAL_SIDE":"END","RTE_CATEGORY_NM":"Interstate Ramp","MPO_ID":"BRIS","AREA_TYPE_ID":"U"}},{"type":"Feature","geometry":{"type":"Point","coordinates":[-77.55103460589568,37.945198498654506]},"properties":{"OBJECTID":1170,"RTE_NM":"R-VA   SR00135SB      RMP001.00A","TYPE":"END","RAMP_TYPE":"ON-RAMP","TERMINAL_SIDE":"END","RTE_CATEGORY_NM":"Interstate Ramp","MPO_ID":"HAMP","AREA_TYPE_ID":"U"}},{"type":"Feature","geometry":{"type":"Point","coordinates":[-77.49678071361035,37.93401853509711]},"properties":{"OBJECTID":1177,"RTE_NM":"R-VA   SR00405UK      RMP000.00B","TYPE":"END","RAMP_TYPE":"ON-RAMP","TERMINAL_SIDE":"END","RTE_CATEGORY_NM":"Interstate Ramp","MPO_ID":"HAMP","AREA_TYPE_ID":"U"}},{"type":"Feature","geometry":{"type":"Point","coordinates":[-77.84891954758643,38.041728712844844]},"properties":{"OBJECTID":1178,"RTE_NM":"R-VA   IS00085NB      RMP068.00A","TYPE":"END","RAMP_TYPE":"ON-RAMP","TERMINAL_SIDE":"END","RTE_CATEGORY_NM":"Interstate Ramp","MPO_ID":"TCAT","AREA_TYPE_ID":"U"}},{"type":"Feature","geometry":{"type":"Point","coordinates":[-77.82362814687929,38.54831190360472]},"properties":{"OBJECTID":1180,"RTE_NM":"R-VA   SR00243SB      RMP000.00B","TYPE":"END","RAMP_TYPE":"ON-RAMP","TERMINAL_SIDE":"END","RTE_CATEGORY_NM":"Interstate Ramp","MPO_ID":"NOVA","AREA_TYPE_ID":"U"}},{"type":"Feature","geometry":{"type":"Point","coordinates":[-77.89694569222107,38.18253799625429]},"properties":{"OBJECTID":1183,"RTE_NM":"R-VA   US00033WB      RMP125.00B","TYPE":"END","RAMP_TYPE":"ON-RAMP","TERMINAL_SIDE":"END","RTE_CATEGORY_NM":"Interstate Ramp","MPO_ID":"RICH","AREA_TYPE_ID":"U"}},{"type":"Feature","geometry":{"type":"Point","coordinates":[-77.82866727584103,38.035355561453464]},"properties":{"OBJECTID":1186,"RTE_NM":"R-VA   US00460WB      RMP322.00B","TYPE":"END","RAMP_TYPE":"ON-RAMP","TERMINAL_SIDE":"END","RTE_CATEGORY_NM":"Interstate Ramp","MPO_ID":"TCAT","AREA_TYPE_ID":"U"}},{"type":"Feature","geometry":{"type":"Point","coordinates":[-79.25369613017374,37.88950180240942]},"properties":{"OBJECTID":1187,"RTE_NM":"R-VA   US00011NB      RMP019.00B","TYPE":"END","RAMP_TYPE":"ON-RAMP","TERMINAL_SIDE":"END","RTE_CATEGORY_NM":"Interstate Ramp","MPO_ID":"BRIS","AREA_TYPE_ID":"U"}},{"type":"Feature","geometry":{"type":"Point","coordinates":[-77.93938024692625,38.18338025419706]},"properties":{"OBJECTID":1193,"RTE_NM":"R-VA037SC00623UK      RMP006.00B","TYPE":"END","RAMP_TYPE":"ON-RAMP","TERMINAL_SIDE":"END","RTE_CATEGORY_NM":"Interstate Ramp","MPO_ID":"RICH","AREA_TYPE_ID":"R"}},{"type":"Feature","geometry":{"type":"Point","coordinates":[-77.80060733698218,38.57259353742686]},"properties":{"OBJECTID":1202,"RTE_NM":"R-VA   SR00193UK      RMP009.00A","TYPE":"END","RAMP_TYPE":"ON-RAMP","TERMINAL_SIDE":"END","RTE_CATEGORY_NM":"Interstate Ramp","MPO_ID":"NOVA","AREA_TYPE_ID":"U"}},{"type":"Feature","geometry":{"type":"Point","coordinates":[-77.51421107942194,37.92873147214293]},"properties":{"OBJECTID":1205,"RTE_NM":"R-VA   SR00141NB      RMP001.00A","TYPE":"END","RAMP_TYPE":"ON-RAMP","TERMINAL_SIDE":"END","RTE_CATEGORY_NM":"Interstate Ramp","MPO_ID":"HAMP","AREA_TYPE_ID":"U"}},{"type":"Feature","geometry":{"type":"Point","coordinates":[-77.91111835037282,38.1793263248308]},"properties":{"OBJECTID":1215,"RTE_NM":"R-VA043SC07706WB      RMP003.00A","TYPE":"END","RAMP_TYPE":"ON-RAMP","TERMINAL_SIDE":"END","RTE_CATEGORY_NM":"Interstate Ramp","MPO_ID":"RICH","AREA_TYPE_ID":"U"}},{"type":"Feature","geometry":{"type":"Point","coordinates":[-77.83248302868627,38.03331682249306]},"properties":{"OBJECTID":1224,"RTE_NM":"R-VA   US00460EB      RMP322.00A","TYPE":"END","RAMP_TYPE":"ON-RAMP","TERMINAL_SIDE":"END","RTE_CATEGORY_NM":"Interstate Ramp","MPO_ID":"TCAT","AREA_TYPE_ID":"U"}},{"type":"Feature","geometry":{"type":"Point","coordinates":[-77.8396945263273,38.033280800082025]},"properties":{"OBJECTID":1225,"RTE_NM":"R-VA123UR09010EB      RMP000.00B","TYPE":"END","RAMP_TYPE":"ON-RAMP","TERMINAL_SIDE":"END","RTE_CATEGORY_NM":"Interstate Ramp","MPO_ID":"TCAT","AREA_TYPE_ID":"U"}},{"type":"Feature","geometry":{"type":"Point","coordinates":[-77.82839856782721,38.473034545293785]},"properties":{"OBJECTID":1228,"RTE_NM":"R-VA076SC00784WB      RMP006.00B","TYPE":"END","RAMP_TYPE":"ON-RAMP","TERMINAL_SIDE":"END","RTE_CATEGORY_NM":"Interstate Ramp","MPO_ID":"NOVA","AREA_TYPE_ID":"U"}},{"type":"Feature","geometry":{"type":"Point","coordinates":[-78.72686870243281,38.04340630614378]},"properties":{"OBJECTID":1230,"RTE_NM":"R-VA060SC00603UK      RMP011.00B","TYPE":"END","RAMP_TYPE":"ON-RAMP","TERMINAL_SIDE":"END","RTE_CATEGORY_NM":"Interstate Ramp","MPO_ID":"ROAN","AREA_TYPE_ID":"R"}},{"type":"Feature","geometry":{"type":"Point","coordinates":[-77.5053155394372,37.91649184155719]},"properties":{"OBJECTID":1231,"RTE_NM":"R-VA131UR08598UK      RMP000.00B","TYPE":"END","RAMP_TYPE":"ON-RAMP","TERMINAL_SIDE":"END","RTE_CATEGORY_NM":"Interstate Ramp","MPO_ID":"HAMP","AREA_TYPE_ID":"U"}},{"type":"Feature","geometry":{"type":"Point","coordinates":[-78.90011437462648,37.970795887403]},"properties":{"OBJECTID":1233,"RTE_NM":"R-VA   US00011SB      RMP088.00B","TYPE":"END","RAMP_TYPE":"ON-RAMP","TERMINAL_SIDE":"END","RTE_CATEGORY_NM":"Interstate Ramp","MPO_ID":null,"AREA_TYPE_ID":"R"}},{"type":"Feature","geometry":{"type":"Point","coordinates":[-79.20478703985835,37.90683235036797]},"properties":{"OBJECTID":1234,"RTE_NM":"R-VA   SR00091UK      RMP015.00A","TYPE":"END","RAMP_TYPE":"ON-RAMP","TERMINAL_SIDE":"END","RTE_CATEGORY_NM":"Interstate Ramp","MPO_ID":null,"AREA_TYPE_ID":"R"}},{"type":"Feature","geometry":{"type":"Point","coordinates":[-77.8598995823189,38.17202466743045]},"properties":{"OBJECTID":1235,"RTE_NM":"R-VA   US00301SB      RMP083.00A","TYPE":"END","RAMP_TYPE":"ON-RAMP","TERMINAL_SIDE":"END","RTE_CATEGORY_NM":"Interstate Ramp","MPO_ID":"RICH","AREA_TYPE_ID":"U"}},{"type":"Feature","geometry":{"type":"Point","coordinates":[-77.8389286329219,38.00107993552554]},"properties":{"OBJECTID":1238,"RTE_NM":"R-VA   SR00035UK      RMP048.00A","TYPE":"END","RAMP_TYPE":"ON-RAMP","TERMINAL_SIDE":"END","RTE_CATEGORY_NM":"Interstate Ramp","MPO_ID":null,"AREA_TYPE_ID":"R"}},{"type":"Feature","geometry":{"type":"Point","coordinates":[-77.83751071980049,38.54485845403877]},"properties":{"OBJECTID":1240,"RTE_NM":"R-VA   SR00123SB      RMP016.00B","TYPE":"END","RAMP_TYPE":"ON-RAMP","TERMINAL_SIDE":"END","RTE_CATEGORY_NM":"Interstate Ramp","MPO_ID":"NOVA","AREA_TYPE_ID":"U"}},{"type":"Feature","geometry":{"type":"Point","coordinates":[-77.76384855417274,38.525141801072536]},"properties":{"OBJECTID":1243,"RTE_NM":"R-VA   SR00241SB      RMP001.00A","TYPE":"END","RAMP_TYPE":"ON-RAMP","TERMINAL_SIDE":"END","RTE_CATEGORY_NM":"Interstate Ramp","MPO_ID":"NOVA","AREA_TYPE_ID":"U"}},{"type":"Feature","geometry":{"type":"Point","coordinates":[-77.49492109047424,37.93394132164842]},"properties":{"OBJECTID":1245,"RTE_NM":"R-VA   SR00405UK      RMP000.00A","TYPE":"END","RAMP_TYPE":"ON-RAMP","TERMINAL_SIDE":"END","RTE_CATEGORY_NM":"Interstate Ramp","MPO_ID":"HAMP","AREA_TYPE_ID":"U"}},{"type":"Feature","geometry":{"type":"Point","coordinates":[-77.82011441648712,38.14358475937218]},"properties":{"OBJECTID":1249,"RTE_NM":"R-VA   SR00156SB      RMP050.00A","TYPE":"END","RAMP_TYPE":"ON-RAMP","TERMINAL_SIDE":"END","RTE_CATEGORY_NM":"Interstate Ramp","MPO_ID":"RICH","AREA_TYPE_ID":"U"}},{"type":"Feature","geometry":{"type":"Point","coordinates":[-77.5340510004842,37.91939861375223]},"properties":{"OBJECTID":1253,"RTE_NM":"R-VA124UR08540WB      RMP002.00A","TYPE":"END","RAMP_TYPE":"ON-RAMP","TERMINAL_SIDE":"END","RTE_CATEGORY_NM":"Interstate Ramp","MPO_ID":"HAMP","AREA_TYPE_ID":"U"}},{"type":"Feature","geometry":{"type":"Point","coordinates":[-78.55530016469943,38.219311366679214]},"properties":{"OBJECTID":1256,"RTE_NM":"R-VA   SR00269UK      RMP006.00B","TYPE":"END","RAMP_TYPE":"ON-RAMP","TERMINAL_SIDE":"END","RTE_CATEGORY_NM":"Interstate Ramp","MPO_ID":null,"AREA_TYPE_ID":"R"}},{"type":"Feature","geometry":{"type":"Point","coordinates":[-77.44873970419431,37.9325320589061]},"properties":{"OBJECTID":1262,"RTE_NM":"R-VA134UR00013SB      RMP001.00B","TYPE":"END","RAMP_TYPE":"ON-RAMP","TERMINAL_SIDE":"END","RTE_CATEGORY_NM":"Interstate Ramp","MPO_ID":"HAMP","AREA_TYPE_ID":"U"}},{"type":"Feature","geometry":{"type":"Point","coordinates":[-77.56767243793118,38.013078508161016]},"properties":{"OBJECTID":1274,"RTE_NM":"R-VA   SR00171WB      RMP001.00A","TYPE":"END","RAMP_TYPE":"ON-RAMP","TERMINAL_SIDE":"END","RTE_CATEGORY_NM":"Interstate Ramp","MPO_ID":"HAMP","AREA_TYPE_ID":"U"}},{"type":"Feature","geometry":{"type":"Point","coordinates":[-77.55181123688924,37.93975157534212]},"properties":{"OBJECTID":1279,"RTE_NM":"R-VA   SR00164WB      RMP000.00A","TYPE":"END","RAMP_TYPE":"ON-RAMP","TERMINAL_SIDE":"END","RTE_CATEGORY_NM":"Interstate Ramp","MPO_ID":"HAMP","AREA_TYPE_ID":"U"}},{"type":"Feature","geometry":{"type":"Point","coordinates":[-77.50105400118977,37.96370006958862]},"properties":{"OBJECTID":1282,"RTE_NM":"R-VA   IS00064WB      RMP274.00A","TYPE":"END","RAMP_TYPE":"ON-RAMP","TERMINAL_SIDE":"END","RTE_CATEGORY_NM":"Interstate Ramp","MPO_ID":"HAMP","AREA_TYPE_ID":"U"}},{"type":"Feature","geometry":{"type":"Point","coordinates":[-77.89850059931143,38.18250696893448]},"properties":{"OBJECTID":1284,"RTE_NM":"R-VA   US00033WB      RMP125.00A","TYPE":"END","RAMP_TYPE":"ON-RAMP","TERMINAL_SIDE":"END","RTE_CATEGORY_NM":"Interstate Ramp","MPO_ID":"RICH","AREA_TYPE_ID":"U"}},{"type":"Feature","geometry":{"type":"Point","coordinates":[-78.9387382584754,37.956805022835646]},"properties":{"OBJECTID":1286,"RTE_NM":"R-VA   IS00081SB      RMP081.00A","TYPE":"END","RAMP_TYPE":"ON-RAMP","TERMINAL_SIDE":"END","RTE_CATEGORY_NM":"Interstate Ramp","MPO_ID":null,"AREA_TYPE_ID":"R"}},{"type":"Feature","geometry":{"type":"Point","coordinates":[-78.15498812080473,38.58605496285706]},"properties":{"OBJECTID":1288,"RTE_NM":"R-VA   SR00055UK      RMP014.00B","TYPE":"END","RAMP_TYPE":"ON-RAMP","TERMINAL_SIDE":"END","RTE_CATEGORY_NM":"Interstate Ramp","MPO_ID":null,"AREA_TYPE_ID":"C"}},{"type":"Feature","geometry":{"type":"Point","coordinates":[-77.7906118986632,38.52574214632892]},"properties":{"OBJECTID":1291,"RTE_NM":"R-VA029SC00648WB      RMP001.00A","TYPE":"END","RAMP_TYPE":"ON-RAMP","TERMINAL_SIDE":"END","RTE_CATEGORY_NM":"Interstate Ramp","MPO_ID":"NOVA","AREA_TYPE_ID":"U"}},{"type":"Feature","geometry":{"type":"Point","coordinates":[-79.25248320204143,37.8899244333671]},"properties":{"OBJECTID":1301,"RTE_NM":"R-VA   US00011SB      RMP019.00B","TYPE":"END","RAMP_TYPE":"ON-RAMP","TERMINAL_SIDE":"END","RTE_CATEGORY_NM":"Interstate Ramp","MPO_ID":"BRIS","AREA_TYPE_ID":"U"}},{"type":"Feature","geometry":{"type":"Point","coordinates":[-77.86277471241169,38.4216325887793]},"properties":{"OBJECTID":1307,"RTE_NM":"R-VA089SC00610EB      RMP010.00B","TYPE":"END","RAMP_TYPE":"ON-RAMP","TERMINAL_SIDE":"END","RTE_CATEGORY_NM":"Interstate Ramp","MPO_ID":"FRED","AREA_TYPE_ID":"U"}},{"type":"Feature","geometry":{"type":"Point","coordinates":[-77.83081886998082,38.03427151775484]},"properties":{"OBJECTID":1311,"RTE_NM":"R-VA   US00460EB      RMP322.00B","TYPE":"END","RAMP_TYPE":"ON-RAMP","TERMINAL_SIDE":"END","RTE_CATEGORY_NM":"Interstate Ramp","MPO_ID":"TCAT","AREA_TYPE_ID":"U"}},{"type":"Feature","geometry":{"type":"Point","coordinates":[-79.34424383191133,37.8575430720926]},"properties":{"OBJECTID":1321,"RTE_NM":"R-VA   US00058EB      RMP096.00B","TYPE":"END","RAMP_TYPE":"ON-RAMP","TERMINAL_SIDE":"END","RTE_CATEGORY_NM":"Interstate Ramp","MPO_ID":"BRIS","AREA_TYPE_ID":"U"}},{"type":"Feature","geometry":{"type":"Point","coordinates":[-78.07356154138647,38.55662850944187]},"properties":{"OBJECTID":1322,"RTE_NM":"R-VA   SR00079UK      RMP000.00A","TYPE":"END","RAMP_TYPE":"ON-RAMP","TERMINAL_SIDE":"END","RTE_CATEGORY_NM":"Interstate Ramp","MPO_ID":null,"AREA_TYPE_ID":"C"}},{"type":"Feature","geometry":{"type":"Point","coordinates":[-79.29963840550484,37.87150151874845]},"properties":{"OBJECTID":1324,"RTE_NM":"R-VA   FR00310UK      RMP000.00A","TYPE":"END","RAMP_TYPE":"ON-RAMP","TERMINAL_SIDE":"END","RTE_CATEGORY_NM":"Interstate Ramp","MPO_ID":"BRIS","AREA_TYPE_ID":"U"}},{"type":"Feature","geometry":{"type":"Point","coordinates":[-77.50127258837999,37.96906336340213]},"properties":{"OBJECTID":1326,"RTE_NM":"R-VA   US00060UK      RMP281.00B","TYPE":"END","RAMP_TYPE":"ON-RAMP","TERMINAL_SIDE":"END","RTE_CATEGORY_NM":"Interstate Ramp","MPO_ID":"HAMP","AREA_TYPE_ID":"U"}},{"type":"Feature","geometry":{"type":"Point","coordinates":[-77.85598666563692,38.08982419957565]},"properties":{"OBJECTID":1327,"RTE_NM":"R-VA   SR00288SB      RMP000.00A","TYPE":"END","RAMP_TYPE":"ON-RAMP","TERMINAL_SIDE":"END","RTE_CATEGORY_NM":"Interstate Ramp","MPO_ID":"RICH","AREA_TYPE_ID":"U"}},{"type":"Feature","geometry":{"type":"Point","coordinates":[-77.8644275088442,38.142205507085]},"properties":{"OBJECTID":1328,"RTE_NM":"R-VA127UR00044NB      RMP001.00B","TYPE":"END","RAMP_TYPE":"ON-RAMP","TERMINAL_SIDE":"END","RTE_CATEGORY_NM":"Interstate Ramp","MPO_ID":"RICH","AREA_TYPE_ID":"U"}},{"type":"Feature","geometry":{"type":"Point","coordinates":[-77.50065207931826,37.96701693022496]},"properties":{"OBJECTID":1330,"RTE_NM":"R-VA   US00060UK      RMP281.00A","TYPE":"END","RAMP_TYPE":"ON-RAMP","TERMINAL_SIDE":"END","RTE_CATEGORY_NM":"Interstate Ramp","MPO_ID":"HAMP","AREA_TYPE_ID":"U"}},{"type":"Feature","geometry":{"type":"Point","coordinates":[-77.76602983222655,38.53897658331177]},"properties":{"OBJECTID":1332,"RTE_NM":"R-VA   SR00120EB      RMP007.00A","TYPE":"END","RAMP_TYPE":"ON-RAMP","TERMINAL_SIDE":"END","RTE_CATEGORY_NM":"Interstate Ramp","MPO_ID":"NOVA","AREA_TYPE_ID":"U"}},{"type":"Feature","geometry":{"type":"Point","coordinates":[-78.94662062911692,37.95696756983295]},"properties":{"OBJECTID":1333,"RTE_NM":"R-VA   US00052UK      RMP036.00A","TYPE":"END","RAMP_TYPE":"ON-RAMP","TERMINAL_SIDE":"END","RTE_CATEGORY_NM":"Interstate Ramp","MPO_ID":null,"AREA_TYPE_ID":"R"}},{"type":"Feature","geometry":{"type":"Point","coordinates":[-77.80865858646904,38.55103908203948]},"properties":{"OBJECTID":1348,"RTE_NM":"R-VA   IS00495SBX     RMP004.00A","TYPE":"END","RAMP_TYPE":"ON-RAMP","TERMINAL_SIDE":"END","RTE_CATEGORY_NM":"Interstate Ramp","MPO_ID":"NOVA","AREA_TYPE_ID":"U"}},{"type":"Feature","geometry":{"type":"Point","coordinates":[-77.75907813014965,38.54557325499324]},"properties":{"OBJECTID":1360,"RTE_NM":"R-VA000SC99014UK      RMP000.00C","TYPE":"END","RAMP_TYPE":"ON-RAMP","TERMINAL_SIDE":"END","RTE_CATEGORY_NM":"Interstate Ramp","MPO_ID":"NOVA","AREA_TYPE_ID":"U"}},{"type":"Feature","geometry":{"type":"Point","coordinates":[-77.88252566406257,38.15698964868891]},"properties":{"OBJECTID":1372,"RTE_NM":"R-VA   US00033WB      RMP131.00B","TYPE":"END","RAMP_TYPE":"ON-RAMP","TERMINAL_SIDE":"END","RTE_CATEGORY_NM":"Interstate Ramp","MPO_ID":"RICH","AREA_TYPE_ID":"U"}},{"type":"Feature","geometry":{"type":"Point","coordinates":[-78.6707687040505,38.217375511977174]},"properties":{"OBJECTID":1376,"RTE_NM":"R-VA   US00060UK      RMP010.00A","TYPE":"END","RAMP_TYPE":"ON-RAMP","TERMINAL_SIDE":"END","RTE_CATEGORY_NM":"Interstate Ramp","MPO_ID":null,"AREA_TYPE_ID":"R"}},{"type":"Feature","geometry":{"type":"Point","coordinates":[-77.50079049210636,37.93366727758422]},"properties":{"OBJECTID":1378,"RTE_NM":"R-VA   US00460WB      RMP398.00A","TYPE":"END","RAMP_TYPE":"ON-RAMP","TERMINAL_SIDE":"END","RTE_CATEGORY_NM":"Interstate Ramp","MPO_ID":"HAMP","AREA_TYPE_ID":"U"}},{"type":"Feature","geometry":{"type":"Point","coordinates":[-77.87798960979624,38.15399169503638]},"properties":{"OBJECTID":1379,"RTE_NM":"R-VA   IS00064WB      RMP186.00A","TYPE":"END","RAMP_TYPE":"ON-RAMP","TERMINAL_SIDE":"END","RTE_CATEGORY_NM":"Interstate Ramp","MPO_ID":"RICH","AREA_TYPE_ID":"U"}},{"type":"Feature","geometry":{"type":"Point","coordinates":[-77.550996116338,37.97527006552388]},"properties":{"OBJECTID":1380,"RTE_NM":"R-VA   US00060UK      RMP267.00B","TYPE":"END","RAMP_TYPE":"ON-RAMP","TERMINAL_SIDE":"END","RTE_CATEGORY_NM":"Interstate Ramp","MPO_ID":"HAMP","AREA_TYPE_ID":"U"}},{"type":"Feature","geometry":{"type":"Point","coordinates":[-77.85172781900825,38.140395704212274]},"properties":{"OBJECTID":1382,"RTE_NM":"R-VA   SR00033UK      RMP003.00A","TYPE":"END","RAMP_TYPE":"ON-RAMP","TERMINAL_SIDE":"END","RTE_CATEGORY_NM":"Interstate Ramp","MPO_ID":"RICH","AREA_TYPE_ID":"U"}},{"type":"Feature","geometry":{"type":"Point","coordinates":[-77.49855889951662,37.95328968144927]},"properties":{"OBJECTID":1384,"RTE_NM":"R-VA   SR00168SB      RMP026.00B","TYPE":"END","RAMP_TYPE":"ON-RAMP","TERMINAL_SIDE":"END","RTE_CATEGORY_NM":"Interstate Ramp","MPO_ID":"HAMP","AREA_TYPE_ID":"U"}},{"type":"Feature","geometry":{"type":"Point","coordinates":[-78.14280655485797,38.27641597606193]},"properties":{"OBJECTID":1386,"RTE_NM":"R-VA002SC00616UK      RMP001.00A","TYPE":"END","RAMP_TYPE":"ON-RAMP","TERMINAL_SIDE":"END","RTE_CATEGORY_NM":"Interstate Ramp","MPO_ID":"CVIL","AREA_TYPE_ID":"R"}},{"type":"Feature","geometry":{"type":"Point","coordinates":[-77.849885417992,38.542383321536654]},"properties":{"OBJECTID":1388,"RTE_NM":"R-VA029SC07969UK      RMP001.00A","TYPE":"END","RAMP_TYPE":"ON-RAMP","TERMINAL_SIDE":"END","RTE_CATEGORY_NM":"Interstate Ramp","MPO_ID":"NOVA","AREA_TYPE_ID":"U"}},{"type":"Feature","geometry":{"type":"Point","coordinates":[-78.57817861419542,38.224260458003876]},"properties":{"OBJECTID":1391,"RTE_NM":"R-VA   SR00042UK      RMP152.00A","TYPE":"END","RAMP_TYPE":"ON-RAMP","TERMINAL_SIDE":"END","RTE_CATEGORY_NM":"Interstate Ramp","MPO_ID":null,"AREA_TYPE_ID":"R"}},{"type":"Feature","geometry":{"type":"Point","coordinates":[-77.55171558432556,37.933819274218884]},"properties":{"OBJECTID":1393,"RTE_NM":"R-VA131UR08529NB      RMP000.00B","TYPE":"END","RAMP_TYPE":"ON-RAMP","TERMINAL_SIDE":"END","RTE_CATEGORY_NM":"Interstate Ramp","MPO_ID":"HAMP","AREA_TYPE_ID":"U"}},{"type":"Feature","geometry":{"type":"Point","coordinates":[-77.91469335866958,38.1720397597365]},"properties":{"OBJECTID":1400,"RTE_NM":"R-VA   US00250EB      RMP154.00B","TYPE":"END","RAMP_TYPE":"ON-RAMP","TERMINAL_SIDE":"END","RTE_CATEGORY_NM":"Interstate Ramp","MPO_ID":"RICH","AREA_TYPE_ID":"U"}},{"type":"Feature","geometry":{"type":"Point","coordinates":[-77.80146230872184,38.57125888428396]},"properties":{"OBJECTID":1411,"RTE_NM":"R-VA   SR00193UK      RMP009.00B","TYPE":"END","RAMP_TYPE":"ON-RAMP","TERMINAL_SIDE":"END","RTE_CATEGORY_NM":"Interstate Ramp","MPO_ID":"NOVA","AREA_TYPE_ID":"U"}},{"type":"Feature","geometry":{"type":"Point","coordinates":[-77.80842596639646,38.49590940849998]},"properties":{"OBJECTID":1413,"RTE_NM":"R-VA029SC00642UK      RMP002.00A","TYPE":"END","RAMP_TYPE":"ON-RAMP","TERMINAL_SIDE":"END","RTE_CATEGORY_NM":"Interstate Ramp","MPO_ID":"NOVA","AREA_TYPE_ID":"U"}},{"type":"Feature","geometry":{"type":"Point","coordinates":[-77.8920742219983,38.15961691926468]},"properties":{"OBJECTID":1418,"RTE_NM":"R-VA043SC07536NB      RMP001.00A","TYPE":"END","RAMP_TYPE":"ON-RAMP","TERMINAL_SIDE":"END","RTE_CATEGORY_NM":"Interstate Ramp","MPO_ID":"RICH","AREA_TYPE_ID":"U"}},{"type":"Feature","geometry":{"type":"Point","coordinates":[-77.87314759777784,38.23376214621322]},"properties":{"OBJECTID":1422,"RTE_NM":"R-VA   SR00030UK      RMP000.00B","TYPE":"END","RAMP_TYPE":"ON-RAMP","TERMINAL_SIDE":"END","RTE_CATEGORY_NM":"Interstate Ramp","MPO_ID":"RICH","AREA_TYPE_ID":"R"}},{"type":"Feature","geometry":{"type":"Point","coordinates":[-77.80785324673894,38.497010854631064]},"properties":{"OBJECTID":1431,"RTE_NM":"R-VA029SC00642UK      RMP002.00B","TYPE":"END","RAMP_TYPE":"ON-RAMP","TERMINAL_SIDE":"END","RTE_CATEGORY_NM":"Interstate Ramp","MPO_ID":"NOVA","AREA_TYPE_ID":"U"}},{"type":"Feature","geometry":{"type":"Point","coordinates":[-77.87762452674511,38.154306581412655]},"properties":{"OBJECTID":1447,"RTE_NM":"R-VA   SR00197UK      RMP002.00A","TYPE":"END","RAMP_TYPE":"ON-RAMP","TERMINAL_SIDE":"END","RTE_CATEGORY_NM":"Interstate Ramp","MPO_ID":"RICH","AREA_TYPE_ID":"U"}},{"type":"Feature","geometry":{"type":"Point","coordinates":[-78.55122422024144,38.138182725454286]},"properties":{"OBJECTID":1449,"RTE_NM":"R-VA   US00011UK      RMP180.00A","TYPE":"END","RAMP_TYPE":"ON-RAMP","TERMINAL_SIDE":"END","RTE_CATEGORY_NM":"Interstate Ramp","MPO_ID":null,"AREA_TYPE_ID":"R"}},{"type":"Feature","geometry":{"type":"Point","coordinates":[-77.78727119854774,38.5278725778855]},"properties":{"OBJECTID":1459,"RTE_NM":"R-VA   IS00395SB      RMP002.00C","TYPE":"END","RAMP_TYPE":"ON-RAMP","TERMINAL_SIDE":"END","RTE_CATEGORY_NM":"Interstate Ramp","MPO_ID":"NOVA","AREA_TYPE_ID":"U"}},{"type":"Feature","geometry":{"type":"Point","coordinates":[-79.222921031697,37.90464117688807]},"properties":{"OBJECTID":1460,"RTE_NM":"R-VA095SC00737UK      RMP000.00B","TYPE":"END","RAMP_TYPE":"ON-RAMP","TERMINAL_SIDE":"END","RTE_CATEGORY_NM":"Interstate Ramp","MPO_ID":null,"AREA_TYPE_ID":"R"}},{"type":"Feature","geometry":{"type":"Point","coordinates":[-77.86167309213353,38.098149145162346]},"properties":{"OBJECTID":1464,"RTE_NM":"R-VA020SC00613UK      RMP000.00B","TYPE":"END","RAMP_TYPE":"ON-RAMP","TERMINAL_SIDE":"END","RTE_CATEGORY_NM":"Interstate Ramp","MPO_ID":"RICH","AREA_TYPE_ID":"U"}},{"type":"Feature","geometry":{"type":"Point","coordinates":[-77.86400298385496,38.137034974119786]},"properties":{"OBJECTID":1470,"RTE_NM":"R-VA   SR00195SB      RMP001.00A","TYPE":"END","RAMP_TYPE":"ON-RAMP","TERMINAL_SIDE":"END","RTE_CATEGORY_NM":"Interstate Ramp","MPO_ID":"RICH","AREA_TYPE_ID":"U"}},{"type":"Feature","geometry":{"type":"Point","coordinates":[-78.57695563186567,38.12344752809173]},"properties":{"OBJECTID":1474,"RTE_NM":"R-VA   US00011UK      RMP173.00A","TYPE":"END","RAMP_TYPE":"ON-RAMP","TERMINAL_SIDE":"END","RTE_CATEGORY_NM":"Interstate Ramp","MPO_ID":null,"AREA_TYPE_ID":"R"}},{"type":"Feature","geometry":{"type":"Point","coordinates":[-77.51767118545636,37.92807750606779]},"properties":{"OBJECTID":1475,"RTE_NM":"R-VA124UR08762UK      RMP000.00A","TYPE":"END","RAMP_TYPE":"ON-RAMP","TERMINAL_SIDE":"END","RTE_CATEGORY_NM":"Interstate Ramp","MPO_ID":"HAMP","AREA_TYPE_ID":"U"}},{"type":"Feature","geometry":{"type":"Point","coordinates":[-79.22144245486042,37.90503824481337]},"properties":{"OBJECTID":1476,"RTE_NM":"R-VA095SC00737UK      RMP000.00A","TYPE":"END","RAMP_TYPE":"ON-RAMP","TERMINAL_SIDE":"END","RTE_CATEGORY_NM":"Interstate Ramp","MPO_ID":null,"AREA_TYPE_ID":"R"}},{"type":"Feature","geometry":{"type":"Point","coordinates":[-77.5768155570246,38.01543241692255]},"properties":{"OBJECTID":1479,"RTE_NM":"R-VA   SR00143SB      RMP018.00B","TYPE":"END","RAMP_TYPE":"ON-RAMP","TERMINAL_SIDE":"END","RTE_CATEGORY_NM":"Interstate Ramp","MPO_ID":"HAMP","AREA_TYPE_ID":"U"}},{"type":"Feature","geometry":{"type":"Point","coordinates":[-79.27856583545662,37.88373222733385]},"properties":{"OBJECTID":1486,"RTE_NM":"R-VA095SC00647UK      RMP010.00B","TYPE":"END","RAMP_TYPE":"ON-RAMP","TERMINAL_SIDE":"END","RTE_CATEGORY_NM":"Interstate Ramp","MPO_ID":"BRIS","AREA_TYPE_ID":"U"}},{"type":"Feature","geometry":{"type":"Point","coordinates":[-78.30907714100346,38.408024127700166]},"properties":{"OBJECTID":1491,"RTE_NM":"R-VA115UR04105UK      RMP001.00A","TYPE":"END","RAMP_TYPE":"ON-RAMP","TERMINAL_SIDE":"END","RTE_CATEGORY_NM":"Interstate Ramp","MPO_ID":"HAR","AREA_TYPE_ID":"U"}},{"type":"Feature","geometry":{"type":"Point","coordinates":[-77.50607856934602,37.93319781430992]},"properties":{"OBJECTID":1498,"RTE_NM":"R-VA   IS00264WB      RMP010.00B","TYPE":"END","RAMP_TYPE":"ON-RAMP","TERMINAL_SIDE":"END","RTE_CATEGORY_NM":"Interstate Ramp","MPO_ID":"HAMP","AREA_TYPE_ID":"U"}},{"type":"Feature","geometry":{"type":"Point","coordinates":[-77.53210868922403,37.99042138021308]},"properties":{"OBJECTID":1501,"RTE_NM":"R-VA114UR07035WB      RMP006.00A","TYPE":"END","RAMP_TYPE":"ON-RAMP","TERMINAL_SIDE":"END","RTE_CATEGORY_NM":"Interstate Ramp","MPO_ID":"HAMP","AREA_TYPE_ID":"U"}},{"type":"Feature","geometry":{"type":"Point","coordinates":[-77.8461100620169,38.54319877097545]},"properties":{"OBJECTID":1510,"RTE_NM":"R-VA   US00050WB      RMP069.00A","TYPE":"END","RAMP_TYPE":"ON-RAMP","TERMINAL_SIDE":"END","RTE_CATEGORY_NM":"Interstate Ramp","MPO_ID":"NOVA","AREA_TYPE_ID":"U"}},{"type":"Feature","geometry":{"type":"Point","coordinates":[-77.47849845213292,37.93387006262174]},"properties":{"OBJECTID":1512,"RTE_NM":"R-VA   IS00264EB      RMP014.00B","TYPE":"END","RAMP_TYPE":"ON-RAMP","TERMINAL_SIDE":"END","RTE_CATEGORY_NM":"Interstate Ramp","MPO_ID":"HAMP","AREA_TYPE_ID":"U"}},{"type":"Feature","geometry":{"type":"Point","coordinates":[-78.91226770142222,37.907856457239305]},"properties":{"OBJECTID":1516,"RTE_NM":"R-VA017SC00620UK      RMP022.00B","TYPE":"END","RAMP_TYPE":"ON-RAMP","TERMINAL_SIDE":"END","RTE_CATEGORY_NM":"Interstate Ramp","MPO_ID":null,"AREA_TYPE_ID":"R"}},{"type":"Feature","geometry":{"type":"Point","coordinates":[-77.8759320733603,38.15614155861067]},"properties":{"OBJECTID":1523,"RTE_NM":"R-VA   SR00161UK      RMP012.00A","TYPE":"END","RAMP_TYPE":"ON-RAMP","TERMINAL_SIDE":"END","RTE_CATEGORY_NM":"Interstate Ramp","MPO_ID":"RICH","AREA_TYPE_ID":"U"}},{"type":"Feature","geometry":{"type":"Point","coordinates":[-77.49730114224472,37.952446570401925]},"properties":{"OBJECTID":1530,"RTE_NM":"R-VA   SR00168NB      RMP026.00A","TYPE":"END","RAMP_TYPE":"ON-RAMP","TERMINAL_SIDE":"END","RTE_CATEGORY_NM":"Interstate Ramp","MPO_ID":"HAMP","AREA_TYPE_ID":"U"}},{"type":"Feature","geometry":{"type":"Point","coordinates":[-77.75705710899825,38.54554560577429]},"properties":{"OBJECTID":1532,"RTE_NM":"R-VA000SC06723UK      RMP001.00A","TYPE":"END","RAMP_TYPE":"ON-RAMP","TERMINAL_SIDE":"END","RTE_CATEGORY_NM":"Interstate Ramp","MPO_ID":"NOVA","AREA_TYPE_ID":"U"}},{"type":"Feature","geometry":{"type":"Point","coordinates":[-77.45990625507864,37.93117069200492]},"properties":{"OBJECTID":1535,"RTE_NM":"R-VA   SR00225NB      RMP000.00B","TYPE":"END","RAMP_TYPE":"ON-RAMP","TERMINAL_SIDE":"END","RTE_CATEGORY_NM":"Interstate Ramp","MPO_ID":"HAMP","AREA_TYPE_ID":"U"}},{"type":"Feature","geometry":{"type":"Point","coordinates":[-77.48262605269345,37.93372822042716]},"properties":{"OBJECTID":1538,"RTE_NM":"R-VA   US00013NB      RMP047.00B","TYPE":"END","RAMP_TYPE":"ON-RAMP","TERMINAL_SIDE":"END","RTE_CATEGORY_NM":"Interstate Ramp","MPO_ID":"HAMP","AREA_TYPE_ID":"U"}},{"type":"Feature","geometry":{"type":"Point","coordinates":[-77.86536348039503,38.17424623709898]},"properties":{"OBJECTID":1543,"RTE_NM":"R-VA   IS00095SB      RMP084.00A","TYPE":"END","RAMP_TYPE":"ON-RAMP","TERMINAL_SIDE":"END","RTE_CATEGORY_NM":"Interstate Ramp","MPO_ID":"RICH","AREA_TYPE_ID":"U"}},{"type":"Feature","geometry":{"type":"Point","coordinates":[-77.85722908861163,37.931442405898075]},"properties":{"OBJECTID":1545,"RTE_NM":"R-VA091SC00645UK      RMP006.00A","TYPE":"END","RAMP_TYPE":"ON-RAMP","TERMINAL_SIDE":"END","RTE_CATEGORY_NM":"Interstate Ramp","MPO_ID":null,"AREA_TYPE_ID":"R"}},{"type":"Feature","geometry":{"type":"Point","coordinates":[-78.10444287544286,38.571027752416654]},"properties":{"OBJECTID":1553,"RTE_NM":"R-VA   US00522SB      RMP120.00B","TYPE":"END","RAMP_TYPE":"ON-RAMP","TERMINAL_SIDE":"END","RTE_CATEGORY_NM":"Interstate Ramp","MPO_ID":null,"AREA_TYPE_ID":"C"}},{"type":"Feature","geometry":{"type":"Point","coordinates":[-78.07084601892416,37.88540289702614]},"properties":{"OBJECTID":1565,"RTE_NM":"R-VA   US00058EB      RMP376.00B","TYPE":"END","RAMP_TYPE":"ON-RAMP","TERMINAL_SIDE":"END","RTE_CATEGORY_NM":"Interstate Ramp","MPO_ID":null,"AREA_TYPE_ID":"R"}},{"type":"Feature","geometry":{"type":"Point","coordinates":[-77.49955539490747,37.933792776065694]},"properties":{"OBJECTID":1569,"RTE_NM":"R-VA   US00460EB      RMP398.00A","TYPE":"END","RAMP_TYPE":"ON-RAMP","TERMINAL_SIDE":"END","RTE_CATEGORY_NM":"Interstate Ramp","MPO_ID":"HAMP","AREA_TYPE_ID":"U"}},{"type":"Feature","geometry":{"type":"Point","coordinates":[-77.903776672206,38.16565603664774]},"properties":{"OBJECTID":1580,"RTE_NM":"R-VA043SC07518UK      RMP004.00B","TYPE":"END","RAMP_TYPE":"ON-RAMP","TERMINAL_SIDE":"END","RTE_CATEGORY_NM":"Interstate Ramp","MPO_ID":"RICH","AREA_TYPE_ID":"U"}},{"type":"Feature","geometry":{"type":"Point","coordinates":[-77.87784078098984,38.53417169381344]},"properties":{"OBJECTID":1584,"RTE_NM":"R-VA   US00029NB      RMP226.00A","TYPE":"END","RAMP_TYPE":"ON-RAMP","TERMINAL_SIDE":"END","RTE_CATEGORY_NM":"Interstate Ramp","MPO_ID":"NOVA","AREA_TYPE_ID":"U"}},{"type":"Feature","geometry":{"type":"Point","coordinates":[-77.84907775136097,37.98491927786418]},"properties":{"OBJECTID":1591,"RTE_NM":"R-VA   US00301UK      RMP037.00A","TYPE":"END","RAMP_TYPE":"ON-RAMP","TERMINAL_SIDE":"END","RTE_CATEGORY_NM":"Interstate Ramp","MPO_ID":null,"AREA_TYPE_ID":"R"}},{"type":"Feature","geometry":{"type":"Point","coordinates":[-77.83242910453626,38.13718802940032]},"properties":{"OBJECTID":1595,"RTE_NM":"R-VA   SR00156SB      RMP047.00A","TYPE":"END","RAMP_TYPE":"ON-RAMP","TERMINAL_SIDE":"END","RTE_CATEGORY_NM":"Interstate Ramp","MPO_ID":"RICH","AREA_TYPE_ID":"U"}},{"type":"Feature","geometry":{"type":"Point","coordinates":[-78.3428134156974,38.30076451265015]},"properties":{"OBJECTID":1598,"RTE_NM":"R-VA   SR00285UK      RMP000.00A","TYPE":"END","RAMP_TYPE":"ON-RAMP","TERMINAL_SIDE":"END","RTE_CATEGORY_NM":"Interstate Ramp","MPO_ID":"SAW","AREA_TYPE_ID":"U"}},{"type":"Feature","geometry":{"type":"Point","coordinates":[-79.17513378145662,37.91276361419464]},"properties":{"OBJECTID":1601,"RTE_NM":"R-VA   SR00107UK      RMP000.00B","TYPE":"END","RAMP_TYPE":"ON-RAMP","TERMINAL_SIDE":"END","RTE_CATEGORY_NM":"Interstate Ramp","MPO_ID":null,"AREA_TYPE_ID":"R"}},{"type":"Feature","geometry":{"type":"Point","coordinates":[-78.92124187381535,37.92815250729355]},"properties":{"OBJECTID":1604,"RTE_NM":"R-VA   SR00069UK      RMP003.00B","TYPE":"END","RAMP_TYPE":"ON-RAMP","TERMINAL_SIDE":"END","RTE_CATEGORY_NM":"Interstate Ramp","MPO_ID":null,"AREA_TYPE_ID":"R"}},{"type":"Feature","geometry":{"type":"Point","coordinates":[-78.87933403274013,37.98151171342534]},"properties":{"OBJECTID":1606,"RTE_NM":"R-VA   SR00099WB      RMP005.00B","TYPE":"END","RAMP_TYPE":"ON-RAMP","TERMINAL_SIDE":"END","RTE_CATEGORY_NM":"Interstate Ramp","MPO_ID":null,"AREA_TYPE_ID":"R"}},{"type":"Feature","geometry":{"type":"Point","coordinates":[-78.1338997490706,38.58683537988133]},"properties":{"OBJECTID":1614,"RTE_NM":"R-VA   IS00066WB      RMP001.00A","TYPE":"END","RAMP_TYPE":"ON-RAMP","TERMINAL_SIDE":"END","RTE_CATEGORY_NM":"Interstate Ramp","MPO_ID":null,"AREA_TYPE_ID":"R"}},{"type":"Feature","geometry":{"type":"Point","coordinates":[-77.59151243799563,38.03346162520635]},"properties":{"OBJECTID":1619,"RTE_NM":"R-VA   SR00143UK      RMP023.00A","TYPE":"END","RAMP_TYPE":"ON-RAMP","TERMINAL_SIDE":"END","RTE_CATEGORY_NM":"Interstate Ramp","MPO_ID":"HAMP","AREA_TYPE_ID":"U"}},{"type":"Feature","geometry":{"type":"Point","coordinates":[-77.54443661813242,37.98087851494236]},"properties":{"OBJECTID":1621,"RTE_NM":"R-VA114UR07025UK      RMP000.00B","TYPE":"END","RAMP_TYPE":"ON-RAMP","TERMINAL_SIDE":"END","RTE_CATEGORY_NM":"Interstate Ramp","MPO_ID":"HAMP","AREA_TYPE_ID":"U"}},{"type":"Feature","geometry":{"type":"Point","coordinates":[-77.55194642689277,37.940904694826266]},"properties":{"OBJECTID":1627,"RTE_NM":"R-VA   SR00164WB      RMP000.00B","TYPE":"END","RAMP_TYPE":"ON-RAMP","TERMINAL_SIDE":"END","RTE_CATEGORY_NM":"Interstate Ramp","MPO_ID":"HAMP","AREA_TYPE_ID":"U"}},{"type":"Feature","geometry":{"type":"Point","coordinates":[-78.32675684371084,38.36531436802916]},"properties":{"OBJECTID":1629,"RTE_NM":"R-VA   SR00256UK      RMP000.00B","TYPE":"END","RAMP_TYPE":"ON-RAMP","TERMINAL_SIDE":"END","RTE_CATEGORY_NM":"Interstate Ramp","MPO_ID":"SAW","AREA_TYPE_ID":"R"}},{"type":"Feature","geometry":{"type":"Point","coordinates":[-78.63503529855602,38.05817723342933]},"properties":{"OBJECTID":1631,"RTE_NM":"R-VA   US00460WB      RMP154.00B","TYPE":"END","RAMP_TYPE":"ON-RAMP","TERMINAL_SIDE":"END","RTE_CATEGORY_NM":"Interstate Ramp","MPO_ID":"ROAN","AREA_TYPE_ID":"U"}},{"type":"Feature","geometry":{"type":"Point","coordinates":[-77.67511483978566,38.105769489039]},"properties":{"OBJECTID":1636,"RTE_NM":"R-VA   SR00030WB      RMP056.00B","TYPE":"END","RAMP_TYPE":"ON-RAMP","TERMINAL_SIDE":"END","RTE_CATEGORY_NM":"Interstate Ramp","MPO_ID":"HAMP","AREA_TYPE_ID":"U"}},{"type":"Feature","geometry":{"type":"Point","coordinates":[-77.47840680210871,37.94019816193255]},"properties":{"OBJECTID":1639,"RTE_NM":"R-VA   IS00064RV      RMP006.00A","TYPE":"END","RAMP_TYPE":"ON-RAMP","TERMINAL_SIDE":"END","RTE_CATEGORY_NM":"Interstate Ramp","MPO_ID":"HAMP","AREA_TYPE_ID":"U"}},{"type":"Feature","geometry":{"type":"Point","coordinates":[-77.88054009859432,38.143311978252946]},"properties":{"OBJECTID":1646,"RTE_NM":"R-VA127SC99056WB      RMP000.00A","TYPE":"END","RAMP_TYPE":"ON-RAMP","TERMINAL_SIDE":"END","RTE_CATEGORY_NM":"Non-Interstate Ramp","MPO_ID":"RICH","AREA_TYPE_ID":"U"}},{"type":"Feature","geometry":{"type":"Point","coordinates":[-77.92388840730042,37.984992239700844]},"properties":{"OBJECTID":1658,"RTE_NM":"R-VA026SC00650UK      RMP008.00A","TYPE":"END","RAMP_TYPE":"ON-RAMP","TERMINAL_SIDE":"END","RTE_CATEGORY_NM":"Interstate Ramp","MPO_ID":null,"AREA_TYPE_ID":"R"}},{"type":"Feature","geometry":{"type":"Point","coordinates":[-77.77251795037633,38.5353377120472]},"properties":{"OBJECTID":1666,"RTE_NM":"R-VA   SR00007EB      RMP069.00A","TYPE":"END","RAMP_TYPE":"ON-RAMP","TERMINAL_SIDE":"END","RTE_CATEGORY_NM":"Interstate Ramp","MPO_ID":"NOVA","AREA_TYPE_ID":"U"}},{"type":"Feature","geometry":{"type":"Point","coordinates":[-77.75998611559656,38.54586909912505]},"properties":{"OBJECTID":1671,"RTE_NM":"R-VA   IS00395SBX     RMP000.00A","TYPE":"END","RAMP_TYPE":"ON-RAMP","TERMINAL_SIDE":"END","RTE_CATEGORY_NM":"Interstate Ramp","MPO_ID":"NOVA","AREA_TYPE_ID":"U"}},{"type":"Feature","geometry":{"type":"Point","coordinates":[-77.94557466081885,37.96789433803463]},"properties":{"OBJECTID":1673,"RTE_NM":"R-VA   SR00040UK      RMP178.00B","TYPE":"END","RAMP_TYPE":"ON-RAMP","TERMINAL_SIDE":"END","RTE_CATEGORY_NM":"Interstate Ramp","MPO_ID":null,"AREA_TYPE_ID":"R"}},{"type":"Feature","geometry":{"type":"Point","coordinates":[-78.60631315631665,38.21902067137619]},"properties":{"OBJECTID":1676,"RTE_NM":"R-VA   US00060UKBUS001RMP000.00B","TYPE":"END","RAMP_TYPE":"ON-RAMP","TERMINAL_SIDE":"END","RTE_CATEGORY_NM":"Interstate Ramp","MPO_ID":null,"AREA_TYPE_ID":"R"}},{"type":"Feature","geometry":{"type":"Point","coordinates":[-77.89197232245947,38.320960207061816]},"properties":{"OBJECTID":1677,"RTE_NM":"R-VA088SC00606UK      RMP020.00B","TYPE":"END","RAMP_TYPE":"ON-RAMP","TERMINAL_SIDE":"END","RTE_CATEGORY_NM":"Interstate Ramp","MPO_ID":"FRED","AREA_TYPE_ID":"R"}},{"type":"Feature","geometry":{"type":"Point","coordinates":[-78.07067287926279,37.886162337583436]},"properties":{"OBJECTID":1681,"RTE_NM":"R-VA   US00058WB      RMP376.00A","TYPE":"END","RAMP_TYPE":"ON-RAMP","TERMINAL_SIDE":"END","RTE_CATEGORY_NM":"Interstate Ramp","MPO_ID":null,"AREA_TYPE_ID":"R"}},{"type":"Feature","geometry":{"type":"Point","coordinates":[-79.07741113534993,37.94100246749724]},"properties":{"OBJECTID":1684,"RTE_NM":"R-VA086SC00683UK      RMP002.00A","TYPE":"END","RAMP_TYPE":"ON-RAMP","TERMINAL_SIDE":"END","RTE_CATEGORY_NM":"Interstate Ramp","MPO_ID":null,"AREA_TYPE_ID":"R"}},{"type":"Feature","geometry":{"type":"Point","coordinates":[-79.079469147512,37.94033608122683]},"properties":{"OBJECTID":1690,"RTE_NM":"R-VA086SC00683UK      RMP002.00B","TYPE":"END","RAMP_TYPE":"ON-RAMP","TERMINAL_SIDE":"END","RTE_CATEGORY_NM":"Interstate Ramp","MPO_ID":null,"AREA_TYPE_ID":"R"}},{"type":"Feature","geometry":{"type":"Point","coordinates":[-77.90087562940472,38.00077395261982]},"properties":{"OBJECTID":1694,"RTE_NM":"R-VA026SC00703WB      RMP001.00B","TYPE":"END","RAMP_TYPE":"ON-RAMP","TERMINAL_SIDE":"END","RTE_CATEGORY_NM":"Interstate Ramp","MPO_ID":null,"AREA_TYPE_ID":"R"}},{"type":"Feature","geometry":{"type":"Point","coordinates":[-78.6859926757356,38.060918672647624]},"properties":{"OBJECTID":1697,"RTE_NM":"R-VA   SR00112UK      RMP000.00B","TYPE":"END","RAMP_TYPE":"ON-RAMP","TERMINAL_SIDE":"END","RTE_CATEGORY_NM":"Interstate Ramp","MPO_ID":"ROAN","AREA_TYPE_ID":"U"}},{"type":"Feature","geometry":{"type":"Point","coordinates":[-78.37478436454383,38.29895384461226]},"properties":{"OBJECTID":1699,"RTE_NM":"R-VA007SC00654UK      RMP000.00A","TYPE":"END","RAMP_TYPE":"ON-RAMP","TERMINAL_SIDE":"END","RTE_CATEGORY_NM":"Interstate Ramp","MPO_ID":"SAW","AREA_TYPE_ID":"R"}},{"type":"Feature","geometry":{"type":"Point","coordinates":[-77.80822840886002,38.544480566711385]},"properties":{"OBJECTID":1700,"RTE_NM":"R-VA   US00050EB      RMP076.00C","TYPE":"END","RAMP_TYPE":"ON-RAMP","TERMINAL_SIDE":"END","RTE_CATEGORY_NM":"Interstate Ramp","MPO_ID":"NOVA","AREA_TYPE_ID":"U"}},{"type":"Feature","geometry":{"type":"Point","coordinates":[-79.00431729133697,38.02845134466836]},"properties":{"OBJECTID":1703,"RTE_NM":"R-VA010SC00666UK      RMP000.00B","TYPE":"END","RAMP_TYPE":"ON-RAMP","TERMINAL_SIDE":"END","RTE_CATEGORY_NM":"Interstate Ramp","MPO_ID":null,"AREA_TYPE_ID":"R"}},{"type":"Feature","geometry":{"type":"Point","coordinates":[-77.6199839360631,38.056045581795196]},"properties":{"OBJECTID":1719,"RTE_NM":"R-VA   SR00199EB      RMP005.00A","TYPE":"END","RAMP_TYPE":"ON-RAMP","TERMINAL_SIDE":"END","RTE_CATEGORY_NM":"Interstate Ramp","MPO_ID":"HAMP","AREA_TYPE_ID":"U"}},{"type":"Feature","geometry":{"type":"Point","coordinates":[-77.80764610787584,38.5345514837495]},"properties":{"OBJECTID":1730,"RTE_NM":"R-VA   SR00236EB      RMP006.00A","TYPE":"END","RAMP_TYPE":"ON-RAMP","TERMINAL_SIDE":"END","RTE_CATEGORY_NM":"Interstate Ramp","MPO_ID":"NOVA","AREA_TYPE_ID":"U"}},{"type":"Feature","geometry":{"type":"Point","coordinates":[-78.89416894545364,37.89650262179788]},"properties":{"OBJECTID":1741,"RTE_NM":"R-VA   US00058UK      RMP201.00B","TYPE":"END","RAMP_TYPE":"ON-RAMP","TERMINAL_SIDE":"END","RTE_CATEGORY_NM":"Interstate Ramp","MPO_ID":null,"AREA_TYPE_ID":"R"}},{"type":"Feature","geometry":{"type":"Point","coordinates":[-77.87903148678404,38.26050176618458]},"properties":{"OBJECTID":1747,"RTE_NM":"R-VA   SR00207SB      RMP000.00A","TYPE":"END","RAMP_TYPE":"ON-RAMP","TERMINAL_SIDE":"END","RTE_CATEGORY_NM":"Interstate Ramp","MPO_ID":null,"AREA_TYPE_ID":"R"}},{"type":"Feature","geometry":{"type":"Point","coordinates":[-77.87776792908906,38.152361617342464]},"properties":{"OBJECTID":1758,"RTE_NM":"R-VA127UR07555UK      RMP000.00A","TYPE":"END","RAMP_TYPE":"ON-RAMP","TERMINAL_SIDE":"END","RTE_CATEGORY_NM":"Interstate Ramp","MPO_ID":"RICH","AREA_TYPE_ID":"U"}},{"type":"Feature","geometry":{"type":"Point","coordinates":[-78.67154789460352,38.2179543823354]},"properties":{"OBJECTID":1761,"RTE_NM":"R-VA   US00060UK      RMP010.00B","TYPE":"END","RAMP_TYPE":"ON-RAMP","TERMINAL_SIDE":"END","RTE_CATEGORY_NM":"Interstate Ramp","MPO_ID":null,"AREA_TYPE_ID":"R"}},{"type":"Feature","geometry":{"type":"Point","coordinates":[-77.5910633689974,38.03237437928849]},"properties":{"OBJECTID":1763,"RTE_NM":"R-VA   SR00105EB      RMP001.00B","TYPE":"END","RAMP_TYPE":"ON-RAMP","TERMINAL_SIDE":"END","RTE_CATEGORY_NM":"Interstate Ramp","MPO_ID":"HAMP","AREA_TYPE_ID":"U"}},{"type":"Feature","geometry":{"type":"Point","coordinates":[-77.84828942463915,38.168008789984135]},"properties":{"OBJECTID":1764,"RTE_NM":"R-VA042SC00627WB      RMP002.00B","TYPE":"END","RAMP_TYPE":"ON-RAMP","TERMINAL_SIDE":"END","RTE_CATEGORY_NM":"Interstate Ramp","MPO_ID":"RICH","AREA_TYPE_ID":"U"}},{"type":"Feature","geometry":{"type":"Point","coordinates":[-77.83379717756033,38.10906524172894]},"properties":{"OBJECTID":1793,"RTE_NM":"R-VA   SR00005WB      RMP008.00A","TYPE":"END","RAMP_TYPE":"ON-RAMP","TERMINAL_SIDE":"END","RTE_CATEGORY_NM":"Interstate Ramp","MPO_ID":"RICH","AREA_TYPE_ID":"U"}},{"type":"Feature","geometry":{"type":"Point","coordinates":[-77.900132817609,37.853991793374085]},"properties":{"OBJECTID":1798,"RTE_NM":"R-VA040SC00629UK      RMP004.00A","TYPE":"END","RAMP_TYPE":"ON-RAMP","TERMINAL_SIDE":"END","RTE_CATEGORY_NM":"Interstate Ramp","MPO_ID":null,"AREA_TYPE_ID":"R"}},{"type":"Feature","geometry":{"type":"Point","coordinates":[-77.54099568951004,37.99198592895614]},"properties":{"OBJECTID":1831,"RTE_NM":"R-VA   US00258EB      RMP063.00A","TYPE":"END","RAMP_TYPE":"ON-RAMP","TERMINAL_SIDE":"END","RTE_CATEGORY_NM":"Interstate Ramp","MPO_ID":"HAMP","AREA_TYPE_ID":"U"}},{"type":"Feature","geometry":{"type":"Point","coordinates":[-77.86244172357542,38.53997246994617]},"properties":{"OBJECTID":1834,"RTE_NM":"R-VA029SC00645UK      RMP005.00A","TYPE":"END","RAMP_TYPE":"ON-RAMP","TERMINAL_SIDE":"END","RTE_CATEGORY_NM":"Interstate Ramp","MPO_ID":"NOVA","AREA_TYPE_ID":"U"}},{"type":"Feature","geometry":{"type":"Point","coordinates":[-77.79442258781675,38.52231436632528]},"properties":{"OBJECTID":1841,"RTE_NM":"R-VA   IS00495SB      RMP057.00G","TYPE":"END","RAMP_TYPE":"ON-RAMP","TERMINAL_SIDE":"END","RTE_CATEGORY_NM":"Interstate Ramp","MPO_ID":"NOVA","AREA_TYPE_ID":"U"}},{"type":"Feature","geometry":{"type":"Point","coordinates":[-78.07024041267,37.886817746244645]},"properties":{"OBJECTID":1843,"RTE_NM":"R-VA   US00058WB      RMP376.00B","TYPE":"END","RAMP_TYPE":"ON-RAMP","TERMINAL_SIDE":"END","RTE_CATEGORY_NM":"Interstate Ramp","MPO_ID":null,"AREA_TYPE_ID":"R"}},{"type":"Feature","geometry":{"type":"Point","coordinates":[-78.11216789939688,38.60646859874339]},"properties":{"OBJECTID":1844,"RTE_NM":"R-VA   SR00277UK      RMP000.00A","TYPE":"END","RAMP_TYPE":"ON-RAMP","TERMINAL_SIDE":"END","RTE_CATEGORY_NM":"Interstate Ramp","MPO_ID":"WINC","AREA_TYPE_ID":"U"}},{"type":"Feature","geometry":{"type":"Point","coordinates":[-77.84281706010769,38.13774240887775]},"properties":{"OBJECTID":1846,"RTE_NM":"R-VA043SC07555NB      RMP005.00B","TYPE":"END","RAMP_TYPE":"ON-RAMP","TERMINAL_SIDE":"END","RTE_CATEGORY_NM":"Interstate Ramp","MPO_ID":"RICH","AREA_TYPE_ID":"U"}},{"type":"Feature","geometry":{"type":"Point","coordinates":[-77.53936602231218,37.98477785226433]},"properties":{"OBJECTID":1857,"RTE_NM":"R-VA114UR07059UK      RMP001.00B","TYPE":"END","RAMP_TYPE":"ON-RAMP","TERMINAL_SIDE":"END","RTE_CATEGORY_NM":"Interstate Ramp","MPO_ID":"HAMP","AREA_TYPE_ID":"U"}},{"type":"Feature","geometry":{"type":"Point","coordinates":[-77.65895551669192,38.096629374375766]},"properties":{"OBJECTID":1864,"RTE_NM":"R-VA   SR00030WB      RMP061.00B","TYPE":"END","RAMP_TYPE":"ON-RAMP","TERMINAL_SIDE":"END","RTE_CATEGORY_NM":"Interstate Ramp","MPO_ID":"HAMP","AREA_TYPE_ID":"R"}},{"type":"Feature","geometry":{"type":"Point","coordinates":[-77.80843020395864,38.54667339264041]},"properties":{"OBJECTID":1870,"RTE_NM":"R-VA   US00029UK      RMP240.00A","TYPE":"END","RAMP_TYPE":"ON-RAMP","TERMINAL_SIDE":"END","RTE_CATEGORY_NM":"Interstate Ramp","MPO_ID":"NOVA","AREA_TYPE_ID":"U"}},{"type":"Feature","geometry":{"type":"Point","coordinates":[-77.54193837310773,37.99280058921564]},"properties":{"OBJECTID":1872,"RTE_NM":"R-VA   US00258WB      RMP063.00A","TYPE":"END","RAMP_TYPE":"ON-RAMP","TERMINAL_SIDE":"END","RTE_CATEGORY_NM":"Interstate Ramp","MPO_ID":"HAMP","AREA_TYPE_ID":"U"}},{"type":"Feature","geometry":{"type":"Point","coordinates":[-77.50159931370845,37.90768971952294]},"properties":{"OBJECTID":1918,"RTE_NM":"R-VA   IS00464SB      RMP001.00B","TYPE":"END","RAMP_TYPE":"ON-RAMP","TERMINAL_SIDE":"END","RTE_CATEGORY_NM":"Interstate Ramp","MPO_ID":"HAMP","AREA_TYPE_ID":"U"}},{"type":"Feature","geometry":{"type":"Point","coordinates":[-77.97406452776308,37.94282456955941]},"properties":{"OBJECTID":1929,"RTE_NM":"R-VA012SC00630UK      RMP007.00A","TYPE":"END","RAMP_TYPE":"ON-RAMP","TERMINAL_SIDE":"END","RTE_CATEGORY_NM":"Interstate Ramp","MPO_ID":null,"AREA_TYPE_ID":"R"}},{"type":"Feature","geometry":{"type":"Point","coordinates":[-77.83957071949054,38.03290536443153]},"properties":{"OBJECTID":1935,"RTE_NM":"R-VA123UR09010EB      RMP000.00A","TYPE":"END","RAMP_TYPE":"ON-RAMP","TERMINAL_SIDE":"END","RTE_CATEGORY_NM":"Interstate Ramp","MPO_ID":"TCAT","AREA_TYPE_ID":"U"}},{"type":"Feature","geometry":{"type":"Point","coordinates":[-77.47768471748884,37.92371083779015]},"properties":{"OBJECTID":1971,"RTE_NM":"R-VA134UR00007WB      RMP001.00B","TYPE":"END","RAMP_TYPE":"ON-RAMP","TERMINAL_SIDE":"END","RTE_CATEGORY_NM":"Interstate Ramp","MPO_ID":"HAMP","AREA_TYPE_ID":"U"}},{"type":"Feature","geometry":{"type":"Point","coordinates":[-78.20462118475747,38.28286423891103]},"properties":{"OBJECTID":1974,"RTE_NM":"R-VA   US00029NB      RMP134.00A","TYPE":"END","RAMP_TYPE":"ON-RAMP","TERMINAL_SIDE":"END","RTE_CATEGORY_NM":"Interstate Ramp","MPO_ID":"CVIL","AREA_TYPE_ID":"U"}},{"type":"Feature","geometry":{"type":"Point","coordinates":[-77.87251051053815,38.23207673451446]},"properties":{"OBJECTID":1979,"RTE_NM":"R-VA   SR00030EB      RMP000.00A","TYPE":"END","RAMP_TYPE":"ON-RAMP","TERMINAL_SIDE":"END","RTE_CATEGORY_NM":"Interstate Ramp","MPO_ID":"RICH","AREA_TYPE_ID":"R"}},{"type":"Feature","geometry":{"type":"Point","coordinates":[-78.61721166049078,38.21339877567327]},"properties":{"OBJECTID":1980,"RTE_NM":"R-VA003SC00696UK      RMP000.00B","TYPE":"END","RAMP_TYPE":"ON-RAMP","TERMINAL_SIDE":"END","RTE_CATEGORY_NM":"Interstate Ramp","MPO_ID":null,"AREA_TYPE_ID":"R"}},{"type":"Feature","geometry":{"type":"Point","coordinates":[-78.19808562407403,38.279672557781]},"properties":{"OBJECTID":1982,"RTE_NM":"R-VA002SC00631UK      RMP011.00B","TYPE":"END","RAMP_TYPE":"ON-RAMP","TERMINAL_SIDE":"END","RTE_CATEGORY_NM":"Interstate Ramp","MPO_ID":"CVIL","AREA_TYPE_ID":"U"}},{"type":"Feature","geometry":{"type":"Point","coordinates":[-77.77670613041055,38.55182215717478]},"properties":{"OBJECTID":2007,"RTE_NM":"R-VA   SR00120UK      RMP003.00A","TYPE":"END","RAMP_TYPE":"ON-RAMP","TERMINAL_SIDE":"END","RTE_CATEGORY_NM":"Interstate Ramp","MPO_ID":"NOVA","AREA_TYPE_ID":"U"}},{"type":"Feature","geometry":{"type":"Point","coordinates":[-77.87289336043162,38.23304681867515]},"properties":{"OBJECTID":2008,"RTE_NM":"R-VA   SR00030WB      RMP000.00A","TYPE":"END","RAMP_TYPE":"ON-RAMP","TERMINAL_SIDE":"END","RTE_CATEGORY_NM":"Interstate Ramp","MPO_ID":"RICH","AREA_TYPE_ID":"R"}},{"type":"Feature","geometry":{"type":"Point","coordinates":[-77.49246744865813,37.951602900791535]},"properties":{"OBJECTID":2031,"RTE_NM":"R-VA   SR00194SB      RMP002.00A","TYPE":"END","RAMP_TYPE":"ON-RAMP","TERMINAL_SIDE":"END","RTE_CATEGORY_NM":"Interstate Ramp","MPO_ID":"HAMP","AREA_TYPE_ID":"U"}},{"type":"Feature","geometry":{"type":"Point","coordinates":[-77.5010285476202,37.96321117354266]},"properties":{"OBJECTID":2047,"RTE_NM":"R-VA122UR08023UK      RMP000.00A","TYPE":"END","RAMP_TYPE":"ON-RAMP","TERMINAL_SIDE":"END","RTE_CATEGORY_NM":"Interstate Ramp","MPO_ID":"HAMP","AREA_TYPE_ID":"U"}},{"type":"Feature","geometry":{"type":"Point","coordinates":[-79.3229935560773,37.86404162168881]},"properties":{"OBJECTID":2052,"RTE_NM":"R-VA   US00011UK      RMP004.00B","TYPE":"END","RAMP_TYPE":"ON-RAMP","TERMINAL_SIDE":"END","RTE_CATEGORY_NM":"Interstate Ramp","MPO_ID":"BRIS","AREA_TYPE_ID":"U"}},{"type":"Feature","geometry":{"type":"Point","coordinates":[-77.88004749174898,38.03286782925094]},"properties":{"OBJECTID":2053,"RTE_NM":"R-VA   US00460WBBUS013RMP000.00B","TYPE":"END","RAMP_TYPE":"ON-RAMP","TERMINAL_SIDE":"END","RTE_CATEGORY_NM":"Interstate Ramp","MPO_ID":"TCAT","AREA_TYPE_ID":"U"}},{"type":"Feature","geometry":{"type":"Point","coordinates":[-77.82901574579809,38.472242512993326]},"properties":{"OBJECTID":2054,"RTE_NM":"R-VA076SC00784WB      RMP006.00A","TYPE":"END","RAMP_TYPE":"ON-RAMP","TERMINAL_SIDE":"END","RTE_CATEGORY_NM":"Interstate Ramp","MPO_ID":"NOVA","AREA_TYPE_ID":"U"}},{"type":"Feature","geometry":{"type":"Point","coordinates":[-77.50027985281623,37.954805732267396]},"properties":{"OBJECTID":2065,"RTE_NM":"R-VA   SR00165UK      RMP038.00A","TYPE":"END","RAMP_TYPE":"ON-RAMP","TERMINAL_SIDE":"END","RTE_CATEGORY_NM":"Interstate Ramp","MPO_ID":"HAMP","AREA_TYPE_ID":"U"}},{"type":"Feature","geometry":{"type":"Point","coordinates":[-78.87961293546043,37.98049282874097]},"properties":{"OBJECTID":2069,"RTE_NM":"R-VA   SR00099EB      RMP005.00B","TYPE":"END","RAMP_TYPE":"ON-RAMP","TERMINAL_SIDE":"END","RTE_CATEGORY_NM":"Interstate Ramp","MPO_ID":null,"AREA_TYPE_ID":"R"}},{"type":"Feature","geometry":{"type":"Point","coordinates":[-79.24058354588821,37.897704548585835]},"properties":{"OBJECTID":2074,"RTE_NM":"R-VA095SC00704UK      RMP000.00A","TYPE":"END","RAMP_TYPE":"ON-RAMP","TERMINAL_SIDE":"END","RTE_CATEGORY_NM":"Interstate Ramp","MPO_ID":"BRIS","AREA_TYPE_ID":"U"}},{"type":"Feature","geometry":{"type":"Point","coordinates":[-77.46834427867874,37.933224080802255]},"properties":{"OBJECTID":2078,"RTE_NM":"R-VA   SR00190UK      RMP013.00B","TYPE":"END","RAMP_TYPE":"ON-RAMP","TERMINAL_SIDE":"END","RTE_CATEGORY_NM":"Interstate Ramp","MPO_ID":"HAMP","AREA_TYPE_ID":"U"}},{"type":"Feature","geometry":{"type":"Point","coordinates":[-77.50113512323647,37.9600980988303]},"properties":{"OBJECTID":2079,"RTE_NM":"R-VA   US00460UK      RMP404.00A","TYPE":"END","RAMP_TYPE":"ON-RAMP","TERMINAL_SIDE":"END","RTE_CATEGORY_NM":"Interstate Ramp","MPO_ID":"HAMP","AREA_TYPE_ID":"U"}},{"type":"Feature","geometry":{"type":"Point","coordinates":[-77.87191701589084,37.90429265634391]},"properties":{"OBJECTID":2080,"RTE_NM":"R-VA   US00301UK      RMP017.00A","TYPE":"END","RAMP_TYPE":"ON-RAMP","TERMINAL_SIDE":"END","RTE_CATEGORY_NM":"Interstate Ramp","MPO_ID":null,"AREA_TYPE_ID":"R"}},{"type":"Feature","geometry":{"type":"Point","coordinates":[-77.86754591627424,38.40789087034133]},"properties":{"OBJECTID":2081,"RTE_NM":"R-VA089SC00630UK      RMP004.00A","TYPE":"END","RAMP_TYPE":"ON-RAMP","TERMINAL_SIDE":"END","RTE_CATEGORY_NM":"Interstate Ramp","MPO_ID":"FRED","AREA_TYPE_ID":"U"}},{"type":"Feature","geometry":{"type":"Point","coordinates":[-78.3185209165538,38.29085712814498]},"properties":{"OBJECTID":2084,"RTE_NM":"R-VA136UR05118UK      RMP001.00A","TYPE":"END","RAMP_TYPE":"ON-RAMP","TERMINAL_SIDE":"END","RTE_CATEGORY_NM":"Interstate Ramp","MPO_ID":"SAW","AREA_TYPE_ID":"U"}},{"type":"Feature","geometry":{"type":"Point","coordinates":[-78.89893049906101,37.97116096087891]},"properties":{"OBJECTID":2098,"RTE_NM":"R-VA   US00011NB      RMP088.00B","TYPE":"END","RAMP_TYPE":"ON-RAMP","TERMINAL_SIDE":"END","RTE_CATEGORY_NM":"Interstate Ramp","MPO_ID":null,"AREA_TYPE_ID":"R"}},{"type":"Feature","geometry":{"type":"Point","coordinates":[-77.51987474334716,37.984872941593444]},"properties":{"OBJECTID":2101,"RTE_NM":"R-VA114UR07057UK      RMP000.00A","TYPE":"END","RAMP_TYPE":"ON-RAMP","TERMINAL_SIDE":"END","RTE_CATEGORY_NM":"Interstate Ramp","MPO_ID":"HAMP","AREA_TYPE_ID":"U"}},{"type":"Feature","geometry":{"type":"Point","coordinates":[-78.634500968162,38.05339257901234]},"properties":{"OBJECTID":2108,"RTE_NM":"R-VA   SR00024UK      RMP000.00B","TYPE":"END","RAMP_TYPE":"ON-RAMP","TERMINAL_SIDE":"END","RTE_CATEGORY_NM":"Interstate Ramp","MPO_ID":"ROAN","AREA_TYPE_ID":"U"}},{"type":"Feature","geometry":{"type":"Point","coordinates":[-78.09486959837966,38.63123727165664]},"properties":{"OBJECTID":2110,"RTE_NM":"R-VA   US00050EB      RMP017.00A","TYPE":"END","RAMP_TYPE":"ON-RAMP","TERMINAL_SIDE":"END","RTE_CATEGORY_NM":"Interstate Ramp","MPO_ID":"WINC","AREA_TYPE_ID":"U"}},{"type":"Feature","geometry":{"type":"Point","coordinates":[-78.9993479524671,38.053842316776]},"properties":{"OBJECTID":2115,"RTE_NM":"R-VA   SR00598UK      RMP004.00A","TYPE":"END","RAMP_TYPE":"ON-RAMP","TERMINAL_SIDE":"END","RTE_CATEGORY_NM":"Interstate Ramp","MPO_ID":null,"AREA_TYPE_ID":"R"}},{"type":"Feature","geometry":{"type":"Point","coordinates":[-78.09380746574833,38.63211282942138]},"properties":{"OBJECTID":2119,"RTE_NM":"R-VA   US00050WB      RMP017.00A","TYPE":"END","RAMP_TYPE":"ON-RAMP","TERMINAL_SIDE":"END","RTE_CATEGORY_NM":"Interstate Ramp","MPO_ID":"WINC","AREA_TYPE_ID":"U"}},{"type":"Feature","geometry":{"type":"Point","coordinates":[-77.55052303632468,37.94659214742251]},"properties":{"OBJECTID":2131,"RTE_NM":"R-VA   SR00135NB      RMP001.00A","TYPE":"END","RAMP_TYPE":"ON-RAMP","TERMINAL_SIDE":"END","RTE_CATEGORY_NM":"Interstate Ramp","MPO_ID":"HAMP","AREA_TYPE_ID":"U"}},{"type":"Feature","geometry":{"type":"Point","coordinates":[-77.55076476296999,37.94616469300378]},"properties":{"OBJECTID":2136,"RTE_NM":"R-VA   SR00135NB      RMP001.00B","TYPE":"END","RAMP_TYPE":"ON-RAMP","TERMINAL_SIDE":"END","RTE_CATEGORY_NM":"Interstate Ramp","MPO_ID":"HAMP","AREA_TYPE_ID":"U"}},{"type":"Feature","geometry":{"type":"Point","coordinates":[-77.8530189912836,38.070742036796275]},"properties":{"OBJECTID":2152,"RTE_NM":"R-VA020SC00620EB      RMP000.00B","TYPE":"END","RAMP_TYPE":"ON-RAMP","TERMINAL_SIDE":"END","RTE_CATEGORY_NM":"Interstate Ramp","MPO_ID":"TCAT","AREA_TYPE_ID":"U"}},{"type":"Feature","geometry":{"type":"Point","coordinates":[-78.17683236529348,38.571963980827306]},"properties":{"OBJECTID":2154,"RTE_NM":"R-VA085SC00651UK      RMP003.00A","TYPE":"END","RAMP_TYPE":"ON-RAMP","TERMINAL_SIDE":"END","RTE_CATEGORY_NM":"Interstate Ramp","MPO_ID":null,"AREA_TYPE_ID":"R"}},{"type":"Feature","geometry":{"type":"Point","coordinates":[-79.27819194236915,37.88375292321035]},"properties":{"OBJECTID":2156,"RTE_NM":"R-VA095SC00647UK      RMP010.00A","TYPE":"END","RAMP_TYPE":"ON-RAMP","TERMINAL_SIDE":"END","RTE_CATEGORY_NM":"Interstate Ramp","MPO_ID":"BRIS","AREA_TYPE_ID":"U"}},{"type":"Feature","geometry":{"type":"Point","coordinates":[-77.62153072845666,38.05822178024852]},"properties":{"OBJECTID":2161,"RTE_NM":"R-VA   SR00199WB      RMP005.00B","TYPE":"END","RAMP_TYPE":"ON-RAMP","TERMINAL_SIDE":"END","RTE_CATEGORY_NM":"Interstate Ramp","MPO_ID":"HAMP","AREA_TYPE_ID":"U"}},{"type":"Feature","geometry":{"type":"Point","coordinates":[-77.90690669257258,38.1670666561822]},"properties":{"OBJECTID":2169,"RTE_NM":"R-VA043SC07514NB      RMP003.00A","TYPE":"END","RAMP_TYPE":"ON-RAMP","TERMINAL_SIDE":"END","RTE_CATEGORY_NM":"Interstate Ramp","MPO_ID":"RICH","AREA_TYPE_ID":"U"}},{"type":"Feature","geometry":{"type":"Point","coordinates":[-77.5052729723832,37.927915367518885]},"properties":{"OBJECTID":2171,"RTE_NM":"R-VA122UR99017UK      RMP000.00A","TYPE":"END","RAMP_TYPE":"ON-RAMP","TERMINAL_SIDE":"END","RTE_CATEGORY_NM":"Interstate Ramp","MPO_ID":"HAMP","AREA_TYPE_ID":"U"}},{"type":"Feature","geometry":{"type":"Point","coordinates":[-77.90175712863739,38.16465910330802]},"properties":{"OBJECTID":2177,"RTE_NM":"R-VA043SC07518NB      RMP004.00A","TYPE":"END","RAMP_TYPE":"ON-RAMP","TERMINAL_SIDE":"END","RTE_CATEGORY_NM":"Interstate Ramp","MPO_ID":"RICH","AREA_TYPE_ID":"U"}},{"type":"Feature","geometry":{"type":"Point","coordinates":[-77.7795189242176,38.54959786410429]},"properties":{"OBJECTID":2179,"RTE_NM":"R-VA000SC00008WB      RMP000.00A","TYPE":"END","RAMP_TYPE":"ON-RAMP","TERMINAL_SIDE":"END","RTE_CATEGORY_NM":"Interstate Ramp","MPO_ID":"NOVA","AREA_TYPE_ID":"U"}},{"type":"Feature","geometry":{"type":"Point","coordinates":[-77.92174287623219,37.986458104103356]},"properties":{"OBJECTID":2184,"RTE_NM":"R-VA026SC00650UK      RMP008.00B","TYPE":"END","RAMP_TYPE":"ON-RAMP","TERMINAL_SIDE":"END","RTE_CATEGORY_NM":"Interstate Ramp","MPO_ID":null,"AREA_TYPE_ID":"R"}},{"type":"Feature","geometry":{"type":"Point","coordinates":[-77.93673876205372,38.18185858893145]},"properties":{"OBJECTID":2185,"RTE_NM":"R-VA037SC00623UK      RMP006.00A","TYPE":"END","RAMP_TYPE":"ON-RAMP","TERMINAL_SIDE":"END","RTE_CATEGORY_NM":"Interstate Ramp","MPO_ID":"RICH","AREA_TYPE_ID":"R"}},{"type":"Feature","geometry":{"type":"Point","coordinates":[-78.27066003918047,38.4473528643943]},"properties":{"OBJECTID":2189,"RTE_NM":"R-VA   US00011UK      RMP274.00A","TYPE":"END","RAMP_TYPE":"ON-RAMP","TERMINAL_SIDE":"END","RTE_CATEGORY_NM":"Interstate Ramp","MPO_ID":null,"AREA_TYPE_ID":"R"}},{"type":"Feature","geometry":{"type":"Point","coordinates":[-77.89780936056333,37.873432123008634]},"properties":{"OBJECTID":2206,"RTE_NM":"R-VA   US00301UK      RMP008.00A","TYPE":"END","RAMP_TYPE":"ON-RAMP","TERMINAL_SIDE":"END","RTE_CATEGORY_NM":"Interstate Ramp","MPO_ID":null,"AREA_TYPE_ID":"C"}},{"type":"Feature","geometry":{"type":"Point","coordinates":[-77.8190377193999,38.14199337565833]},"properties":{"OBJECTID":2207,"RTE_NM":"R-VA   SR00156NB      RMP050.00A","TYPE":"END","RAMP_TYPE":"ON-RAMP","TERMINAL_SIDE":"END","RTE_CATEGORY_NM":"Interstate Ramp","MPO_ID":"RICH","AREA_TYPE_ID":"U"}},{"type":"Feature","geometry":{"type":"Point","coordinates":[-77.75985169741135,38.130806627649086]},"properties":{"OBJECTID":2209,"RTE_NM":"R-VA   SR00106UK      RMP028.00B","TYPE":"END","RAMP_TYPE":"ON-RAMP","TERMINAL_SIDE":"END","RTE_CATEGORY_NM":"Interstate Ramp","MPO_ID":"RICH","AREA_TYPE_ID":"R"}},{"type":"Feature","geometry":{"type":"Point","coordinates":[-77.59139335869928,38.03290886459385]},"properties":{"OBJECTID":2215,"RTE_NM":"R-VA   SR00105WB      RMP001.00A","TYPE":"END","RAMP_TYPE":"ON-RAMP","TERMINAL_SIDE":"END","RTE_CATEGORY_NM":"Interstate Ramp","MPO_ID":"HAMP","AREA_TYPE_ID":"U"}},{"type":"Feature","geometry":{"type":"Point","coordinates":[-77.81168030881996,38.48690803106753]},"properties":{"OBJECTID":2228,"RTE_NM":"R-VA   IS00095SB      RMP161.00A","TYPE":"END","RAMP_TYPE":"ON-RAMP","TERMINAL_SIDE":"END","RTE_CATEGORY_NM":"Interstate Ramp","MPO_ID":"NOVA","AREA_TYPE_ID":"U"}},{"type":"Feature","geometry":{"type":"Point","coordinates":[-77.88914147968714,38.35157241690993]},"properties":{"OBJECTID":2230,"RTE_NM":"R-VA   US00001UK      RMP142.00A","TYPE":"END","RAMP_TYPE":"ON-RAMP","TERMINAL_SIDE":"END","RTE_CATEGORY_NM":"Interstate Ramp","MPO_ID":"FRED","AREA_TYPE_ID":"U"}},{"type":"Feature","geometry":{"type":"Point","coordinates":[-77.89642623554667,37.88373296257097]},"properties":{"OBJECTID":2242,"RTE_NM":"R-VA   US00058EB      RMP411.00A","TYPE":"END","RAMP_TYPE":"ON-RAMP","TERMINAL_SIDE":"END","RTE_CATEGORY_NM":"Interstate Ramp","MPO_ID":null,"AREA_TYPE_ID":"R"}},{"type":"Feature","geometry":{"type":"Point","coordinates":[-77.76589400547385,38.5256051426365]},"properties":{"OBJECTID":2246,"RTE_NM":"R-VA   SR00241NB      RMP001.00B","TYPE":"END","RAMP_TYPE":"ON-RAMP","TERMINAL_SIDE":"END","RTE_CATEGORY_NM":"Interstate Ramp","MPO_ID":"NOVA","AREA_TYPE_ID":"U"}},{"type":"Feature","geometry":{"type":"Point","coordinates":[-77.76467335376935,38.525479468280615]},"properties":{"OBJECTID":2253,"RTE_NM":"R-VA   IS00095SB      RMP175.00A","TYPE":"END","RAMP_TYPE":"ON-RAMP","TERMINAL_SIDE":"END","RTE_CATEGORY_NM":"Interstate Ramp","MPO_ID":"NOVA","AREA_TYPE_ID":"U"}},{"type":"Feature","geometry":{"type":"Point","coordinates":[-77.85352905965125,38.14198656168066]},"properties":{"OBJECTID":2255,"RTE_NM":"R-VA   SR00033WB      RMP003.00B","TYPE":"END","RAMP_TYPE":"ON-RAMP","TERMINAL_SIDE":"END","RTE_CATEGORY_NM":"Interstate Ramp","MPO_ID":"RICH","AREA_TYPE_ID":"U"}},{"type":"Feature","geometry":{"type":"Point","coordinates":[-78.22671587882084,38.28764250986346]},"properties":{"OBJECTID":2260,"RTE_NM":"R-VA002SC00637UK      RMP015.00B","TYPE":"END","RAMP_TYPE":"ON-RAMP","TERMINAL_SIDE":"END","RTE_CATEGORY_NM":"Interstate Ramp","MPO_ID":"CVIL","AREA_TYPE_ID":"R"}},{"type":"Feature","geometry":{"type":"Point","coordinates":[-78.68241439144613,38.06176352205588]},"properties":{"OBJECTID":2261,"RTE_NM":"R-VA   SR00112UK      RMP000.00A","TYPE":"END","RAMP_TYPE":"ON-RAMP","TERMINAL_SIDE":"END","RTE_CATEGORY_NM":"Interstate Ramp","MPO_ID":"ROAN","AREA_TYPE_ID":"U"}},{"type":"Feature","geometry":{"type":"Point","coordinates":[-77.56624775529944,38.012082458719064]},"properties":{"OBJECTID":2264,"RTE_NM":"R-VA   SR00171EB      RMP001.00A","TYPE":"END","RAMP_TYPE":"ON-RAMP","TERMINAL_SIDE":"END","RTE_CATEGORY_NM":"Interstate Ramp","MPO_ID":"HAMP","AREA_TYPE_ID":"U"}},{"type":"Feature","geometry":{"type":"Point","coordinates":[-77.82276772664558,38.548238856807735]},"properties":{"OBJECTID":2276,"RTE_NM":"R-VA   SR00243SB      RMP000.00A","TYPE":"END","RAMP_TYPE":"ON-RAMP","TERMINAL_SIDE":"END","RTE_CATEGORY_NM":"Interstate Ramp","MPO_ID":"NOVA","AREA_TYPE_ID":"U"}},{"type":"Feature","geometry":{"type":"Point","coordinates":[-77.47833706341011,37.94028397080924]},"properties":{"OBJECTID":2284,"RTE_NM":"R-VA   IS00064WB      RMP283.00A","TYPE":"END","RAMP_TYPE":"ON-RAMP","TERMINAL_SIDE":"END","RTE_CATEGORY_NM":"Interstate Ramp","MPO_ID":"HAMP","AREA_TYPE_ID":"U"}},{"type":"Feature","geometry":{"type":"Point","coordinates":[-78.07261272795611,38.25897887795616]},"properties":{"OBJECTID":2285,"RTE_NM":"R-VA   SR00208UK      RMP000.00A","TYPE":"END","RAMP_TYPE":"ON-RAMP","TERMINAL_SIDE":"END","RTE_CATEGORY_NM":"Interstate Ramp","MPO_ID":null,"AREA_TYPE_ID":"R"}},{"type":"Feature","geometry":{"type":"Point","coordinates":[-77.87991437735278,38.39299583811499]},"properties":{"OBJECTID":2308,"RTE_NM":"R-VA089SC08900UK      RMP000.00B","TYPE":"END","RAMP_TYPE":"ON-RAMP","TERMINAL_SIDE":"END","RTE_CATEGORY_NM":"Interstate Ramp","MPO_ID":"FRED","AREA_TYPE_ID":"R"}},{"type":"Feature","geometry":{"type":"Point","coordinates":[-77.47786741106785,37.923139940889435]},"properties":{"OBJECTID":2310,"RTE_NM":"R-VA134UR00007WB      RMP001.00A","TYPE":"END","RAMP_TYPE":"ON-RAMP","TERMINAL_SIDE":"END","RTE_CATEGORY_NM":"Interstate Ramp","MPO_ID":"HAMP","AREA_TYPE_ID":"U"}},{"type":"Feature","geometry":{"type":"Point","coordinates":[-77.52104898005823,37.98730914379716]},"properties":{"OBJECTID":2320,"RTE_NM":"R-VA   US00060UK      RMP274.00A","TYPE":"END","RAMP_TYPE":"ON-RAMP","TERMINAL_SIDE":"END","RTE_CATEGORY_NM":"Interstate Ramp","MPO_ID":"HAMP","AREA_TYPE_ID":"U"}},{"type":"Feature","geometry":{"type":"Point","coordinates":[-78.87441416555617,37.87231650720714]},"properties":{"OBJECTID":2329,"RTE_NM":"R-VA   SR00148UK      RMP000.00A","TYPE":"END","RAMP_TYPE":"ON-RAMP","TERMINAL_SIDE":"END","RTE_CATEGORY_NM":"Interstate Ramp","MPO_ID":null,"AREA_TYPE_ID":"R"}},{"type":"Feature","geometry":{"type":"Point","coordinates":[-78.3259550016419,38.38450395439902]},"properties":{"OBJECTID":2330,"RTE_NM":"R-VA   SR00257UK      RMP018.00A","TYPE":"END","RAMP_TYPE":"ON-RAMP","TERMINAL_SIDE":"END","RTE_CATEGORY_NM":"Interstate Ramp","MPO_ID":"HAR","AREA_TYPE_ID":"U"}},{"type":"Feature","geometry":{"type":"Point","coordinates":[-77.76015806879622,38.52416348419973]},"properties":{"OBJECTID":2331,"RTE_NM":"R-VA   US00001UK      RMP191.00B","TYPE":"END","RAMP_TYPE":"ON-RAMP","TERMINAL_SIDE":"END","RTE_CATEGORY_NM":"Interstate Ramp","MPO_ID":"NOVA","AREA_TYPE_ID":"U"}},{"type":"Feature","geometry":{"type":"Point","coordinates":[-77.74077427002392,38.12833250687041]},"properties":{"OBJECTID":2332,"RTE_NM":"R-VA   SR00155UK      RMP011.00B","TYPE":"END","RAMP_TYPE":"ON-RAMP","TERMINAL_SIDE":"END","RTE_CATEGORY_NM":"Interstate Ramp","MPO_ID":"RICH","AREA_TYPE_ID":"R"}},{"type":"Feature","geometry":{"type":"Point","coordinates":[-77.53654729179769,37.988844982825135]},"properties":{"OBJECTID":2333,"RTE_NM":"R-VA   IS00064WB      RMP264.00A","TYPE":"END","RAMP_TYPE":"ON-RAMP","TERMINAL_SIDE":"END","RTE_CATEGORY_NM":"Interstate Ramp","MPO_ID":"HAMP","AREA_TYPE_ID":"U"}},{"type":"Feature","geometry":{"type":"Point","coordinates":[-77.83070891251793,38.0579423894387]},"properties":{"OBJECTID":2342,"RTE_NM":"R-VA   SR00036WB      RMP012.00B","TYPE":"END","RAMP_TYPE":"ON-RAMP","TERMINAL_SIDE":"END","RTE_CATEGORY_NM":"Interstate Ramp","MPO_ID":"TCAT","AREA_TYPE_ID":"U"}},{"type":"Feature","geometry":{"type":"Point","coordinates":[-78.24898765910598,38.475101103687976]},"properties":{"OBJECTID":2343,"RTE_NM":"R-VA   US00211UK      RMP000.00B","TYPE":"END","RAMP_TYPE":"ON-RAMP","TERMINAL_SIDE":"END","RTE_CATEGORY_NM":"Interstate Ramp","MPO_ID":null,"AREA_TYPE_ID":"R"}},{"type":"Feature","geometry":{"type":"Point","coordinates":[-77.755754391239,38.54687464763246]},"properties":{"OBJECTID":2344,"RTE_NM":"R-VA000SC99015NB      RMP000.00A","TYPE":"END","RAMP_TYPE":"ON-RAMP","TERMINAL_SIDE":"END","RTE_CATEGORY_NM":"Interstate Ramp","MPO_ID":"NOVA","AREA_TYPE_ID":"U"}},{"type":"Feature","geometry":{"type":"Point","coordinates":[-77.43800074903326,37.932249560658704]},"properties":{"OBJECTID":2348,"RTE_NM":"R-VA134UR00014NB      RMP003.00B","TYPE":"END","RAMP_TYPE":"ON-RAMP","TERMINAL_SIDE":"END","RTE_CATEGORY_NM":"Interstate Ramp","MPO_ID":"HAMP","AREA_TYPE_ID":"U"}},{"type":"Feature","geometry":{"type":"Point","coordinates":[-77.52017364183104,37.92658860556285]},"properties":{"OBJECTID":2353,"RTE_NM":"R-VA   US00017NB      RMP027.00A","TYPE":"END","RAMP_TYPE":"ON-RAMP","TERMINAL_SIDE":"END","RTE_CATEGORY_NM":"Interstate Ramp","MPO_ID":"HAMP","AREA_TYPE_ID":"U"}},{"type":"Feature","geometry":{"type":"Point","coordinates":[-78.64614024748147,38.06594880776483]},"properties":{"OBJECTID":2355,"RTE_NM":"R-VA   SR00101WB      RMP001.00A","TYPE":"END","RAMP_TYPE":"ON-RAMP","TERMINAL_SIDE":"END","RTE_CATEGORY_NM":"Interstate Ramp","MPO_ID":"ROAN","AREA_TYPE_ID":"U"}},{"type":"Feature","geometry":{"type":"Point","coordinates":[-77.63343196536889,38.07206417120001]},"properties":{"OBJECTID":2367,"RTE_NM":"R-VA   SR00143SB      RMP036.00B","TYPE":"END","RAMP_TYPE":"ON-RAMP","TERMINAL_SIDE":"END","RTE_CATEGORY_NM":"Interstate Ramp","MPO_ID":"HAMP","AREA_TYPE_ID":"R"}},{"type":"Feature","geometry":{"type":"Point","coordinates":[-78.88769659424378,37.974550957485896]},"properties":{"OBJECTID":2375,"RTE_NM":"R-VA   FR00327UK      RMP000.00B","TYPE":"END","RAMP_TYPE":"ON-RAMP","TERMINAL_SIDE":"END","RTE_CATEGORY_NM":"Interstate Ramp","MPO_ID":null,"AREA_TYPE_ID":"R"}},{"type":"Feature","geometry":{"type":"Point","coordinates":[-77.83276492244487,38.10994133145286]},"properties":{"OBJECTID":2384,"RTE_NM":"R-VA   SR00005WB      RMP008.00B","TYPE":"END","RAMP_TYPE":"ON-RAMP","TERMINAL_SIDE":"END","RTE_CATEGORY_NM":"Interstate Ramp","MPO_ID":"RICH","AREA_TYPE_ID":"U"}},{"type":"Feature","geometry":{"type":"Point","coordinates":[-79.09703426569445,37.93317167402074]},"properties":{"OBJECTID":2385,"RTE_NM":"R-VA086SC00622UK      RMP004.00A","TYPE":"END","RAMP_TYPE":"ON-RAMP","TERMINAL_SIDE":"END","RTE_CATEGORY_NM":"Interstate Ramp","MPO_ID":null,"AREA_TYPE_ID":"C"}},{"type":"Feature","geometry":{"type":"Point","coordinates":[-77.63280078466519,38.071255496846405]},"properties":{"OBJECTID":2387,"RTE_NM":"R-VA   SR00143NB      RMP036.00B","TYPE":"END","RAMP_TYPE":"ON-RAMP","TERMINAL_SIDE":"END","RTE_CATEGORY_NM":"Interstate Ramp","MPO_ID":"HAMP","AREA_TYPE_ID":"R"}},{"type":"Feature","geometry":{"type":"Point","coordinates":[-77.79295429899763,38.52223393552542]},"properties":{"OBJECTID":2388,"RTE_NM":"R-VA   IS00095SB      RMP170.00A","TYPE":"END","RAMP_TYPE":"ON-RAMP","TERMINAL_SIDE":"END","RTE_CATEGORY_NM":"Interstate Ramp","MPO_ID":"NOVA","AREA_TYPE_ID":"U"}},{"type":"Feature","geometry":{"type":"Point","coordinates":[-77.52239608729352,37.92603476348577]},"properties":{"OBJECTID":2404,"RTE_NM":"R-VA   US00017SB      RMP027.00B","TYPE":"END","RAMP_TYPE":"ON-RAMP","TERMINAL_SIDE":"END","RTE_CATEGORY_NM":"Interstate Ramp","MPO_ID":"HAMP","AREA_TYPE_ID":"U"}},{"type":"Feature","geometry":{"type":"Point","coordinates":[-77.5977639773548,38.041094168010446]},"properties":{"OBJECTID":2411,"RTE_NM":"R-VA   SR00238UK      RMP001.00A","TYPE":"END","RAMP_TYPE":"ON-RAMP","TERMINAL_SIDE":"END","RTE_CATEGORY_NM":"Interstate Ramp","MPO_ID":"HAMP","AREA_TYPE_ID":"U"}},{"type":"Feature","geometry":{"type":"Point","coordinates":[-79.33076534025395,37.862746391454245]},"properties":{"OBJECTID":2435,"RTE_NM":"R-VA   IS00081NB      RMP003.00A","TYPE":"END","RAMP_TYPE":"ON-RAMP","TERMINAL_SIDE":"END","RTE_CATEGORY_NM":"Interstate Ramp","MPO_ID":"BRIS","AREA_TYPE_ID":"U"}},{"type":"Feature","geometry":{"type":"Point","coordinates":[-78.13504436184424,38.584583339373445]},"properties":{"OBJECTID":2448,"RTE_NM":"R-VA   IS00081SB      RMP300.00A","TYPE":"END","RAMP_TYPE":"ON-RAMP","TERMINAL_SIDE":"END","RTE_CATEGORY_NM":"Interstate Ramp","MPO_ID":null,"AREA_TYPE_ID":"R"}},{"type":"Feature","geometry":{"type":"Point","coordinates":[-78.50214413857576,38.17576173486162]},"properties":{"OBJECTID":2450,"RTE_NM":"R-VA   US00011SB      RMP194.00B","TYPE":"END","RAMP_TYPE":"ON-RAMP","TERMINAL_SIDE":"END","RTE_CATEGORY_NM":"Interstate Ramp","MPO_ID":null,"AREA_TYPE_ID":"R"}},{"type":"Feature","geometry":{"type":"Point","coordinates":[-78.37285046069469,38.300315492336615]},"properties":{"OBJECTID":2458,"RTE_NM":"R-VA007SC00654UK      RMP000.00B","TYPE":"END","RAMP_TYPE":"ON-RAMP","TERMINAL_SIDE":"END","RTE_CATEGORY_NM":"Interstate Ramp","MPO_ID":"SAW","AREA_TYPE_ID":"R"}},{"type":"Feature","geometry":{"type":"Point","coordinates":[-77.80827828978794,38.53959888775686]},"properties":{"OBJECTID":2465,"RTE_NM":"R-VA029SC00650SB      RMP002.00B","TYPE":"END","RAMP_TYPE":"ON-RAMP","TERMINAL_SIDE":"END","RTE_CATEGORY_NM":"Interstate Ramp","MPO_ID":"NOVA","AREA_TYPE_ID":"U"}},{"type":"Feature","geometry":{"type":"Point","coordinates":[-77.755754391239,38.54687464763246]},"properties":{"OBJECTID":2475,"RTE_NM":"R-VA   IS00395SB      RMP010.00D","TYPE":"END","RAMP_TYPE":"ON-RAMP","TERMINAL_SIDE":"END","RTE_CATEGORY_NM":"Interstate Ramp","MPO_ID":"NOVA","AREA_TYPE_ID":"U"}},{"type":"Feature","geometry":{"type":"Point","coordinates":[-77.81753230390376,38.484872040456736]},"properties":{"OBJECTID":2481,"RTE_NM":"R-VA   SR00123SB      RMP000.00A","TYPE":"END","RAMP_TYPE":"ON-RAMP","TERMINAL_SIDE":"END","RTE_CATEGORY_NM":"Interstate Ramp","MPO_ID":"NOVA","AREA_TYPE_ID":"U"}},{"type":"Feature","geometry":{"type":"Point","coordinates":[-78.70705110301466,38.05064158662548]},"properties":{"OBJECTID":2493,"RTE_NM":"R-VA080SC00647UK      RMP000.00A","TYPE":"END","RAMP_TYPE":"ON-RAMP","TERMINAL_SIDE":"END","RTE_CATEGORY_NM":"Interstate Ramp","MPO_ID":"ROAN","AREA_TYPE_ID":"U"}},{"type":"Feature","geometry":{"type":"Point","coordinates":[-79.30097550314031,37.87089107494519]},"properties":{"OBJECTID":2494,"RTE_NM":"R-VA   FR00310UK      RMP000.00B","TYPE":"END","RAMP_TYPE":"ON-RAMP","TERMINAL_SIDE":"END","RTE_CATEGORY_NM":"Interstate Ramp","MPO_ID":"BRIS","AREA_TYPE_ID":"U"}},{"type":"Feature","geometry":{"type":"Point","coordinates":[-77.87265385332456,38.15927280488911]},"properties":{"OBJECTID":2503,"RTE_NM":"R-VA   US00001UK      RMP097.00A","TYPE":"END","RAMP_TYPE":"ON-RAMP","TERMINAL_SIDE":"END","RTE_CATEGORY_NM":"Interstate Ramp","MPO_ID":"RICH","AREA_TYPE_ID":"U"}},{"type":"Feature","geometry":{"type":"Point","coordinates":[-79.00002223234658,37.98340857883099]},"properties":{"OBJECTID":2507,"RTE_NM":"R-VA010SC00717UK      RMP000.00B","TYPE":"END","RAMP_TYPE":"ON-RAMP","TERMINAL_SIDE":"END","RTE_CATEGORY_NM":"Interstate Ramp","MPO_ID":null,"AREA_TYPE_ID":"R"}},{"type":"Feature","geometry":{"type":"Point","coordinates":[-77.79627968368413,38.522897785357515]},"properties":{"OBJECTID":2513,"RTE_NM":"R-VA   IS00395SB      RMP001.00B","TYPE":"END","RAMP_TYPE":"ON-RAMP","TERMINAL_SIDE":"END","RTE_CATEGORY_NM":"Interstate Ramp","MPO_ID":"NOVA","AREA_TYPE_ID":"U"}},{"type":"Feature","geometry":{"type":"Point","coordinates":[-77.80746718029523,38.53570467170931]},"properties":{"OBJECTID":2516,"RTE_NM":"R-VA   SR00236WB      RMP006.00B","TYPE":"END","RAMP_TYPE":"ON-RAMP","TERMINAL_SIDE":"END","RTE_CATEGORY_NM":"Interstate Ramp","MPO_ID":"NOVA","AREA_TYPE_ID":"U"}},{"type":"Feature","geometry":{"type":"Point","coordinates":[-77.88032954965078,38.14748846563105]},"properties":{"OBJECTID":2517,"RTE_NM":"R-VA127UR07629NB      RMP000.00A","TYPE":"END","RAMP_TYPE":"ON-RAMP","TERMINAL_SIDE":"END","RTE_CATEGORY_NM":"Interstate Ramp","MPO_ID":"RICH","AREA_TYPE_ID":"U"}},{"type":"Feature","geometry":{"type":"Point","coordinates":[-77.79548162516846,38.51893024401469]},"properties":{"OBJECTID":2527,"RTE_NM":"R-VA029SC00644EB      RMP006.00B","TYPE":"END","RAMP_TYPE":"ON-RAMP","TERMINAL_SIDE":"END","RTE_CATEGORY_NM":"Interstate Ramp","MPO_ID":"NOVA","AREA_TYPE_ID":"U"}},{"type":"Feature","geometry":{"type":"Point","coordinates":[-77.79290395159776,38.521965434986114]},"properties":{"OBJECTID":2534,"RTE_NM":"R-VA   IS00395RV      RMP001.00B","TYPE":"END","RAMP_TYPE":"ON-RAMP","TERMINAL_SIDE":"END","RTE_CATEGORY_NM":"Interstate Ramp","MPO_ID":"NOVA","AREA_TYPE_ID":"U"}},{"type":"Feature","geometry":{"type":"Point","coordinates":[-77.87126276030396,38.19623493902663]},"properties":{"OBJECTID":2540,"RTE_NM":"R-VA042SC00802UK      RMP001.00B","TYPE":"END","RAMP_TYPE":"ON-RAMP","TERMINAL_SIDE":"END","RTE_CATEGORY_NM":"Interstate Ramp","MPO_ID":"RICH","AREA_TYPE_ID":"R"}},{"type":"Feature","geometry":{"type":"Point","coordinates":[-78.23788196810138,38.50857105628434]},"properties":{"OBJECTID":2559,"RTE_NM":"R-VA   SR00292UK      RMP000.00A","TYPE":"END","RAMP_TYPE":"ON-RAMP","TERMINAL_SIDE":"END","RTE_CATEGORY_NM":"Interstate Ramp","MPO_ID":null,"AREA_TYPE_ID":"R"}},{"type":"Feature","geometry":{"type":"Point","coordinates":[-77.85503747516388,38.08438011308138]},"properties":{"OBJECTID":2568,"RTE_NM":"R-VA   SR00010WB      RMP017.00B","TYPE":"END","RAMP_TYPE":"ON-RAMP","TERMINAL_SIDE":"END","RTE_CATEGORY_NM":"Interstate Ramp","MPO_ID":"RICH","AREA_TYPE_ID":"U"}},{"type":"Feature","geometry":{"type":"Point","coordinates":[-77.75616171092649,38.54627769914498]},"properties":{"OBJECTID":2585,"RTE_NM":"R-VA000SC99015SB      RMP000.00B","TYPE":"END","RAMP_TYPE":"ON-RAMP","TERMINAL_SIDE":"END","RTE_CATEGORY_NM":"Interstate Ramp","MPO_ID":"NOVA","AREA_TYPE_ID":"U"}},{"type":"Feature","geometry":{"type":"Point","coordinates":[-78.88549549625384,37.84325664536912]},"properties":{"OBJECTID":2595,"RTE_NM":"R-VA017SC00620UK      RMP002.00B","TYPE":"END","RAMP_TYPE":"ON-RAMP","TERMINAL_SIDE":"END","RTE_CATEGORY_NM":"Interstate Ramp","MPO_ID":null,"AREA_TYPE_ID":"R"}},{"type":"Feature","geometry":{"type":"Point","coordinates":[-77.54881961578053,37.915824130745705]},"properties":{"OBJECTID":2605,"RTE_NM":"R-VA   US00058WB      RMP481.00B","TYPE":"END","RAMP_TYPE":"ON-RAMP","TERMINAL_SIDE":"END","RTE_CATEGORY_NM":"Interstate Ramp","MPO_ID":"HAMP","AREA_TYPE_ID":"U"}},{"type":"Feature","geometry":{"type":"Point","coordinates":[-77.487983228066,37.91613256773394]},"properties":{"OBJECTID":2619,"RTE_NM":"R-VA131UR08665WB      RMP001.00B","TYPE":"END","RAMP_TYPE":"ON-RAMP","TERMINAL_SIDE":"END","RTE_CATEGORY_NM":"Interstate Ramp","MPO_ID":"HAMP","AREA_TYPE_ID":"U"}},{"type":"Feature","geometry":{"type":"Point","coordinates":[-77.76712609002249,38.525689045239574]},"properties":{"OBJECTID":2626,"RTE_NM":"R-VA   SR00241UK      RMP001.00B","TYPE":"END","RAMP_TYPE":"ON-RAMP","TERMINAL_SIDE":"END","RTE_CATEGORY_NM":"Interstate Ramp","MPO_ID":"NOVA","AREA_TYPE_ID":"U"}},{"type":"Feature","geometry":{"type":"Point","coordinates":[-77.5513874227247,37.925110181470714]},"properties":{"OBJECTID":2627,"RTE_NM":"R-VA   SR00337WB      RMP014.00A","TYPE":"END","RAMP_TYPE":"ON-RAMP","TERMINAL_SIDE":"END","RTE_CATEGORY_NM":"Interstate Ramp","MPO_ID":"HAMP","AREA_TYPE_ID":"U"}},{"type":"Feature","geometry":{"type":"Point","coordinates":[-77.4357214220408,37.93277907466928]},"properties":{"OBJECTID":2638,"RTE_NM":"R-VA134UR08685NB      RMP004.00A","TYPE":"END","RAMP_TYPE":"ON-RAMP","TERMINAL_SIDE":"END","RTE_CATEGORY_NM":"Interstate Ramp","MPO_ID":"HAMP","AREA_TYPE_ID":"U"}},{"type":"Feature","geometry":{"type":"Point","coordinates":[-77.79806402997664,38.50717260267687]},"properties":{"OBJECTID":2640,"RTE_NM":"R-VA   SR00286NB      RMP003.00B","TYPE":"END","RAMP_TYPE":"ON-RAMP","TERMINAL_SIDE":"END","RTE_CATEGORY_NM":"Interstate Ramp","MPO_ID":"NOVA","AREA_TYPE_ID":"U"}},{"type":"Feature","geometry":{"type":"Point","coordinates":[-77.77104354868025,38.53577060314454]},"properties":{"OBJECTID":2663,"RTE_NM":"R-VA   SR00007WB      RMP069.00A","TYPE":"END","RAMP_TYPE":"ON-RAMP","TERMINAL_SIDE":"END","RTE_CATEGORY_NM":"Interstate Ramp","MPO_ID":"NOVA","AREA_TYPE_ID":"U"}},{"type":"Feature","geometry":{"type":"Point","coordinates":[-78.4332102954499,38.24183973724427]},"properties":{"OBJECTID":2686,"RTE_NM":"R-VA081SC00710UK      RMP003.00B","TYPE":"END","RAMP_TYPE":"ON-RAMP","TERMINAL_SIDE":"END","RTE_CATEGORY_NM":"Interstate Ramp","MPO_ID":null,"AREA_TYPE_ID":"R"}},{"type":"Feature","geometry":{"type":"Point","coordinates":[-77.80761261675394,38.55649567707432]},"properties":{"OBJECTID":2692,"RTE_NM":"R-VA   SR00007UK      RMP060.00C","TYPE":"END","RAMP_TYPE":"ON-RAMP","TERMINAL_SIDE":"END","RTE_CATEGORY_NM":"Interstate Ramp","MPO_ID":"NOVA","AREA_TYPE_ID":"U"}},{"type":"Feature","geometry":{"type":"Point","coordinates":[-77.48975807632752,37.91525758569773]},"properties":{"OBJECTID":2699,"RTE_NM":"R-VA131UR08665EB      RMP001.00B","TYPE":"END","RAMP_TYPE":"ON-RAMP","TERMINAL_SIDE":"END","RTE_CATEGORY_NM":"Interstate Ramp","MPO_ID":"HAMP","AREA_TYPE_ID":"U"}},{"type":"Feature","geometry":{"type":"Point","coordinates":[-77.84159969700545,38.1378420875282]},"properties":{"OBJECTID":2703,"RTE_NM":"R-VA043SC07555UK      RMP005.00A","TYPE":"END","RAMP_TYPE":"ON-RAMP","TERMINAL_SIDE":"END","RTE_CATEGORY_NM":"Interstate Ramp","MPO_ID":"RICH","AREA_TYPE_ID":"U"}},{"type":"Feature","geometry":{"type":"Point","coordinates":[-79.00519983416639,38.02692479667588]},"properties":{"OBJECTID":2707,"RTE_NM":"R-VA010SC00666UK      RMP000.00A","TYPE":"END","RAMP_TYPE":"ON-RAMP","TERMINAL_SIDE":"END","RTE_CATEGORY_NM":"Interstate Ramp","MPO_ID":null,"AREA_TYPE_ID":"R"}},{"type":"Feature","geometry":{"type":"Point","coordinates":[-78.12688428407456,38.59117570405161]},"properties":{"OBJECTID":2715,"RTE_NM":"R-VA034SC00627UK      RMP001.00A","TYPE":"END","RAMP_TYPE":"ON-RAMP","TERMINAL_SIDE":"END","RTE_CATEGORY_NM":"Interstate Ramp","MPO_ID":null,"AREA_TYPE_ID":"R"}},{"type":"Feature","geometry":{"type":"Point","coordinates":[-77.94710769446523,37.966361170732036]},"properties":{"OBJECTID":2724,"RTE_NM":"R-VA   SR00040UK      RMP178.00A","TYPE":"END","RAMP_TYPE":"ON-RAMP","TERMINAL_SIDE":"END","RTE_CATEGORY_NM":"Interstate Ramp","MPO_ID":null,"AREA_TYPE_ID":"R"}},{"type":"Feature","geometry":{"type":"Point","coordinates":[-77.5423361677187,37.993301125243434]},"properties":{"OBJECTID":2731,"RTE_NM":"R-VA   US00258WB      RMP063.00B","TYPE":"END","RAMP_TYPE":"ON-RAMP","TERMINAL_SIDE":"END","RTE_CATEGORY_NM":"Interstate Ramp","MPO_ID":"HAMP","AREA_TYPE_ID":"U"}},{"type":"Feature","geometry":{"type":"Point","coordinates":[-78.0494776580764,38.24222923014509]},"properties":{"OBJECTID":2749,"RTE_NM":"R-VA037SC00605UK      RMP007.00A","TYPE":"END","RAMP_TYPE":"ON-RAMP","TERMINAL_SIDE":"END","RTE_CATEGORY_NM":"Interstate Ramp","MPO_ID":null,"AREA_TYPE_ID":"R"}},{"type":"Feature","geometry":{"type":"Point","coordinates":[-77.8052218422259,38.56570132211688]},"properties":{"OBJECTID":2754,"RTE_NM":"R-VA   SR00267WB      RMP018.00A","TYPE":"END","RAMP_TYPE":"ON-RAMP","TERMINAL_SIDE":"END","RTE_CATEGORY_NM":"Non-Interstate Ramp","MPO_ID":"NOVA","AREA_TYPE_ID":"U"}},{"type":"Feature","geometry":{"type":"Point","coordinates":[-77.83259041059212,38.46634156931355]},"properties":{"OBJECTID":2763,"RTE_NM":"R-VA   IS00095RV      RMP155.00A","TYPE":"END","RAMP_TYPE":"ON-RAMP","TERMINAL_SIDE":"END","RTE_CATEGORY_NM":"Interstate Ramp","MPO_ID":"NOVA","AREA_TYPE_ID":"U"}},{"type":"Feature","geometry":{"type":"Point","coordinates":[-77.53500701403189,37.9899615667991]},"properties":{"OBJECTID":2775,"RTE_NM":"R-VA   IS00664WB      RMP001.00A","TYPE":"END","RAMP_TYPE":"ON-RAMP","TERMINAL_SIDE":"END","RTE_CATEGORY_NM":"Interstate Ramp","MPO_ID":"HAMP","AREA_TYPE_ID":"U"}},{"type":"Feature","geometry":{"type":"Point","coordinates":[-77.80690762059587,38.527814002144076]},"properties":{"OBJECTID":2780,"RTE_NM":"R-VA029SC00620EB      RMP017.00B","TYPE":"END","RAMP_TYPE":"ON-RAMP","TERMINAL_SIDE":"END","RTE_CATEGORY_NM":"Interstate Ramp","MPO_ID":"NOVA","AREA_TYPE_ID":"U"}},{"type":"Feature","geometry":{"type":"Point","coordinates":[-77.83404286695146,38.137297160531936]},"properties":{"OBJECTID":2781,"RTE_NM":"R-VA   SR00156SB      RMP047.00B","TYPE":"END","RAMP_TYPE":"ON-RAMP","TERMINAL_SIDE":"END","RTE_CATEGORY_NM":"Interstate Ramp","MPO_ID":"RICH","AREA_TYPE_ID":"U"}},{"type":"Feature","geometry":{"type":"Point","coordinates":[-77.84024005718479,38.034214235078586]},"properties":{"OBJECTID":2784,"RTE_NM":"R-VA123UR09010WB      RMP000.00A","TYPE":"END","RAMP_TYPE":"ON-RAMP","TERMINAL_SIDE":"END","RTE_CATEGORY_NM":"Interstate Ramp","MPO_ID":"TCAT","AREA_TYPE_ID":"U"}},{"type":"Feature","geometry":{"type":"Point","coordinates":[-79.26522093163699,37.8853687859777]},"properties":{"OBJECTID":2788,"RTE_NM":"R-VA   SR00075UK      RMP009.00A","TYPE":"END","RAMP_TYPE":"ON-RAMP","TERMINAL_SIDE":"END","RTE_CATEGORY_NM":"Interstate Ramp","MPO_ID":"BRIS","AREA_TYPE_ID":"U"}},{"type":"Feature","geometry":{"type":"Point","coordinates":[-78.72793330936803,38.042325920852086]},"properties":{"OBJECTID":2798,"RTE_NM":"R-VA060SC00603UK      RMP011.00A","TYPE":"END","RAMP_TYPE":"ON-RAMP","TERMINAL_SIDE":"END","RTE_CATEGORY_NM":"Interstate Ramp","MPO_ID":"ROAN","AREA_TYPE_ID":"R"}},{"type":"Feature","geometry":{"type":"Point","coordinates":[-77.86416366917683,38.14288991184264]},"properties":{"OBJECTID":2799,"RTE_NM":"R-VA127UR07609UK      RMP000.00A","TYPE":"END","RAMP_TYPE":"ON-RAMP","TERMINAL_SIDE":"END","RTE_CATEGORY_NM":"Interstate Ramp","MPO_ID":"RICH","AREA_TYPE_ID":"U"}},{"type":"Feature","geometry":{"type":"Point","coordinates":[-78.64607341259918,38.20827807611316]},"properties":{"OBJECTID":2803,"RTE_NM":"R-VA   US00060UK      RMP017.00A","TYPE":"END","RAMP_TYPE":"ON-RAMP","TERMINAL_SIDE":"END","RTE_CATEGORY_NM":"Interstate Ramp","MPO_ID":null,"AREA_TYPE_ID":"C"}},{"type":"Feature","geometry":{"type":"Point","coordinates":[-78.00713916499099,38.21286455475725]},"properties":{"OBJECTID":2806,"RTE_NM":"R-VA   US00522UK      RMP018.00B","TYPE":"END","RAMP_TYPE":"ON-RAMP","TERMINAL_SIDE":"END","RTE_CATEGORY_NM":"Interstate Ramp","MPO_ID":null,"AREA_TYPE_ID":"R"}},{"type":"Feature","geometry":{"type":"Point","coordinates":[-77.75564735409637,38.54668385282684]},"properties":{"OBJECTID":2809,"RTE_NM":"R-VA000SC99015SB      RMP000.00A","TYPE":"END","RAMP_TYPE":"ON-RAMP","TERMINAL_SIDE":"END","RTE_CATEGORY_NM":"Interstate Ramp","MPO_ID":"NOVA","AREA_TYPE_ID":"U"}},{"type":"Feature","geometry":{"type":"Point","coordinates":[-77.48930573797831,37.94743893042425]},"properties":{"OBJECTID":2810,"RTE_NM":"R-VA   SR00247EB      RMP004.00A","TYPE":"END","RAMP_TYPE":"ON-RAMP","TERMINAL_SIDE":"END","RTE_CATEGORY_NM":"Interstate Ramp","MPO_ID":"HAMP","AREA_TYPE_ID":"U"}},{"type":"Feature","geometry":{"type":"Point","coordinates":[-77.85128511689203,38.049505838278776]},"properties":{"OBJECTID":2815,"RTE_NM":"R-VA106UR00002UK      RMP000.00B","TYPE":"END","RAMP_TYPE":"ON-RAMP","TERMINAL_SIDE":"END","RTE_CATEGORY_NM":"Interstate Ramp","MPO_ID":"TCAT","AREA_TYPE_ID":"U"}},{"type":"Feature","geometry":{"type":"Point","coordinates":[-77.8276148951748,38.47531017534737]},"properties":{"OBJECTID":2819,"RTE_NM":"R-VA076SC02000WB      RMP004.00A","TYPE":"END","RAMP_TYPE":"ON-RAMP","TERMINAL_SIDE":"END","RTE_CATEGORY_NM":"Interstate Ramp","MPO_ID":"NOVA","AREA_TYPE_ID":"U"}},{"type":"Feature","geometry":{"type":"Point","coordinates":[-77.85133293215291,38.04954863403493]},"properties":{"OBJECTID":2820,"RTE_NM":"R-VA106UR00002UK      RMP000.00A","TYPE":"END","RAMP_TYPE":"ON-RAMP","TERMINAL_SIDE":"END","RTE_CATEGORY_NM":"Interstate Ramp","MPO_ID":"TCAT","AREA_TYPE_ID":"U"}},{"type":"Feature","geometry":{"type":"Point","coordinates":[-77.52076239268267,37.926423066990395]},"properties":{"OBJECTID":2822,"RTE_NM":"R-VA   US00017NB      RMP027.00B","TYPE":"END","RAMP_TYPE":"ON-RAMP","TERMINAL_SIDE":"END","RTE_CATEGORY_NM":"Interstate Ramp","MPO_ID":"HAMP","AREA_TYPE_ID":"U"}},{"type":"Feature","geometry":{"type":"Point","coordinates":[-77.5309665373598,37.91172472109674]},"properties":{"OBJECTID":2823,"RTE_NM":"R-VA   US00013UK      RMP036.00B","TYPE":"END","RAMP_TYPE":"ON-RAMP","TERMINAL_SIDE":"END","RTE_CATEGORY_NM":"Interstate Ramp","MPO_ID":"HAMP","AREA_TYPE_ID":"U"}},{"type":"Feature","geometry":{"type":"Point","coordinates":[-79.00240247936757,38.00366452198826]},"properties":{"OBJECTID":2825,"RTE_NM":"R-VA   US00052UK      RMP066.00A","TYPE":"END","RAMP_TYPE":"ON-RAMP","TERMINAL_SIDE":"END","RTE_CATEGORY_NM":"Interstate Ramp","MPO_ID":null,"AREA_TYPE_ID":"R"}},{"type":"Feature","geometry":{"type":"Point","coordinates":[-77.47796026397276,37.92248430309865]},"properties":{"OBJECTID":2827,"RTE_NM":"R-VA134UR00007EB      RMP001.00B","TYPE":"END","RAMP_TYPE":"ON-RAMP","TERMINAL_SIDE":"END","RTE_CATEGORY_NM":"Interstate Ramp","MPO_ID":"HAMP","AREA_TYPE_ID":"U"}},{"type":"Feature","geometry":{"type":"Point","coordinates":[-78.80947181913986,38.00136728957919]},"properties":{"OBJECTID":2833,"RTE_NM":"R-VA   SR00177UK      RMP000.00A","TYPE":"END","RAMP_TYPE":"ON-RAMP","TERMINAL_SIDE":"END","RTE_CATEGORY_NM":"Interstate Ramp","MPO_ID":"NRV","AREA_TYPE_ID":"R"}},{"type":"Feature","geometry":{"type":"Point","coordinates":[-77.49983782803479,37.90862974938197]},"properties":{"OBJECTID":2834,"RTE_NM":"R-VA   IS00064WB      RMP291.00A","TYPE":"END","RAMP_TYPE":"ON-RAMP","TERMINAL_SIDE":"END","RTE_CATEGORY_NM":"Interstate Ramp","MPO_ID":"HAMP","AREA_TYPE_ID":"U"}},{"type":"Feature","geometry":{"type":"Point","coordinates":[-77.83232787588534,38.13730748571946]},"properties":{"OBJECTID":2841,"RTE_NM":"R-VA   IS00064WB      RMP197.00A","TYPE":"END","RAMP_TYPE":"ON-RAMP","TERMINAL_SIDE":"END","RTE_CATEGORY_NM":"Interstate Ramp","MPO_ID":"RICH","AREA_TYPE_ID":"U"}},{"type":"Feature","geometry":{"type":"Point","coordinates":[-77.89314037415221,38.15974196922898]},"properties":{"OBJECTID":2842,"RTE_NM":"R-VA043SC07536SB      RMP001.00A","TYPE":"END","RAMP_TYPE":"ON-RAMP","TERMINAL_SIDE":"END","RTE_CATEGORY_NM":"Interstate Ramp","MPO_ID":"RICH","AREA_TYPE_ID":"U"}},{"type":"Feature","geometry":{"type":"Point","coordinates":[-78.63913187824015,38.08183060600624]},"properties":{"OBJECTID":2846,"RTE_NM":"R-VA   SR00115UK      RMP006.00A","TYPE":"END","RAMP_TYPE":"ON-RAMP","TERMINAL_SIDE":"END","RTE_CATEGORY_NM":"Interstate Ramp","MPO_ID":"ROAN","AREA_TYPE_ID":"U"}},{"type":"Feature","geometry":{"type":"Point","coordinates":[-79.34424383191133,37.8575430720926]},"properties":{"OBJECTID":2849,"RTE_NM":"R-VA   US00421WB      RMP066.00B","TYPE":"END","RAMP_TYPE":"ON-RAMP","TERMINAL_SIDE":"END","RTE_CATEGORY_NM":"Interstate Ramp","MPO_ID":"BRIS","AREA_TYPE_ID":"U"}},{"type":"Feature","geometry":{"type":"Point","coordinates":[-79.19224932550503,37.90959297965932]},"properties":{"OBJECTID":2851,"RTE_NM":"R-VA   US00011UK      RMP030.00B","TYPE":"END","RAMP_TYPE":"ON-RAMP","TERMINAL_SIDE":"END","RTE_CATEGORY_NM":"Interstate Ramp","MPO_ID":null,"AREA_TYPE_ID":"R"}},{"type":"Feature","geometry":{"type":"Point","coordinates":[-77.82089816560925,38.14483019076385]},"properties":{"OBJECTID":2852,"RTE_NM":"R-VA   SR00156SB      RMP050.00B","TYPE":"END","RAMP_TYPE":"ON-RAMP","TERMINAL_SIDE":"END","RTE_CATEGORY_NM":"Interstate Ramp","MPO_ID":"RICH","AREA_TYPE_ID":"U"}},{"type":"Feature","geometry":{"type":"Point","coordinates":[-77.86388800594598,38.14170924470746]},"properties":{"OBJECTID":2853,"RTE_NM":"R-VA127UR00044NB      RMP001.00A","TYPE":"END","RAMP_TYPE":"ON-RAMP","TERMINAL_SIDE":"END","RTE_CATEGORY_NM":"Interstate Ramp","MPO_ID":"RICH","AREA_TYPE_ID":"U"}},{"type":"Feature","geometry":{"type":"Point","coordinates":[-77.7561343835819,38.13005900543341]},"properties":{"OBJECTID":2854,"RTE_NM":"R-VA   SR00106UK      RMP028.00A","TYPE":"END","RAMP_TYPE":"ON-RAMP","TERMINAL_SIDE":"END","RTE_CATEGORY_NM":"Interstate Ramp","MPO_ID":"RICH","AREA_TYPE_ID":"R"}},{"type":"Feature","geometry":{"type":"Point","coordinates":[-77.76553246436063,38.539351700704174]},"properties":{"OBJECTID":2857,"RTE_NM":"R-VA   SR00120EB      RMP007.00B","TYPE":"END","RAMP_TYPE":"ON-RAMP","TERMINAL_SIDE":"END","RTE_CATEGORY_NM":"Interstate Ramp","MPO_ID":"NOVA","AREA_TYPE_ID":"U"}},{"type":"Feature","geometry":{"type":"Point","coordinates":[-77.86210309357782,38.4228275801378]},"properties":{"OBJECTID":2858,"RTE_NM":"R-VA   US00001UK      RMP159.00A","TYPE":"END","RAMP_TYPE":"ON-RAMP","TERMINAL_SIDE":"END","RTE_CATEGORY_NM":"Interstate Ramp","MPO_ID":"FRED","AREA_TYPE_ID":"U"}},{"type":"Feature","geometry":{"type":"Point","coordinates":[-77.87692561814163,38.53524359691735]},"properties":{"OBJECTID":2860,"RTE_NM":"R-VA   US00029SB      RMP226.00A","TYPE":"END","RAMP_TYPE":"ON-RAMP","TERMINAL_SIDE":"END","RTE_CATEGORY_NM":"Interstate Ramp","MPO_ID":"NOVA","AREA_TYPE_ID":"U"}},{"type":"Feature","geometry":{"type":"Point","coordinates":[-78.32476482721226,38.38608691024052]},"properties":{"OBJECTID":2864,"RTE_NM":"R-VA   SR00257UK      RMP018.00B","TYPE":"END","RAMP_TYPE":"ON-RAMP","TERMINAL_SIDE":"END","RTE_CATEGORY_NM":"Interstate Ramp","MPO_ID":"HAR","AREA_TYPE_ID":"U"}},{"type":"Feature","geometry":{"type":"Point","coordinates":[-78.64659210393397,38.06647425263282]},"properties":{"OBJECTID":2865,"RTE_NM":"R-VA   SR00101WB      RMP001.00B","TYPE":"END","RAMP_TYPE":"ON-RAMP","TERMINAL_SIDE":"END","RTE_CATEGORY_NM":"Interstate Ramp","MPO_ID":"ROAN","AREA_TYPE_ID":"U"}},{"type":"Feature","geometry":{"type":"Point","coordinates":[-77.84340324229328,38.16083403598708]},"properties":{"OBJECTID":2872,"RTE_NM":"R-VA   US00360WB      RMP147.00A","TYPE":"END","RAMP_TYPE":"ON-RAMP","TERMINAL_SIDE":"END","RTE_CATEGORY_NM":"Interstate Ramp","MPO_ID":"RICH","AREA_TYPE_ID":"U"}},{"type":"Feature","geometry":{"type":"Point","coordinates":[-78.6343158754905,38.05581261982915]},"properties":{"OBJECTID":2874,"RTE_NM":"R-VA   US00011NB      RMP152.00A","TYPE":"END","RAMP_TYPE":"ON-RAMP","TERMINAL_SIDE":"END","RTE_CATEGORY_NM":"Interstate Ramp","MPO_ID":"ROAN","AREA_TYPE_ID":"U"}},{"type":"Feature","geometry":{"type":"Point","coordinates":[-77.83757447704559,38.028317089845515]},"properties":{"OBJECTID":2876,"RTE_NM":"R-VA123UR09008UK      RMP000.00A","TYPE":"END","RAMP_TYPE":"ON-RAMP","TERMINAL_SIDE":"END","RTE_CATEGORY_NM":"Interstate Ramp","MPO_ID":"TCAT","AREA_TYPE_ID":"U"}},{"type":"Feature","geometry":{"type":"Point","coordinates":[-77.46155183079905,37.931280218578934]},"properties":{"OBJECTID":2877,"RTE_NM":"R-VA   SR00225SB      RMP000.00B","TYPE":"END","RAMP_TYPE":"ON-RAMP","TERMINAL_SIDE":"END","RTE_CATEGORY_NM":"Interstate Ramp","MPO_ID":"HAMP","AREA_TYPE_ID":"U"}},{"type":"Feature","geometry":{"type":"Point","coordinates":[-78.34478769758603,38.30268281838398]},"properties":{"OBJECTID":2878,"RTE_NM":"R-VA   SR00285UK      RMP000.00B","TYPE":"END","RAMP_TYPE":"ON-RAMP","TERMINAL_SIDE":"END","RTE_CATEGORY_NM":"Interstate Ramp","MPO_ID":"SAW","AREA_TYPE_ID":"U"}},{"type":"Feature","geometry":{"type":"Point","coordinates":[-77.47856832546996,37.934699239075925]},"properties":{"OBJECTID":2882,"RTE_NM":"R-VA   IS00264WB      RMP014.00B","TYPE":"END","RAMP_TYPE":"ON-RAMP","TERMINAL_SIDE":"END","RTE_CATEGORY_NM":"Interstate Ramp","MPO_ID":"HAMP","AREA_TYPE_ID":"U"}},{"type":"Feature","geometry":{"type":"Point","coordinates":[-77.43912926294189,37.93234441748127]},"properties":{"OBJECTID":2886,"RTE_NM":"R-VA134UR00014SB      RMP003.00B","TYPE":"END","RAMP_TYPE":"ON-RAMP","TERMINAL_SIDE":"END","RTE_CATEGORY_NM":"Interstate Ramp","MPO_ID":"HAMP","AREA_TYPE_ID":"U"}},{"type":"Feature","geometry":{"type":"Point","coordinates":[-78.99130213482785,38.03853375939983]},"properties":{"OBJECTID":2889,"RTE_NM":"R-VA010SC00606UK      RMP000.00A","TYPE":"END","RAMP_TYPE":"ON-RAMP","TERMINAL_SIDE":"END","RTE_CATEGORY_NM":"Interstate Ramp","MPO_ID":null,"AREA_TYPE_ID":"R"}},{"type":"Feature","geometry":{"type":"Point","coordinates":[-77.53119448870879,37.99075320702167]},"properties":{"OBJECTID":2898,"RTE_NM":"R-VA114UR07035EB      RMP006.00A","TYPE":"END","RAMP_TYPE":"ON-RAMP","TERMINAL_SIDE":"END","RTE_CATEGORY_NM":"Interstate Ramp","MPO_ID":"HAMP","AREA_TYPE_ID":"U"}},{"type":"Feature","geometry":{"type":"Point","coordinates":[-77.86357602007776,38.14125341975336]},"properties":{"OBJECTID":2900,"RTE_NM":"R-VA   IS00064WB      RMP190.00A","TYPE":"END","RAMP_TYPE":"ON-RAMP","TERMINAL_SIDE":"END","RTE_CATEGORY_NM":"Interstate Ramp","MPO_ID":"RICH","AREA_TYPE_ID":"U"}},{"type":"Feature","geometry":{"type":"Point","coordinates":[-77.83539789423098,38.15398434488057]},"properties":{"OBJECTID":2905,"RTE_NM":"R-VA042SC00615SB      RMP000.00B","TYPE":"END","RAMP_TYPE":"ON-RAMP","TERMINAL_SIDE":"END","RTE_CATEGORY_NM":"Interstate Ramp","MPO_ID":"RICH","AREA_TYPE_ID":"U"}},{"type":"Feature","geometry":{"type":"Point","coordinates":[-77.87869372999673,38.150324179948335]},"properties":{"OBJECTID":2912,"RTE_NM":"R-VA127UR07631UK      RMP001.00B","TYPE":"END","RAMP_TYPE":"ON-RAMP","TERMINAL_SIDE":"END","RTE_CATEGORY_NM":"Interstate Ramp","MPO_ID":"RICH","AREA_TYPE_ID":"U"}},{"type":"Feature","geometry":{"type":"Point","coordinates":[-78.0339526200407,38.2297964493148]},"properties":{"OBJECTID":2916,"RTE_NM":"R-VA037SC00629UK      RMP001.00A","TYPE":"END","RAMP_TYPE":"ON-RAMP","TERMINAL_SIDE":"END","RTE_CATEGORY_NM":"Interstate Ramp","MPO_ID":null,"AREA_TYPE_ID":"R"}},{"type":"Feature","geometry":{"type":"Point","coordinates":[-77.90888179404348,38.16837164464726]},"properties":{"OBJECTID":2919,"RTE_NM":"R-VA043SC07514NB      RMP003.00B","TYPE":"END","RAMP_TYPE":"ON-RAMP","TERMINAL_SIDE":"END","RTE_CATEGORY_NM":"Interstate Ramp","MPO_ID":"RICH","AREA_TYPE_ID":"U"}},{"type":"Feature","geometry":{"type":"Point","coordinates":[-79.27787209620945,37.88376853378832]},"properties":{"OBJECTID":2923,"RTE_NM":"R-VA   IS00081NB      RMP014.00A","TYPE":"END","RAMP_TYPE":"ON-RAMP","TERMINAL_SIDE":"END","RTE_CATEGORY_NM":"Interstate Ramp","MPO_ID":"BRIS","AREA_TYPE_ID":"U"}},{"type":"Feature","geometry":{"type":"Point","coordinates":[-77.47844407846189,37.93165857805728]},"properties":{"OBJECTID":2924,"RTE_NM":"R-VA   IS00064WB      RMP285.00A","TYPE":"END","RAMP_TYPE":"ON-RAMP","TERMINAL_SIDE":"END","RTE_CATEGORY_NM":"Interstate Ramp","MPO_ID":"HAMP","AREA_TYPE_ID":"U"}},{"type":"Feature","geometry":{"type":"Point","coordinates":[-77.50029196997065,37.90832429081115]},"properties":{"OBJECTID":2932,"RTE_NM":"R-VA   IS00464SB      RMP001.00A","TYPE":"END","RAMP_TYPE":"ON-RAMP","TERMINAL_SIDE":"END","RTE_CATEGORY_NM":"Interstate Ramp","MPO_ID":"HAMP","AREA_TYPE_ID":"U"}},{"type":"Feature","geometry":{"type":"Point","coordinates":[-78.66483061797075,38.07001005902418]},"properties":{"OBJECTID":2933,"RTE_NM":"R-VA   SR00419UK      RMP010.00B","TYPE":"END","RAMP_TYPE":"ON-RAMP","TERMINAL_SIDE":"END","RTE_CATEGORY_NM":"Interstate Ramp","MPO_ID":"ROAN","AREA_TYPE_ID":"U"}},{"type":"Feature","geometry":{"type":"Point","coordinates":[-77.59079334880713,38.03162912055466]},"properties":{"OBJECTID":2935,"RTE_NM":"R-VA   SR00105EB      RMP001.00A","TYPE":"END","RAMP_TYPE":"ON-RAMP","TERMINAL_SIDE":"END","RTE_CATEGORY_NM":"Interstate Ramp","MPO_ID":"HAMP","AREA_TYPE_ID":"U"}},{"type":"Feature","geometry":{"type":"Point","coordinates":[-77.89573664757953,37.88486872208042]},"properties":{"OBJECTID":2936,"RTE_NM":"R-VA   US00058WB      RMP411.00B","TYPE":"END","RAMP_TYPE":"ON-RAMP","TERMINAL_SIDE":"END","RTE_CATEGORY_NM":"Interstate Ramp","MPO_ID":null,"AREA_TYPE_ID":"R"}},{"type":"Feature","geometry":{"type":"Point","coordinates":[-78.0830673250037,37.85084366088962]},"properties":{"OBJECTID":2938,"RTE_NM":"R-VA058SC00903UK      RMP007.00B","TYPE":"END","RAMP_TYPE":"ON-RAMP","TERMINAL_SIDE":"END","RTE_CATEGORY_NM":"Interstate Ramp","MPO_ID":null,"AREA_TYPE_ID":"R"}},{"type":"Feature","geometry":{"type":"Point","coordinates":[-77.47833958158722,37.930441762348785]},"properties":{"OBJECTID":2942,"RTE_NM":"R-VA   IS00064RV      RMP008.00A","TYPE":"END","RAMP_TYPE":"ON-RAMP","TERMINAL_SIDE":"END","RTE_CATEGORY_NM":"Interstate Ramp","MPO_ID":"HAMP","AREA_TYPE_ID":"U"}},{"type":"Feature","geometry":{"type":"Point","coordinates":[-77.60164204090646,38.043488799432744]},"properties":{"OBJECTID":2943,"RTE_NM":"R-VA   SR00143UK      RMP027.00B","TYPE":"END","RAMP_TYPE":"ON-RAMP","TERMINAL_SIDE":"END","RTE_CATEGORY_NM":"Interstate Ramp","MPO_ID":"HAMP","AREA_TYPE_ID":"U"}},{"type":"Feature","geometry":{"type":"Point","coordinates":[-77.5292851045847,37.909831506897156]},"properties":{"OBJECTID":2948,"RTE_NM":"R-VA   US00013UK      RMP036.00A","TYPE":"END","RAMP_TYPE":"ON-RAMP","TERMINAL_SIDE":"END","RTE_CATEGORY_NM":"Interstate Ramp","MPO_ID":"HAMP","AREA_TYPE_ID":"U"}},{"type":"Feature","geometry":{"type":"Point","coordinates":[-79.04735840692341,37.948742334797714]},"properties":{"OBJECTID":2949,"RTE_NM":"R-VA   SR00090UK      RMP001.00A","TYPE":"END","RAMP_TYPE":"ON-RAMP","TERMINAL_SIDE":"END","RTE_CATEGORY_NM":"Interstate Ramp","MPO_ID":null,"AREA_TYPE_ID":"R"}},{"type":"Feature","geometry":{"type":"Point","coordinates":[-77.86282166136782,38.42210651254058]},"properties":{"OBJECTID":2959,"RTE_NM":"R-VA089SC00610WB      RMP010.00A","TYPE":"END","RAMP_TYPE":"ON-RAMP","TERMINAL_SIDE":"END","RTE_CATEGORY_NM":"Interstate Ramp","MPO_ID":"FRED","AREA_TYPE_ID":"U"}},{"type":"Feature","geometry":{"type":"Point","coordinates":[-77.48197446357544,37.93376695710545]},"properties":{"OBJECTID":2963,"RTE_NM":"R-VA   US00013NB      RMP047.00A","TYPE":"END","RAMP_TYPE":"ON-RAMP","TERMINAL_SIDE":"END","RTE_CATEGORY_NM":"Interstate Ramp","MPO_ID":"HAMP","AREA_TYPE_ID":"U"}},{"type":"Feature","geometry":{"type":"Point","coordinates":[-78.88580017363162,37.97551172643965]},"properties":{"OBJECTID":2966,"RTE_NM":"R-VA   FR00327UK      RMP000.00A","TYPE":"END","RAMP_TYPE":"ON-RAMP","TERMINAL_SIDE":"END","RTE_CATEGORY_NM":"Interstate Ramp","MPO_ID":null,"AREA_TYPE_ID":"R"}},{"type":"Feature","geometry":{"type":"Point","coordinates":[-77.52912927446016,37.921441555379296]},"properties":{"OBJECTID":2967,"RTE_NM":"R-VA   SR00239UK      RMP000.00A","TYPE":"END","RAMP_TYPE":"ON-RAMP","TERMINAL_SIDE":"END","RTE_CATEGORY_NM":"Interstate Ramp","MPO_ID":"HAMP","AREA_TYPE_ID":"U"}},{"type":"Feature","geometry":{"type":"Point","coordinates":[-78.1564873117442,38.58542800680547]},"properties":{"OBJECTID":2973,"RTE_NM":"R-VA   SR00055UK      RMP014.00A","TYPE":"END","RAMP_TYPE":"ON-RAMP","TERMINAL_SIDE":"END","RTE_CATEGORY_NM":"Interstate Ramp","MPO_ID":null,"AREA_TYPE_ID":"R"}},{"type":"Feature","geometry":{"type":"Point","coordinates":[-77.86121209979906,38.173707369706925]},"properties":{"OBJECTID":2976,"RTE_NM":"R-VA   US00301SB      RMP083.00B","TYPE":"END","RAMP_TYPE":"ON-RAMP","TERMINAL_SIDE":"END","RTE_CATEGORY_NM":"Interstate Ramp","MPO_ID":"RICH","AREA_TYPE_ID":"U"}},{"type":"Feature","geometry":{"type":"Point","coordinates":[-77.79706926056319,38.575184214096964]},"properties":{"OBJECTID":2977,"RTE_NM":"R-VA029SC99018NB      RMP000.00A","TYPE":"END","RAMP_TYPE":"ON-RAMP","TERMINAL_SIDE":"END","RTE_CATEGORY_NM":"Interstate Ramp","MPO_ID":"NOVA","AREA_TYPE_ID":"U"}},{"type":"Feature","geometry":{"type":"Point","coordinates":[-79.2871972843283,37.878795114316716]},"properties":{"OBJECTID":2981,"RTE_NM":"R-VA095SC00611UK      RMP001.00B","TYPE":"END","RAMP_TYPE":"ON-RAMP","TERMINAL_SIDE":"END","RTE_CATEGORY_NM":"Interstate Ramp","MPO_ID":"BRIS","AREA_TYPE_ID":"U"}},{"type":"Feature","geometry":{"type":"Point","coordinates":[-77.88500516526122,38.1575469259495]},"properties":{"OBJECTID":2984,"RTE_NM":"R-VA   US00033EB      RMP131.00A","TYPE":"END","RAMP_TYPE":"ON-RAMP","TERMINAL_SIDE":"END","RTE_CATEGORY_NM":"Interstate Ramp","MPO_ID":"RICH","AREA_TYPE_ID":"U"}},{"type":"Feature","geometry":{"type":"Point","coordinates":[-77.80844791393262,38.54381548749817]},"properties":{"OBJECTID":2993,"RTE_NM":"R-VA   US00050EB      RMP076.00B","TYPE":"END","RAMP_TYPE":"ON-RAMP","TERMINAL_SIDE":"END","RTE_CATEGORY_NM":"Interstate Ramp","MPO_ID":"NOVA","AREA_TYPE_ID":"U"}},{"type":"Feature","geometry":{"type":"Point","coordinates":[-78.50116707796685,38.176534353140866]},"properties":{"OBJECTID":2998,"RTE_NM":"R-VA   US00011NB      RMP194.00B","TYPE":"END","RAMP_TYPE":"ON-RAMP","TERMINAL_SIDE":"END","RTE_CATEGORY_NM":"Interstate Ramp","MPO_ID":null,"AREA_TYPE_ID":"R"}},{"type":"Feature","geometry":{"type":"Point","coordinates":[-78.6243426832476,38.09047457458132]},"properties":{"OBJECTID":2999,"RTE_NM":"R-VA   US00220NB      RMP076.00B","TYPE":"END","RAMP_TYPE":"ON-RAMP","TERMINAL_SIDE":"END","RTE_CATEGORY_NM":"Interstate Ramp","MPO_ID":"ROAN","AREA_TYPE_ID":"U"}},{"type":"Feature","geometry":{"type":"Point","coordinates":[-77.77165531172516,38.55442417545522]},"properties":{"OBJECTID":3007,"RTE_NM":"R-VA   IS00066EB      RMP072.00A","TYPE":"END","RAMP_TYPE":"ON-RAMP","TERMINAL_SIDE":"END","RTE_CATEGORY_NM":"Interstate Ramp","MPO_ID":"NOVA","AREA_TYPE_ID":"U"}},{"type":"Feature","geometry":{"type":"Point","coordinates":[-77.85820239327475,38.14483311290351]},"properties":{"OBJECTID":3009,"RTE_NM":"R-VA   US00360WB      RMP143.00A","TYPE":"END","RAMP_TYPE":"ON-RAMP","TERMINAL_SIDE":"END","RTE_CATEGORY_NM":"Interstate Ramp","MPO_ID":"RICH","AREA_TYPE_ID":"U"}},{"type":"Feature","geometry":{"type":"Point","coordinates":[-77.8332376083852,38.54558157553079]},"properties":{"OBJECTID":3011,"RTE_NM":"R-VA   SR00123NB      RMP016.00A","TYPE":"END","RAMP_TYPE":"ON-RAMP","TERMINAL_SIDE":"END","RTE_CATEGORY_NM":"Interstate Ramp","MPO_ID":"NOVA","AREA_TYPE_ID":"U"}},{"type":"Feature","geometry":{"type":"Point","coordinates":[-78.66985793095145,38.06803583352886]},"properties":{"OBJECTID":3020,"RTE_NM":"R-VA   SR00311UK      RMP001.00A","TYPE":"END","RAMP_TYPE":"ON-RAMP","TERMINAL_SIDE":"END","RTE_CATEGORY_NM":"Interstate Ramp","MPO_ID":"ROAN","AREA_TYPE_ID":"U"}},{"type":"Feature","geometry":{"type":"Point","coordinates":[-78.26985851956712,38.44929739792512]},"properties":{"OBJECTID":3022,"RTE_NM":"R-VA   US00011UK      RMP274.00B","TYPE":"END","RAMP_TYPE":"ON-RAMP","TERMINAL_SIDE":"END","RTE_CATEGORY_NM":"Interstate Ramp","MPO_ID":null,"AREA_TYPE_ID":"R"}},{"type":"Feature","geometry":{"type":"Point","coordinates":[-77.80864673907473,38.55153303667794]},"properties":{"OBJECTID":3029,"RTE_NM":"R-VA   IS00066WB      RMP064.00A","TYPE":"END","RAMP_TYPE":"ON-RAMP","TERMINAL_SIDE":"END","RTE_CATEGORY_NM":"Interstate Ramp","MPO_ID":"NOVA","AREA_TYPE_ID":"U"}},{"type":"Feature","geometry":{"type":"Point","coordinates":[-78.52133475021769,38.16394396358013]},"properties":{"OBJECTID":3032,"RTE_NM":"R-VA   US00011UK      RMP188.00B","TYPE":"END","RAMP_TYPE":"ON-RAMP","TERMINAL_SIDE":"END","RTE_CATEGORY_NM":"Interstate Ramp","MPO_ID":null,"AREA_TYPE_ID":"R"}},{"type":"Feature","geometry":{"type":"Point","coordinates":[-77.80848549330446,38.544978849147995]},"properties":{"OBJECTID":3042,"RTE_NM":"R-VA   US00050WB      RMP076.00B","TYPE":"END","RAMP_TYPE":"ON-RAMP","TERMINAL_SIDE":"END","RTE_CATEGORY_NM":"Interstate Ramp","MPO_ID":"NOVA","AREA_TYPE_ID":"U"}},{"type":"Feature","geometry":{"type":"Point","coordinates":[-78.97940650134342,37.9577207353481]},"properties":{"OBJECTID":3044,"RTE_NM":"R-VA   US00011NB      RMP072.00B","TYPE":"END","RAMP_TYPE":"ON-RAMP","TERMINAL_SIDE":"END","RTE_CATEGORY_NM":"Interstate Ramp","MPO_ID":null,"AREA_TYPE_ID":"C"}},{"type":"Feature","geometry":{"type":"Point","coordinates":[-77.62092089913823,38.05726191791525]},"properties":{"OBJECTID":3045,"RTE_NM":"R-VA   SR00199WB      RMP005.00A","TYPE":"END","RAMP_TYPE":"ON-RAMP","TERMINAL_SIDE":"END","RTE_CATEGORY_NM":"Non-Interstate Ramp","MPO_ID":"HAMP","AREA_TYPE_ID":"U"}},{"type":"Feature","geometry":{"type":"Point","coordinates":[-78.00496311970544,38.21089979765044]},"properties":{"OBJECTID":3047,"RTE_NM":"R-VA   US00522UK      RMP018.00A","TYPE":"END","RAMP_TYPE":"ON-RAMP","TERMINAL_SIDE":"END","RTE_CATEGORY_NM":"Interstate Ramp","MPO_ID":null,"AREA_TYPE_ID":"R"}},{"type":"Feature","geometry":{"type":"Point","coordinates":[-77.81684770935476,38.485102983184845]},"properties":{"OBJECTID":3053,"RTE_NM":"R-VA   SR00123NB      RMP000.00B","TYPE":"END","RAMP_TYPE":"ON-RAMP","TERMINAL_SIDE":"END","RTE_CATEGORY_NM":"Interstate Ramp","MPO_ID":"NOVA","AREA_TYPE_ID":"U"}},{"type":"Feature","geometry":{"type":"Point","coordinates":[-77.84201038236405,38.15912581821365]},"properties":{"OBJECTID":3057,"RTE_NM":"R-VA   US00360EB      RMP147.00A","TYPE":"END","RAMP_TYPE":"ON-RAMP","TERMINAL_SIDE":"END","RTE_CATEGORY_NM":"Interstate Ramp","MPO_ID":"RICH","AREA_TYPE_ID":"U"}},{"type":"Feature","geometry":{"type":"Point","coordinates":[-78.20539414585687,38.28338848598896]},"properties":{"OBJECTID":3058,"RTE_NM":"R-VA   IS00064WB      RMP118.00A","TYPE":"END","RAMP_TYPE":"ON-RAMP","TERMINAL_SIDE":"END","RTE_CATEGORY_NM":"Interstate Ramp","MPO_ID":"CVIL","AREA_TYPE_ID":"U"}},{"type":"Feature","geometry":{"type":"Point","coordinates":[-77.8883721178409,37.892814915609826]},"properties":{"OBJECTID":3060,"RTE_NM":"R-VA040SC00614UK      RMP002.00B","TYPE":"END","RAMP_TYPE":"ON-RAMP","TERMINAL_SIDE":"END","RTE_CATEGORY_NM":"Interstate Ramp","MPO_ID":null,"AREA_TYPE_ID":"C"}},{"type":"Feature","geometry":{"type":"Point","coordinates":[-78.6512464746407,38.07213360218879]},"properties":{"OBJECTID":3064,"RTE_NM":"R-VA   SR00117WB      RMP005.00B","TYPE":"END","RAMP_TYPE":"ON-RAMP","TERMINAL_SIDE":"END","RTE_CATEGORY_NM":"Interstate Ramp","MPO_ID":null,"AREA_TYPE_ID":"R"}},{"type":"Feature","geometry":{"type":"Point","coordinates":[-78.67122598734635,38.067462204919224]},"properties":{"OBJECTID":3065,"RTE_NM":"R-VA   SR00311UK      RMP001.00B","TYPE":"END","RAMP_TYPE":"ON-RAMP","TERMINAL_SIDE":"END","RTE_CATEGORY_NM":"Interstate Ramp","MPO_ID":"ROAN","AREA_TYPE_ID":"U"}},{"type":"Feature","geometry":{"type":"Point","coordinates":[-77.77232860833335,38.553615441130376]},"properties":{"OBJECTID":3070,"RTE_NM":"R-VA   US00029UK      RMP246.00A","TYPE":"END","RAMP_TYPE":"ON-RAMP","TERMINAL_SIDE":"END","RTE_CATEGORY_NM":"Interstate Ramp","MPO_ID":"NOVA","AREA_TYPE_ID":"U"}},{"type":"Feature","geometry":{"type":"Point","coordinates":[-77.50627378313467,37.92898276462903]},"properties":{"OBJECTID":3072,"RTE_NM":"R-VA122UR08592UK      RMP000.00A","TYPE":"END","RAMP_TYPE":"ON-RAMP","TERMINAL_SIDE":"END","RTE_CATEGORY_NM":"Interstate Ramp","MPO_ID":"HAMP","AREA_TYPE_ID":"U"}},{"type":"Feature","geometry":{"type":"Point","coordinates":[-78.99262266797437,37.961921951800946]},"properties":{"OBJECTID":3077,"RTE_NM":"R-VA   US00052UK      RMP046.00A","TYPE":"END","RAMP_TYPE":"ON-RAMP","TERMINAL_SIDE":"END","RTE_CATEGORY_NM":"Interstate Ramp","MPO_ID":null,"AREA_TYPE_ID":"C"}},{"type":"Feature","geometry":{"type":"Point","coordinates":[-77.54820881900075,37.97855889113673]},"properties":{"OBJECTID":3079,"RTE_NM":"R-VA121UR07017UK      RMP001.00A","TYPE":"END","RAMP_TYPE":"ON-RAMP","TERMINAL_SIDE":"END","RTE_CATEGORY_NM":"Interstate Ramp","MPO_ID":"HAMP","AREA_TYPE_ID":"U"}},{"type":"Feature","geometry":{"type":"Point","coordinates":[-77.53825580057794,37.985641771687575]},"properties":{"OBJECTID":3091,"RTE_NM":"R-VA114UR07059UK      RMP001.00A","TYPE":"END","RAMP_TYPE":"ON-RAMP","TERMINAL_SIDE":"END","RTE_CATEGORY_NM":"Interstate Ramp","MPO_ID":"HAMP","AREA_TYPE_ID":"U"}},{"type":"Feature","geometry":{"type":"Point","coordinates":[-77.44759752029339,37.93281903293896]},"properties":{"OBJECTID":3100,"RTE_NM":"R-VA134UR00013NB      RMP001.00B","TYPE":"END","RAMP_TYPE":"ON-RAMP","TERMINAL_SIDE":"END","RTE_CATEGORY_NM":"Interstate Ramp","MPO_ID":"HAMP","AREA_TYPE_ID":"U"}},{"type":"Feature","geometry":{"type":"Point","coordinates":[-78.64990422919266,38.07052507040286]},"properties":{"OBJECTID":3117,"RTE_NM":"R-VA   SR00117EB      RMP005.00A","TYPE":"END","RAMP_TYPE":"ON-RAMP","TERMINAL_SIDE":"END","RTE_CATEGORY_NM":"Interstate Ramp","MPO_ID":null,"AREA_TYPE_ID":"R"}},{"type":"Feature","geometry":{"type":"Point","coordinates":[-78.91715126107721,37.96300333604156]},"properties":{"OBJECTID":3122,"RTE_NM":"R-VA098SC00618UK      RMP005.00A","TYPE":"END","RAMP_TYPE":"ON-RAMP","TERMINAL_SIDE":"END","RTE_CATEGORY_NM":"Interstate Ramp","MPO_ID":null,"AREA_TYPE_ID":"R"}},{"type":"Feature","geometry":{"type":"Point","coordinates":[-77.82799907163489,38.474200481767326]},"properties":{"OBJECTID":3136,"RTE_NM":"R-VA076SC02000EB      RMP004.00A","TYPE":"END","RAMP_TYPE":"ON-RAMP","TERMINAL_SIDE":"END","RTE_CATEGORY_NM":"Interstate Ramp","MPO_ID":"NOVA","AREA_TYPE_ID":"U"}},{"type":"Feature","geometry":{"type":"Point","coordinates":[-77.55134429100417,37.94459120629803]},"properties":{"OBJECTID":3144,"RTE_NM":"R-VA   SR00135SB      RMP001.00B","TYPE":"END","RAMP_TYPE":"ON-RAMP","TERMINAL_SIDE":"END","RTE_CATEGORY_NM":"Interstate Ramp","MPO_ID":"HAMP","AREA_TYPE_ID":"U"}},{"type":"Feature","geometry":{"type":"Point","coordinates":[-78.9953217504123,37.961319597271164]},"properties":{"OBJECTID":3146,"RTE_NM":"R-VA   US00052UK      RMP046.00B","TYPE":"END","RAMP_TYPE":"ON-RAMP","TERMINAL_SIDE":"END","RTE_CATEGORY_NM":"Interstate Ramp","MPO_ID":null,"AREA_TYPE_ID":"C"}},{"type":"Feature","geometry":{"type":"Point","coordinates":[-77.50008273958966,37.908799104445045]},"properties":{"OBJECTID":3152,"RTE_NM":"R-VA   IS00064EB      RMP291.00B","TYPE":"END","RAMP_TYPE":"ON-RAMP","TERMINAL_SIDE":"END","RTE_CATEGORY_NM":"Interstate Ramp","MPO_ID":"HAMP","AREA_TYPE_ID":"U"}},{"type":"Feature","geometry":{"type":"Point","coordinates":[-78.89937033362162,37.97096335228028]},"properties":{"OBJECTID":3156,"RTE_NM":"R-VA   US00011SB      RMP088.00A","TYPE":"END","RAMP_TYPE":"ON-RAMP","TERMINAL_SIDE":"END","RTE_CATEGORY_NM":"Interstate Ramp","MPO_ID":null,"AREA_TYPE_ID":"R"}},{"type":"Feature","geometry":{"type":"Point","coordinates":[-78.99573317181165,38.046982740607866]},"properties":{"OBJECTID":3157,"RTE_NM":"R-VA   US00052UK      RMP080.00B","TYPE":"END","RAMP_TYPE":"ON-RAMP","TERMINAL_SIDE":"END","RTE_CATEGORY_NM":"Interstate Ramp","MPO_ID":null,"AREA_TYPE_ID":"R"}},{"type":"Feature","geometry":{"type":"Point","coordinates":[-78.30585615945051,38.286552841501475]},"properties":{"OBJECTID":3158,"RTE_NM":"R-VA   US00250UK      RMP073.00A","TYPE":"END","RAMP_TYPE":"ON-RAMP","TERMINAL_SIDE":"END","RTE_CATEGORY_NM":"Non-Interstate Ramp","MPO_ID":"SAW","AREA_TYPE_ID":"R"}},{"type":"Feature","geometry":{"type":"Point","coordinates":[-77.83212250494027,38.137268977279106]},"properties":{"OBJECTID":3159,"RTE_NM":"R-VA   SR00156NB      RMP047.00B","TYPE":"END","RAMP_TYPE":"ON-RAMP","TERMINAL_SIDE":"END","RTE_CATEGORY_NM":"Interstate Ramp","MPO_ID":"RICH","AREA_TYPE_ID":"U"}},{"type":"Feature","geometry":{"type":"Point","coordinates":[-77.48998644504572,37.94838036427114]},"properties":{"OBJECTID":3164,"RTE_NM":"R-VA   SR00247WB      RMP004.00A","TYPE":"END","RAMP_TYPE":"ON-RAMP","TERMINAL_SIDE":"END","RTE_CATEGORY_NM":"Interstate Ramp","MPO_ID":"HAMP","AREA_TYPE_ID":"U"}},{"type":"Feature","geometry":{"type":"Point","coordinates":[-77.84889144789173,38.04182211859845]},"properties":{"OBJECTID":3165,"RTE_NM":"R-VA   US00301UK      RMP051.00B","TYPE":"END","RAMP_TYPE":"ON-RAMP","TERMINAL_SIDE":"END","RTE_CATEGORY_NM":"Interstate Ramp","MPO_ID":"TCAT","AREA_TYPE_ID":"U"}},{"type":"Feature","geometry":{"type":"Point","coordinates":[-77.84737713794703,38.04110298860994]},"properties":{"OBJECTID":3166,"RTE_NM":"R-VA   US00301NB      RMP051.00A","TYPE":"END","RAMP_TYPE":"ON-RAMP","TERMINAL_SIDE":"END","RTE_CATEGORY_NM":"Interstate Ramp","MPO_ID":"TCAT","AREA_TYPE_ID":"U"}},{"type":"Feature","geometry":{"type":"Point","coordinates":[-78.19596159831136,38.27945313301057]},"properties":{"OBJECTID":3167,"RTE_NM":"R-VA002SC00631UK      RMP011.00A","TYPE":"END","RAMP_TYPE":"ON-RAMP","TERMINAL_SIDE":"END","RTE_CATEGORY_NM":"Interstate Ramp","MPO_ID":"CVIL","AREA_TYPE_ID":"U"}},{"type":"Feature","geometry":{"type":"Point","coordinates":[-77.50463137290615,37.92482986000779]},"properties":{"OBJECTID":3173,"RTE_NM":"R-VA   SR00337WB      RMP023.00B","TYPE":"END","RAMP_TYPE":"ON-RAMP","TERMINAL_SIDE":"END","RTE_CATEGORY_NM":"Interstate Ramp","MPO_ID":"HAMP","AREA_TYPE_ID":"U"}},{"type":"Feature","geometry":{"type":"Point","coordinates":[-77.98209679083472,38.538490920326815]},"properties":{"OBJECTID":3180,"RTE_NM":"R-VA   SR00245UK      RMP002.00B","TYPE":"END","RAMP_TYPE":"ON-RAMP","TERMINAL_SIDE":"END","RTE_CATEGORY_NM":"Interstate Ramp","MPO_ID":null,"AREA_TYPE_ID":"R"}},{"type":"Feature","geometry":{"type":"Point","coordinates":[-77.84859062618808,38.54272396541828]},"properties":{"OBJECTID":3188,"RTE_NM":"R-VA   US00050EB      RMP069.00A","TYPE":"END","RAMP_TYPE":"ON-RAMP","TERMINAL_SIDE":"END","RTE_CATEGORY_NM":"Interstate Ramp","MPO_ID":"NOVA","AREA_TYPE_ID":"U"}},{"type":"Feature","geometry":{"type":"Point","coordinates":[-78.36061597288011,38.314172545203085]},"properties":{"OBJECTID":3195,"RTE_NM":"R-VA   IS00064WB      RMP087.00A","TYPE":"END","RAMP_TYPE":"ON-RAMP","TERMINAL_SIDE":"END","RTE_CATEGORY_NM":"Interstate Ramp","MPO_ID":"SAW","AREA_TYPE_ID":"U"}},{"type":"Feature","geometry":{"type":"Point","coordinates":[-77.51003118123568,37.97061322678748]},"properties":{"OBJECTID":3197,"RTE_NM":"R-VA122UR99001UK      RMP000.00A","TYPE":"END","RAMP_TYPE":"ON-RAMP","TERMINAL_SIDE":"END","RTE_CATEGORY_NM":"Interstate Ramp","MPO_ID":"HAMP","AREA_TYPE_ID":"U"}},{"type":"Feature","geometry":{"type":"Point","coordinates":[-77.64905462337627,38.08688240832537]},"properties":{"OBJECTID":3200,"RTE_NM":"R-VA099SC00646SB      RMP001.00B","TYPE":"END","RAMP_TYPE":"ON-RAMP","TERMINAL_SIDE":"END","RTE_CATEGORY_NM":"Interstate Ramp","MPO_ID":"HAMP","AREA_TYPE_ID":"U"}},{"type":"Feature","geometry":{"type":"Point","coordinates":[-77.78293197370287,38.52987123875762]},"properties":{"OBJECTID":3201,"RTE_NM":"R-VA   SR00236WB      RMP010.00A","TYPE":"END","RAMP_TYPE":"ON-RAMP","TERMINAL_SIDE":"END","RTE_CATEGORY_NM":"Interstate Ramp","MPO_ID":"NOVA","AREA_TYPE_ID":"U"}},{"type":"Feature","geometry":{"type":"Point","coordinates":[-78.25017585975468,38.47344521999043]},"properties":{"OBJECTID":3207,"RTE_NM":"R-VA   US00211UK      RMP000.00A","TYPE":"END","RAMP_TYPE":"ON-RAMP","TERMINAL_SIDE":"END","RTE_CATEGORY_NM":"Interstate Ramp","MPO_ID":null,"AREA_TYPE_ID":"R"}},{"type":"Feature","geometry":{"type":"Point","coordinates":[-77.86240071012311,38.03655318023529]},"properties":{"OBJECTID":3213,"RTE_NM":"R-VA123UR09011UK      RMP001.00B","TYPE":"END","RAMP_TYPE":"ON-RAMP","TERMINAL_SIDE":"END","RTE_CATEGORY_NM":"Interstate Ramp","MPO_ID":"TCAT","AREA_TYPE_ID":"U"}},{"type":"Feature","geometry":{"type":"Point","coordinates":[-77.86293028934229,38.13353463636113]},"properties":{"OBJECTID":3215,"RTE_NM":"R-VA127UR07567UK      RMP001.00A","TYPE":"END","RAMP_TYPE":"ON-RAMP","TERMINAL_SIDE":"END","RTE_CATEGORY_NM":"Interstate Ramp","MPO_ID":"RICH","AREA_TYPE_ID":"U"}},{"type":"Feature","geometry":{"type":"Point","coordinates":[-77.80140201738651,38.55500448364529]},"properties":{"OBJECTID":3216,"RTE_NM":"R-VA   SR00007WB      RMP062.00A","TYPE":"END","RAMP_TYPE":"ON-RAMP","TERMINAL_SIDE":"END","RTE_CATEGORY_NM":"Interstate Ramp","MPO_ID":"NOVA","AREA_TYPE_ID":"U"}},{"type":"Feature","geometry":{"type":"Point","coordinates":[-77.87895579779958,38.15441656447844]},"properties":{"OBJECTID":3223,"RTE_NM":"R-VA   IS00195SB      RMP018.00A","TYPE":"END","RAMP_TYPE":"ON-RAMP","TERMINAL_SIDE":"END","RTE_CATEGORY_NM":"Interstate Ramp","MPO_ID":"RICH","AREA_TYPE_ID":"U"}},{"type":"Feature","geometry":{"type":"Point","coordinates":[-77.848836555151,37.95913317929078]},"properties":{"OBJECTID":3226,"RTE_NM":"R-VA   SR00040UK      RMP196.00B","TYPE":"END","RAMP_TYPE":"ON-RAMP","TERMINAL_SIDE":"END","RTE_CATEGORY_NM":"Interstate Ramp","MPO_ID":null,"AREA_TYPE_ID":"R"}},{"type":"Feature","geometry":{"type":"Point","coordinates":[-77.55083390117771,37.945557812325426]},"properties":{"OBJECTID":3232,"RTE_NM":"R-VA   IS00664WB      RMP008.00A","TYPE":"END","RAMP_TYPE":"ON-RAMP","TERMINAL_SIDE":"END","RTE_CATEGORY_NM":"Interstate Ramp","MPO_ID":"HAMP","AREA_TYPE_ID":"U"}},{"type":"Feature","geometry":{"type":"Point","coordinates":[-77.54829681026209,37.97151367782889]},"properties":{"OBJECTID":3240,"RTE_NM":"R-VA121UR99020NB      RMP000.00A","TYPE":"END","RAMP_TYPE":"ON-RAMP","TERMINAL_SIDE":"END","RTE_CATEGORY_NM":"Interstate Ramp","MPO_ID":"HAMP","AREA_TYPE_ID":"U"}},{"type":"Feature","geometry":{"type":"Point","coordinates":[-79.00244686292463,38.00572234794017]},"properties":{"OBJECTID":3255,"RTE_NM":"R-VA   US00052UK      RMP066.00B","TYPE":"END","RAMP_TYPE":"ON-RAMP","TERMINAL_SIDE":"END","RTE_CATEGORY_NM":"Interstate Ramp","MPO_ID":null,"AREA_TYPE_ID":"R"}},{"type":"Feature","geometry":{"type":"Point","coordinates":[-77.88803301259163,38.286378515574114]},"properties":{"OBJECTID":3257,"RTE_NM":"R-VA016SC00639UK      RMP005.00B","TYPE":"END","RAMP_TYPE":"ON-RAMP","TERMINAL_SIDE":"END","RTE_CATEGORY_NM":"Interstate Ramp","MPO_ID":null,"AREA_TYPE_ID":"R"}},{"type":"Feature","geometry":{"type":"Point","coordinates":[-77.86362235442694,38.14320564894991]},"properties":{"OBJECTID":3263,"RTE_NM":"R-VA   IS00095NB      RMP075.00A","TYPE":"END","RAMP_TYPE":"ON-RAMP","TERMINAL_SIDE":"END","RTE_CATEGORY_NM":"Interstate Ramp","MPO_ID":"RICH","AREA_TYPE_ID":"U"}},{"type":"Feature","geometry":{"type":"Point","coordinates":[-77.49650709779284,37.951782354005665]},"properties":{"OBJECTID":3276,"RTE_NM":"R-VA   SR00168NB      RMP026.00B","TYPE":"END","RAMP_TYPE":"ON-RAMP","TERMINAL_SIDE":"END","RTE_CATEGORY_NM":"Interstate Ramp","MPO_ID":"HAMP","AREA_TYPE_ID":"U"}},{"type":"Feature","geometry":{"type":"Point","coordinates":[-78.12794174590347,38.59038051604437]},"properties":{"OBJECTID":3292,"RTE_NM":"R-VA034SC00627UK      RMP001.00B","TYPE":"END","RAMP_TYPE":"ON-RAMP","TERMINAL_SIDE":"END","RTE_CATEGORY_NM":"Interstate Ramp","MPO_ID":null,"AREA_TYPE_ID":"R"}},{"type":"Feature","geometry":{"type":"Point","coordinates":[-79.26677424248368,37.885576500891034]},"properties":{"OBJECTID":3294,"RTE_NM":"R-VA   SR00075UK      RMP009.00B","TYPE":"END","RAMP_TYPE":"ON-RAMP","TERMINAL_SIDE":"END","RTE_CATEGORY_NM":"Interstate Ramp","MPO_ID":"BRIS","AREA_TYPE_ID":"U"}},{"type":"Feature","geometry":{"type":"Point","coordinates":[-78.99053677559516,38.040243924075845]},"properties":{"OBJECTID":3299,"RTE_NM":"R-VA010SC00606UK      RMP000.00B","TYPE":"END","RAMP_TYPE":"ON-RAMP","TERMINAL_SIDE":"END","RTE_CATEGORY_NM":"Interstate Ramp","MPO_ID":null,"AREA_TYPE_ID":"R"}},{"type":"Feature","geometry":{"type":"Point","coordinates":[-77.88357867858348,38.15716143848502]},"properties":{"OBJECTID":3307,"RTE_NM":"R-VA   US00033EB      RMP131.00B","TYPE":"END","RAMP_TYPE":"ON-RAMP","TERMINAL_SIDE":"END","RTE_CATEGORY_NM":"Interstate Ramp","MPO_ID":"RICH","AREA_TYPE_ID":"U"}},{"type":"Feature","geometry":{"type":"Point","coordinates":[-78.05128427508215,38.24381120069214]},"properties":{"OBJECTID":3317,"RTE_NM":"R-VA037SC00605UK      RMP007.00B","TYPE":"END","RAMP_TYPE":"ON-RAMP","TERMINAL_SIDE":"END","RTE_CATEGORY_NM":"Interstate Ramp","MPO_ID":null,"AREA_TYPE_ID":"R"}},{"type":"Feature","geometry":{"type":"Point","coordinates":[-78.17429660962134,38.283222909823145]},"properties":{"OBJECTID":3324,"RTE_NM":"R-VA   US00250UK      RMP100.00A","TYPE":"END","RAMP_TYPE":"ON-RAMP","TERMINAL_SIDE":"END","RTE_CATEGORY_NM":"Interstate Ramp","MPO_ID":"CVIL","AREA_TYPE_ID":"U"}},{"type":"Feature","geometry":{"type":"Point","coordinates":[-77.87965868273596,38.15510843913184]},"properties":{"OBJECTID":3325,"RTE_NM":"R-VA   IS00195NB      RMP018.00A","TYPE":"END","RAMP_TYPE":"ON-RAMP","TERMINAL_SIDE":"END","RTE_CATEGORY_NM":"Interstate Ramp","MPO_ID":"RICH","AREA_TYPE_ID":"U"}},{"type":"Feature","geometry":{"type":"Point","coordinates":[-78.07774363213778,38.660122206030174]},"properties":{"OBJECTID":3327,"RTE_NM":"R-VA034SC00672UK      RMP005.00A","TYPE":"END","RAMP_TYPE":"ON-RAMP","TERMINAL_SIDE":"END","RTE_CATEGORY_NM":"Interstate Ramp","MPO_ID":"WINC","AREA_TYPE_ID":"U"}},{"type":"Feature","geometry":{"type":"Point","coordinates":[-77.82947876949414,38.057111296990406]},"properties":{"OBJECTID":3337,"RTE_NM":"R-VA   SR00036WB      RMP012.00A","TYPE":"END","RAMP_TYPE":"ON-RAMP","TERMINAL_SIDE":"END","RTE_CATEGORY_NM":"Interstate Ramp","MPO_ID":"TCAT","AREA_TYPE_ID":"U"}},{"type":"Feature","geometry":{"type":"Point","coordinates":[-77.56853449113592,38.01359812792416]},"properties":{"OBJECTID":3348,"RTE_NM":"R-VA   SR00171WB      RMP001.00B","TYPE":"END","RAMP_TYPE":"ON-RAMP","TERMINAL_SIDE":"END","RTE_CATEGORY_NM":"Interstate Ramp","MPO_ID":"HAMP","AREA_TYPE_ID":"U"}},{"type":"Feature","geometry":{"type":"Point","coordinates":[-77.95548184329151,37.95495438979535]},"properties":{"OBJECTID":3349,"RTE_NM":"R-VA012SC00712UK      RMP012.00B","TYPE":"END","RAMP_TYPE":"ON-RAMP","TERMINAL_SIDE":"END","RTE_CATEGORY_NM":"Interstate Ramp","MPO_ID":null,"AREA_TYPE_ID":"R"}},{"type":"Feature","geometry":{"type":"Point","coordinates":[-77.80766408269865,38.53550109208227]},"properties":{"OBJECTID":3354,"RTE_NM":"R-VA   SR00236WB      RMP006.00A","TYPE":"END","RAMP_TYPE":"ON-RAMP","TERMINAL_SIDE":"END","RTE_CATEGORY_NM":"Interstate Ramp","MPO_ID":"NOVA","AREA_TYPE_ID":"U"}},{"type":"Feature","geometry":{"type":"Point","coordinates":[-77.90005630417937,37.85536065424236]},"properties":{"OBJECTID":3384,"RTE_NM":"R-VA040SC00629UK      RMP004.00B","TYPE":"END","RAMP_TYPE":"ON-RAMP","TERMINAL_SIDE":"END","RTE_CATEGORY_NM":"Interstate Ramp","MPO_ID":null,"AREA_TYPE_ID":"R"}},{"type":"Feature","geometry":{"type":"Point","coordinates":[-77.87416500763266,37.903940498324985]},"properties":{"OBJECTID":3385,"RTE_NM":"R-VA   US00301UK      RMP017.00B","TYPE":"END","RAMP_TYPE":"ON-RAMP","TERMINAL_SIDE":"END","RTE_CATEGORY_NM":"Interstate Ramp","MPO_ID":null,"AREA_TYPE_ID":"R"}},{"type":"Feature","geometry":{"type":"Point","coordinates":[-77.4782639761993,37.934548104140376]},"properties":{"OBJECTID":3391,"RTE_NM":"R-VA   IS00064WB      RMP284.00A","TYPE":"END","RAMP_TYPE":"ON-RAMP","TERMINAL_SIDE":"END","RTE_CATEGORY_NM":"Interstate Ramp","MPO_ID":"HAMP","AREA_TYPE_ID":"U"}},{"type":"Feature","geometry":{"type":"Point","coordinates":[-77.88277136184699,38.14431482537914]},"properties":{"OBJECTID":3392,"RTE_NM":"R-VA   SR00147UK      RMP010.00A","TYPE":"END","RAMP_TYPE":"ON-RAMP","TERMINAL_SIDE":"END","RTE_CATEGORY_NM":"Interstate Ramp","MPO_ID":"RICH","AREA_TYPE_ID":"U"}},{"type":"Feature","geometry":{"type":"Point","coordinates":[-78.2438879763559,38.492257909753505]},"properties":{"OBJECTID":3395,"RTE_NM":"R-VA085SC00730UK      RMP004.00B","TYPE":"END","RAMP_TYPE":"ON-RAMP","TERMINAL_SIDE":"END","RTE_CATEGORY_NM":"Interstate Ramp","MPO_ID":null,"AREA_TYPE_ID":"R"}},{"type":"Feature","geometry":{"type":"Point","coordinates":[-79.20659030944437,37.90658300543844]},"properties":{"OBJECTID":3396,"RTE_NM":"R-VA   SR00091UK      RMP015.00B","TYPE":"END","RAMP_TYPE":"ON-RAMP","TERMINAL_SIDE":"END","RTE_CATEGORY_NM":"Interstate Ramp","MPO_ID":null,"AREA_TYPE_ID":"R"}},{"type":"Feature","geometry":{"type":"Point","coordinates":[-77.84916448277396,37.97003088735037]},"properties":{"OBJECTID":3398,"RTE_NM":"R-VA091SC00602UK      RMP001.00B","TYPE":"END","RAMP_TYPE":"ON-RAMP","TERMINAL_SIDE":"END","RTE_CATEGORY_NM":"Interstate Ramp","MPO_ID":null,"AREA_TYPE_ID":"R"}},{"type":"Feature","geometry":{"type":"Point","coordinates":[-78.78353664706451,38.00765353495492]},"properties":{"OBJECTID":3402,"RTE_NM":"R-VA   SR00008UK      RMP055.00A","TYPE":"END","RAMP_TYPE":"ON-RAMP","TERMINAL_SIDE":"END","RTE_CATEGORY_NM":"Interstate Ramp","MPO_ID":"NRV","AREA_TYPE_ID":"U"}},{"type":"Feature","geometry":{"type":"Point","coordinates":[-77.833367756267,38.0814148240172]},"properties":{"OBJECTID":3406,"RTE_NM":"R-VA   SR00010WB      RMP021.00B","TYPE":"END","RAMP_TYPE":"ON-RAMP","TERMINAL_SIDE":"END","RTE_CATEGORY_NM":"Interstate Ramp","MPO_ID":"RICH","AREA_TYPE_ID":"U"}},{"type":"Feature","geometry":{"type":"Point","coordinates":[-78.0882010146857,38.6498896777435]},"properties":{"OBJECTID":3407,"RTE_NM":"R-VA   US00011UK      RMP332.00B","TYPE":"END","RAMP_TYPE":"ON-RAMP","TERMINAL_SIDE":"END","RTE_CATEGORY_NM":"Interstate Ramp","MPO_ID":"WINC","AREA_TYPE_ID":"U"}},{"type":"Feature","geometry":{"type":"Point","coordinates":[-79.11260585537494,37.929843461892574]},"properties":{"OBJECTID":3408,"RTE_NM":"R-VA   FR00010UK      RMP000.00B","TYPE":"END","RAMP_TYPE":"ON-RAMP","TERMINAL_SIDE":"END","RTE_CATEGORY_NM":"Interstate Ramp","MPO_ID":null,"AREA_TYPE_ID":"C"}},{"type":"Feature","geometry":{"type":"Point","coordinates":[-78.45976757108285,38.22698972395125]},"properties":{"OBJECTID":3410,"RTE_NM":"R-VA   US00011UK      RMP209.00A","TYPE":"END","RAMP_TYPE":"ON-RAMP","TERMINAL_SIDE":"END","RTE_CATEGORY_NM":"Interstate Ramp","MPO_ID":null,"AREA_TYPE_ID":"R"}},{"type":"Feature","geometry":{"type":"Point","coordinates":[-77.84650256298119,38.16723206945677]},"properties":{"OBJECTID":3419,"RTE_NM":"R-VA042SC00627EB      RMP002.00B","TYPE":"END","RAMP_TYPE":"ON-RAMP","TERMINAL_SIDE":"END","RTE_CATEGORY_NM":"Interstate Ramp","MPO_ID":"RICH","AREA_TYPE_ID":"U"}},{"type":"Feature","geometry":{"type":"Point","coordinates":[-77.861553456701,38.09719135813002]},"properties":{"OBJECTID":3420,"RTE_NM":"R-VA020SC00613UK      RMP000.00A","TYPE":"END","RAMP_TYPE":"ON-RAMP","TERMINAL_SIDE":"END","RTE_CATEGORY_NM":"Interstate Ramp","MPO_ID":"RICH","AREA_TYPE_ID":"U"}},{"type":"Feature","geometry":{"type":"Point","coordinates":[-77.5486333949007,37.91543891716843]},"properties":{"OBJECTID":3427,"RTE_NM":"R-VA   US00058WB      RMP481.00A","TYPE":"END","RAMP_TYPE":"ON-RAMP","TERMINAL_SIDE":"END","RTE_CATEGORY_NM":"Interstate Ramp","MPO_ID":"HAMP","AREA_TYPE_ID":"U"}},{"type":"Feature","geometry":{"type":"Point","coordinates":[-77.85027825220816,38.440459964951636]},"properties":{"OBJECTID":3438,"RTE_NM":"R-VA076SC99008UK      RMP000.00B","TYPE":"END","RAMP_TYPE":"ON-RAMP","TERMINAL_SIDE":"END","RTE_CATEGORY_NM":"Interstate Ramp","MPO_ID":"NOVA","AREA_TYPE_ID":"U"}},{"type":"Feature","geometry":{"type":"Point","coordinates":[-79.25433567209842,37.88935317061447]},"properties":{"OBJECTID":3442,"RTE_NM":"R-VA   US00011NB      RMP019.00A","TYPE":"END","RAMP_TYPE":"ON-RAMP","TERMINAL_SIDE":"END","RTE_CATEGORY_NM":"Interstate Ramp","MPO_ID":"BRIS","AREA_TYPE_ID":"U"}},{"type":"Feature","geometry":{"type":"Point","coordinates":[-77.83361176360671,38.15274342902034]},"properties":{"OBJECTID":3443,"RTE_NM":"R-VA042SC00615SB      RMP000.00A","TYPE":"END","RAMP_TYPE":"ON-RAMP","TERMINAL_SIDE":"END","RTE_CATEGORY_NM":"Interstate Ramp","MPO_ID":"RICH","AREA_TYPE_ID":"U"}},{"type":"Feature","geometry":{"type":"Point","coordinates":[-78.59085554551245,38.223704569282816]},"properties":{"OBJECTID":3453,"RTE_NM":"R-VA   US00060UKBUS001RMP003.00B","TYPE":"END","RAMP_TYPE":"ON-RAMP","TERMINAL_SIDE":"END","RTE_CATEGORY_NM":"Interstate Ramp","MPO_ID":null,"AREA_TYPE_ID":"C"}},{"type":"Feature","geometry":{"type":"Point","coordinates":[-77.84542033951675,38.16494164690499]},"properties":{"OBJECTID":3455,"RTE_NM":"R-VA042SC00627EB      RMP002.00A","TYPE":"END","RAMP_TYPE":"ON-RAMP","TERMINAL_SIDE":"END","RTE_CATEGORY_NM":"Interstate Ramp","MPO_ID":"RICH","AREA_TYPE_ID":"U"}},{"type":"Feature","geometry":{"type":"Point","coordinates":[-78.96097260813455,37.95429819084224]},"properties":{"OBJECTID":3460,"RTE_NM":"R-VA   FR00326UK      RMP000.00A","TYPE":"END","RAMP_TYPE":"ON-RAMP","TERMINAL_SIDE":"END","RTE_CATEGORY_NM":"Interstate Ramp","MPO_ID":null,"AREA_TYPE_ID":"R"}},{"type":"Feature","geometry":{"type":"Point","coordinates":[-77.913880082606,38.17830154225107]},"properties":{"OBJECTID":3466,"RTE_NM":"R-VA043SC07706EB      RMP003.00A","TYPE":"END","RAMP_TYPE":"ON-RAMP","TERMINAL_SIDE":"END","RTE_CATEGORY_NM":"Interstate Ramp","MPO_ID":"RICH","AREA_TYPE_ID":"U"}},{"type":"Feature","geometry":{"type":"Point","coordinates":[-77.85070915595055,38.041551942264434]},"properties":{"OBJECTID":3470,"RTE_NM":"R-VA   IS00095NB      RMP051.00B","TYPE":"END","RAMP_TYPE":"ON-RAMP","TERMINAL_SIDE":"END","RTE_CATEGORY_NM":"Interstate Ramp","MPO_ID":"TCAT","AREA_TYPE_ID":"U"}},{"type":"Feature","geometry":{"type":"Point","coordinates":[-78.41777579280777,38.25503156410706]},"properties":{"OBJECTID":3476,"RTE_NM":"R-VA081SC00606UK      RMP004.00A","TYPE":"END","RAMP_TYPE":"ON-RAMP","TERMINAL_SIDE":"END","RTE_CATEGORY_NM":"Interstate Ramp","MPO_ID":null,"AREA_TYPE_ID":"R"}},{"type":"Feature","geometry":{"type":"Point","coordinates":[-78.0361473899571,38.231892958262804]},"properties":{"OBJECTID":3481,"RTE_NM":"R-VA037SC00629UK      RMP001.00B","TYPE":"END","RAMP_TYPE":"ON-RAMP","TERMINAL_SIDE":"END","RTE_CATEGORY_NM":"Interstate Ramp","MPO_ID":null,"AREA_TYPE_ID":"R"}},{"type":"Feature","geometry":{"type":"Point","coordinates":[-78.18790825783923,38.28028655532309]},"properties":{"OBJECTID":3486,"RTE_NM":"R-VA   SR00020SB      RMP037.00B","TYPE":"END","RAMP_TYPE":"ON-RAMP","TERMINAL_SIDE":"END","RTE_CATEGORY_NM":"Interstate Ramp","MPO_ID":"CVIL","AREA_TYPE_ID":"U"}},{"type":"Feature","geometry":{"type":"Point","coordinates":[-78.94870002032938,37.956690494181835]},"properties":{"OBJECTID":3498,"RTE_NM":"R-VA   US00052UK      RMP036.00B","TYPE":"END","RAMP_TYPE":"ON-RAMP","TERMINAL_SIDE":"END","RTE_CATEGORY_NM":"Interstate Ramp","MPO_ID":null,"AREA_TYPE_ID":"R"}},{"type":"Feature","geometry":{"type":"Point","coordinates":[-77.8818533016445,38.178486370731626]},"properties":{"OBJECTID":3500,"RTE_NM":"R-VA043SC07663SB      RMP005.00A","TYPE":"END","RAMP_TYPE":"ON-RAMP","TERMINAL_SIDE":"END","RTE_CATEGORY_NM":"Interstate Ramp","MPO_ID":"RICH","AREA_TYPE_ID":"U"}},{"type":"Feature","geometry":{"type":"Point","coordinates":[-78.60334183630256,38.11112898782824]},"properties":{"OBJECTID":3517,"RTE_NM":"R-VA011SC00640UK      RMP003.00B","TYPE":"END","RAMP_TYPE":"ON-RAMP","TERMINAL_SIDE":"END","RTE_CATEGORY_NM":"Interstate Ramp","MPO_ID":null,"AREA_TYPE_ID":"R"}},{"type":"Feature","geometry":{"type":"Point","coordinates":[-78.416223849813,38.256047987387745]},"properties":{"OBJECTID":3518,"RTE_NM":"R-VA081SC00606UK      RMP004.00B","TYPE":"END","RAMP_TYPE":"ON-RAMP","TERMINAL_SIDE":"END","RTE_CATEGORY_NM":"Interstate Ramp","MPO_ID":null,"AREA_TYPE_ID":"R"}},{"type":"Feature","geometry":{"type":"Point","coordinates":[-77.85179102397926,38.54205163140571]},"properties":{"OBJECTID":3525,"RTE_NM":"R-VA   IS00066WB      RMP056.00A","TYPE":"END","RAMP_TYPE":"ON-RAMP","TERMINAL_SIDE":"END","RTE_CATEGORY_NM":"Interstate Ramp","MPO_ID":"NOVA","AREA_TYPE_ID":"U"}},{"type":"Feature","geometry":{"type":"Point","coordinates":[-77.97235147404724,38.19035500580837]},"properties":{"OBJECTID":3538,"RTE_NM":"R-VA037SC00617UK      RMP000.00A","TYPE":"END","RAMP_TYPE":"ON-RAMP","TERMINAL_SIDE":"END","RTE_CATEGORY_NM":"Interstate Ramp","MPO_ID":"RICH","AREA_TYPE_ID":"R"}},{"type":"Feature","geometry":{"type":"Point","coordinates":[-77.8786988236024,38.149585785914326]},"properties":{"OBJECTID":3556,"RTE_NM":"R-VA   IS00195SB      RMP017.00A","TYPE":"END","RAMP_TYPE":"ON-RAMP","TERMINAL_SIDE":"END","RTE_CATEGORY_NM":"Interstate Ramp","MPO_ID":"RICH","AREA_TYPE_ID":"U"}},{"type":"Feature","geometry":{"type":"Point","coordinates":[-77.8591977594874,37.93011076394867]},"properties":{"OBJECTID":3559,"RTE_NM":"R-VA091SC00645UK      RMP006.00B","TYPE":"END","RAMP_TYPE":"ON-RAMP","TERMINAL_SIDE":"END","RTE_CATEGORY_NM":"Interstate Ramp","MPO_ID":null,"AREA_TYPE_ID":"R"}},{"type":"Feature","geometry":{"type":"Point","coordinates":[-78.43509377060248,38.24111761340879]},"properties":{"OBJECTID":3560,"RTE_NM":"R-VA081SC00710UK      RMP003.00A","TYPE":"END","RAMP_TYPE":"ON-RAMP","TERMINAL_SIDE":"END","RTE_CATEGORY_NM":"Interstate Ramp","MPO_ID":null,"AREA_TYPE_ID":"R"}},{"type":"Feature","geometry":{"type":"Point","coordinates":[-77.88989839233923,38.159398702660965]},"properties":{"OBJECTID":3585,"RTE_NM":"R-VA   US00250WB      RMP159.00B","TYPE":"END","RAMP_TYPE":"ON-RAMP","TERMINAL_SIDE":"END","RTE_CATEGORY_NM":"Interstate Ramp","MPO_ID":"RICH","AREA_TYPE_ID":"U"}},{"type":"Feature","geometry":{"type":"Point","coordinates":[-77.91743401431275,38.17554140467993]},"properties":{"OBJECTID":3588,"RTE_NM":"R-VA   IS00064WB      RMP177.00A","TYPE":"END","RAMP_TYPE":"ON-RAMP","TERMINAL_SIDE":"END","RTE_CATEGORY_NM":"Interstate Ramp","MPO_ID":"RICH","AREA_TYPE_ID":"U"}},{"type":"Feature","geometry":{"type":"Point","coordinates":[-77.80834713279637,38.52972143779505]},"properties":{"OBJECTID":3607,"RTE_NM":"R-VA029SC00620UK      RMP017.00C","TYPE":"END","RAMP_TYPE":"ON-RAMP","TERMINAL_SIDE":"END","RTE_CATEGORY_NM":"Interstate Ramp","MPO_ID":"NOVA","AREA_TYPE_ID":"U"}},{"type":"Feature","geometry":{"type":"Point","coordinates":[-77.51165187181617,37.92920148904454]},"properties":{"OBJECTID":3608,"RTE_NM":"R-VA   SR00141UK      RMP001.00A","TYPE":"END","RAMP_TYPE":"ON-RAMP","TERMINAL_SIDE":"END","RTE_CATEGORY_NM":"Non-Interstate Ramp","MPO_ID":"HAMP","AREA_TYPE_ID":"U"}},{"type":"Feature","geometry":{"type":"Point","coordinates":[-77.8312081020765,38.15212113015321]},"properties":{"OBJECTID":3619,"RTE_NM":"R-VA042SC00615NB      RMP000.00A","TYPE":"END","RAMP_TYPE":"ON-RAMP","TERMINAL_SIDE":"END","RTE_CATEGORY_NM":"Interstate Ramp","MPO_ID":"RICH","AREA_TYPE_ID":"U"}},{"type":"Feature","geometry":{"type":"Point","coordinates":[-78.7852210460489,38.007591854327686]},"properties":{"OBJECTID":3639,"RTE_NM":"R-VA   SR00008UK      RMP055.00B","TYPE":"END","RAMP_TYPE":"ON-RAMP","TERMINAL_SIDE":"END","RTE_CATEGORY_NM":"Interstate Ramp","MPO_ID":"NRV","AREA_TYPE_ID":"U"}},{"type":"Feature","geometry":{"type":"Point","coordinates":[-77.83300870178144,38.152740635812904]},"properties":{"OBJECTID":3654,"RTE_NM":"R-VA042SC00615NB      RMP000.00B","TYPE":"END","RAMP_TYPE":"ON-RAMP","TERMINAL_SIDE":"END","RTE_CATEGORY_NM":"Interstate Ramp","MPO_ID":"RICH","AREA_TYPE_ID":"U"}},{"type":"Feature","geometry":{"type":"Point","coordinates":[-77.88148725131798,38.17850056819546]},"properties":{"OBJECTID":3660,"RTE_NM":"R-VA043SC07663NB      RMP005.00B","TYPE":"END","RAMP_TYPE":"ON-RAMP","TERMINAL_SIDE":"END","RTE_CATEGORY_NM":"Interstate Ramp","MPO_ID":"RICH","AREA_TYPE_ID":"U"}},{"type":"Feature","geometry":{"type":"Point","coordinates":[-77.47505292746048,37.934439292438675]},"properties":{"OBJECTID":3667,"RTE_NM":"R-VA   SR00403SB      RMP000.00A","TYPE":"END","RAMP_TYPE":"ON-RAMP","TERMINAL_SIDE":"END","RTE_CATEGORY_NM":"Interstate Ramp","MPO_ID":"HAMP","AREA_TYPE_ID":"U"}},{"type":"Feature","geometry":{"type":"Point","coordinates":[-77.87078321176995,38.194236535232974]},"properties":{"OBJECTID":3697,"RTE_NM":"R-VA042SC00802UK      RMP001.00A","TYPE":"END","RAMP_TYPE":"ON-RAMP","TERMINAL_SIDE":"END","RTE_CATEGORY_NM":"Interstate Ramp","MPO_ID":"RICH","AREA_TYPE_ID":"R"}},{"type":"Feature","geometry":{"type":"Point","coordinates":[-77.47371460363811,37.93460958013625]},"properties":{"OBJECTID":3704,"RTE_NM":"R-VA   SR00403NB      RMP000.00B","TYPE":"END","RAMP_TYPE":"ON-RAMP","TERMINAL_SIDE":"END","RTE_CATEGORY_NM":"Interstate Ramp","MPO_ID":"HAMP","AREA_TYPE_ID":"U"}},{"type":"Feature","geometry":{"type":"Point","coordinates":[-77.52500776027563,37.924354069708]},"properties":{"OBJECTID":3713,"RTE_NM":"R-VA   SR00337WB      RMP019.00A","TYPE":"END","RAMP_TYPE":"ON-RAMP","TERMINAL_SIDE":"END","RTE_CATEGORY_NM":"Interstate Ramp","MPO_ID":"HAMP","AREA_TYPE_ID":"U"}},{"type":"Feature","geometry":{"type":"Point","coordinates":[-77.80801985557777,38.557697977640856]},"properties":{"OBJECTID":3730,"RTE_NM":"R-VA   SR00007EB      RMP060.00A","TYPE":"END","RAMP_TYPE":"ON-RAMP","TERMINAL_SIDE":"END","RTE_CATEGORY_NM":"Interstate Ramp","MPO_ID":"NOVA","AREA_TYPE_ID":"U"}},{"type":"Feature","geometry":{"type":"Point","coordinates":[-77.86839228013793,37.91673870908468]},"properties":{"OBJECTID":3743,"RTE_NM":"R-VA091SC00631UK      RMP000.00B","TYPE":"END","RAMP_TYPE":"ON-RAMP","TERMINAL_SIDE":"END","RTE_CATEGORY_NM":"Interstate Ramp","MPO_ID":null,"AREA_TYPE_ID":"R"}},{"type":"Feature","geometry":{"type":"Point","coordinates":[-77.78797911433122,38.55061545522967]},"properties":{"OBJECTID":3749,"RTE_NM":"R-VA000SC06682UK      RMP000.00A","TYPE":"END","RAMP_TYPE":"ON-RAMP","TERMINAL_SIDE":"END","RTE_CATEGORY_NM":"Interstate Ramp","MPO_ID":"NOVA","AREA_TYPE_ID":"U"}},{"type":"Feature","geometry":{"type":"Point","coordinates":[-77.88715387590824,37.89459639397577]},"properties":{"OBJECTID":3756,"RTE_NM":"R-VA040SC00614UK      RMP002.00A","TYPE":"END","RAMP_TYPE":"ON-RAMP","TERMINAL_SIDE":"END","RTE_CATEGORY_NM":"Interstate Ramp","MPO_ID":null,"AREA_TYPE_ID":"C"}},{"type":"Feature","geometry":{"type":"Point","coordinates":[-77.79855412044265,38.50612370373151]},"properties":{"OBJECTID":3765,"RTE_NM":"R-VA   SR00286SB      RMP003.00A","TYPE":"END","RAMP_TYPE":"ON-RAMP","TERMINAL_SIDE":"END","RTE_CATEGORY_NM":"Interstate Ramp","MPO_ID":"NOVA","AREA_TYPE_ID":"U"}},{"type":"Feature","geometry":{"type":"Point","coordinates":[-78.99918528458565,37.98299456697041]},"properties":{"OBJECTID":3774,"RTE_NM":"R-VA010SC00717UK      RMP000.00A","TYPE":"END","RAMP_TYPE":"ON-RAMP","TERMINAL_SIDE":"END","RTE_CATEGORY_NM":"Interstate Ramp","MPO_ID":null,"AREA_TYPE_ID":"R"}},{"type":"Feature","geometry":{"type":"Point","coordinates":[-78.63506872058154,38.057982880450425]},"properties":{"OBJECTID":3788,"RTE_NM":"R-VA   US00460WB      RMP154.00A","TYPE":"END","RAMP_TYPE":"ON-RAMP","TERMINAL_SIDE":"END","RTE_CATEGORY_NM":"Interstate Ramp","MPO_ID":"ROAN","AREA_TYPE_ID":"U"}},{"type":"Feature","geometry":{"type":"Point","coordinates":[-77.54165040427243,37.915432601478166]},"properties":{"OBJECTID":3807,"RTE_NM":"R-VA   IS00264WB      RMP001.00A","TYPE":"END","RAMP_TYPE":"ON-RAMP","TERMINAL_SIDE":"END","RTE_CATEGORY_NM":"Interstate Ramp","MPO_ID":"HAMP","AREA_TYPE_ID":"U"}},{"type":"Feature","geometry":{"type":"Point","coordinates":[-77.44644927862798,37.93290375301988]},"properties":{"OBJECTID":3809,"RTE_NM":"R-VA134UR00013NB      RMP001.00A","TYPE":"END","RAMP_TYPE":"ON-RAMP","TERMINAL_SIDE":"END","RTE_CATEGORY_NM":"Interstate Ramp","MPO_ID":"HAMP","AREA_TYPE_ID":"U"}},{"type":"Feature","geometry":{"type":"Point","coordinates":[-78.92046187417668,37.926388458187986]},"properties":{"OBJECTID":3822,"RTE_NM":"R-VA   SR00069UK      RMP003.00A","TYPE":"END","RAMP_TYPE":"ON-RAMP","TERMINAL_SIDE":"END","RTE_CATEGORY_NM":"Interstate Ramp","MPO_ID":null,"AREA_TYPE_ID":"R"}},{"type":"Feature","geometry":{"type":"Point","coordinates":[-78.64188101196149,38.08169921214788]},"properties":{"OBJECTID":3914,"RTE_NM":"R-VA   SR00115UK      RMP006.00B","TYPE":"END","RAMP_TYPE":"ON-RAMP","TERMINAL_SIDE":"END","RTE_CATEGORY_NM":"Interstate Ramp","MPO_ID":"ROAN","AREA_TYPE_ID":"U"}},{"type":"Feature","geometry":{"type":"Point","coordinates":[-77.75859366409847,38.52353404687951]},"properties":{"OBJECTID":3946,"RTE_NM":"R-VA100UR00009EB      RMP000.00A","TYPE":"END","RAMP_TYPE":"ON-RAMP","TERMINAL_SIDE":"END","RTE_CATEGORY_NM":"Interstate Ramp","MPO_ID":"NOVA","AREA_TYPE_ID":"U"}},{"type":"Feature","geometry":{"type":"Point","coordinates":[-78.36087951966002,38.312853777531096]},"properties":{"OBJECTID":3948,"RTE_NM":"R-VA   IS00081SB      RMP221.00A","TYPE":"END","RAMP_TYPE":"ON-RAMP","TERMINAL_SIDE":"END","RTE_CATEGORY_NM":"Interstate Ramp","MPO_ID":"SAW","AREA_TYPE_ID":"U"}},{"type":"Feature","geometry":{"type":"Point","coordinates":[-78.31014101577277,38.40689906588676]},"properties":{"OBJECTID":3977,"RTE_NM":"R-VA115UR04105UK      RMP001.00B","TYPE":"END","RAMP_TYPE":"ON-RAMP","TERMINAL_SIDE":"END","RTE_CATEGORY_NM":"Interstate Ramp","MPO_ID":"HAR","AREA_TYPE_ID":"U"}},{"type":"Feature","geometry":{"type":"Point","coordinates":[-78.22425417993955,38.286728314258404]},"properties":{"OBJECTID":3982,"RTE_NM":"R-VA002SC00637UK      RMP015.00A","TYPE":"END","RAMP_TYPE":"ON-RAMP","TERMINAL_SIDE":"END","RTE_CATEGORY_NM":"Interstate Ramp","MPO_ID":"CVIL","AREA_TYPE_ID":"R"}},{"type":"Feature","geometry":{"type":"Point","coordinates":[-78.57569668011924,38.124854876374776]},"properties":{"OBJECTID":4016,"RTE_NM":"R-VA   US00011UK      RMP173.00B","TYPE":"END","RAMP_TYPE":"ON-RAMP","TERMINAL_SIDE":"END","RTE_CATEGORY_NM":"Interstate Ramp","MPO_ID":null,"AREA_TYPE_ID":"R"}},{"type":"Feature","geometry":{"type":"Point","coordinates":[-77.83800703536055,38.02992963212773]},"properties":{"OBJECTID":4046,"RTE_NM":"R-VA123UR09008UK      RMP000.00B","TYPE":"END","RAMP_TYPE":"ON-RAMP","TERMINAL_SIDE":"END","RTE_CATEGORY_NM":"Interstate Ramp","MPO_ID":"TCAT","AREA_TYPE_ID":"U"}},{"type":"Feature","geometry":{"type":"Point","coordinates":[-77.84836824991908,38.041506712321436]},"properties":{"OBJECTID":4080,"RTE_NM":"R-VA   US00301SB      RMP051.00A","TYPE":"END","RAMP_TYPE":"ON-RAMP","TERMINAL_SIDE":"END","RTE_CATEGORY_NM":"Interstate Ramp","MPO_ID":"TCAT","AREA_TYPE_ID":"U"}},{"type":"Feature","geometry":{"type":"Point","coordinates":[-78.66353641223475,38.071229662408925]},"properties":{"OBJECTID":4099,"RTE_NM":"R-VA   SR00419UK      RMP010.00A","TYPE":"END","RAMP_TYPE":"ON-RAMP","TERMINAL_SIDE":"END","RTE_CATEGORY_NM":"Interstate Ramp","MPO_ID":"ROAN","AREA_TYPE_ID":"U"}},{"type":"Feature","geometry":{"type":"Point","coordinates":[-77.7573737635351,38.52368234806412]},"properties":{"OBJECTID":4136,"RTE_NM":"R-VA   IS00095SB      RMP177.00A","TYPE":"END","RAMP_TYPE":"ON-RAMP","TERMINAL_SIDE":"END","RTE_CATEGORY_NM":"Interstate Ramp","MPO_ID":"NOVA","AREA_TYPE_ID":"U"}},{"type":"Feature","geometry":{"type":"Point","coordinates":[-77.4752836302437,37.934572831705886]},"properties":{"OBJECTID":4140,"RTE_NM":"R-VA   SR00403SB      RMP000.00B","TYPE":"END","RAMP_TYPE":"ON-RAMP","TERMINAL_SIDE":"END","RTE_CATEGORY_NM":"Interstate Ramp","MPO_ID":"HAMP","AREA_TYPE_ID":"U"}},{"type":"Feature","geometry":{"type":"Point","coordinates":[-77.91134329788191,38.179008954408275]},"properties":{"OBJECTID":4167,"RTE_NM":"R-VA043SC07706EB      RMP003.00B","TYPE":"END","RAMP_TYPE":"ON-RAMP","TERMINAL_SIDE":"END","RTE_CATEGORY_NM":"Interstate Ramp","MPO_ID":"RICH","AREA_TYPE_ID":"U"}},{"type":"Feature","geometry":{"type":"Point","coordinates":[-77.82151014890142,38.54834496240141]},"properties":{"OBJECTID":4190,"RTE_NM":"R-VA   SR00243NB      RMP000.00A","TYPE":"END","RAMP_TYPE":"ON-RAMP","TERMINAL_SIDE":"END","RTE_CATEGORY_NM":"Interstate Ramp","MPO_ID":"NOVA","AREA_TYPE_ID":"U"}},{"type":"Feature","geometry":{"type":"Point","coordinates":[-77.7575200523641,38.5233927905602]},"properties":{"OBJECTID":4191,"RTE_NM":"R-VA   US00001SB      RMP191.00A","TYPE":"END","RAMP_TYPE":"ON-RAMP","TERMINAL_SIDE":"END","RTE_CATEGORY_NM":"Interstate Ramp","MPO_ID":"NOVA","AREA_TYPE_ID":"U"}},{"type":"Feature","geometry":{"type":"Point","coordinates":[-78.55298775992105,38.21947799315693]},"properties":{"OBJECTID":4220,"RTE_NM":"R-VA   SR00269UK      RMP006.00A","TYPE":"END","RAMP_TYPE":"ON-RAMP","TERMINAL_SIDE":"END","RTE_CATEGORY_NM":"Interstate Ramp","MPO_ID":null,"AREA_TYPE_ID":"R"}},{"type":"Feature","geometry":{"type":"Point","coordinates":[-77.84922301079428,37.96821796896209]},"properties":{"OBJECTID":4232,"RTE_NM":"R-VA091SC00602UK      RMP001.00A","TYPE":"END","RAMP_TYPE":"ON-RAMP","TERMINAL_SIDE":"END","RTE_CATEGORY_NM":"Interstate Ramp","MPO_ID":null,"AREA_TYPE_ID":"R"}},{"type":"Feature","geometry":{"type":"Point","coordinates":[-78.00344305107097,38.54002968503885]},"properties":{"OBJECTID":4248,"RTE_NM":"R-VA030SC00721UK      RMP007.00A","TYPE":"END","RAMP_TYPE":"ON-RAMP","TERMINAL_SIDE":"END","RTE_CATEGORY_NM":"Interstate Ramp","MPO_ID":null,"AREA_TYPE_ID":null}},{"type":"Feature","geometry":{"type":"Point","coordinates":[-77.85537658383137,38.08172298920143]},"properties":{"OBJECTID":4282,"RTE_NM":"R-VA   SR00010EB      RMP017.00A","TYPE":"END","RAMP_TYPE":"ON-RAMP","TERMINAL_SIDE":"END","RTE_CATEGORY_NM":"Interstate Ramp","MPO_ID":"RICH","AREA_TYPE_ID":"U"}},{"type":"Feature","geometry":{"type":"Point","coordinates":[-79.11401871949931,37.92891162400354]},"properties":{"OBJECTID":4285,"RTE_NM":"R-VA   FR00010UK      RMP000.00A","TYPE":"END","RAMP_TYPE":"ON-RAMP","TERMINAL_SIDE":"END","RTE_CATEGORY_NM":"Interstate Ramp","MPO_ID":null,"AREA_TYPE_ID":null}},{"type":"Feature","geometry":{"type":"Point","coordinates":[-78.01826571287147,38.55055640860653]},"properties":{"OBJECTID":4309,"RTE_NM":"R-VA   US00017SB      RMP233.00A","TYPE":"END","RAMP_TYPE":"ON-RAMP","TERMINAL_SIDE":"END","RTE_CATEGORY_NM":"Interstate Ramp","MPO_ID":null,"AREA_TYPE_ID":null}},{"type":"Feature","geometry":{"type":"Point","coordinates":[-78.63493498667046,38.05717252164512]},"properties":{"OBJECTID":4311,"RTE_NM":"R-VA   US00460EB      RMP154.00A","TYPE":"END","RAMP_TYPE":"ON-RAMP","TERMINAL_SIDE":"END","RTE_CATEGORY_NM":"Interstate Ramp","MPO_ID":"ROAN","AREA_TYPE_ID":"U"}},{"type":"Feature","geometry":{"type":"Point","coordinates":[-77.81543463872026,38.48535710721447]},"properties":{"OBJECTID":4317,"RTE_NM":"R-VA   SR00123NB      RMP000.00A","TYPE":"END","RAMP_TYPE":"ON-RAMP","TERMINAL_SIDE":"END","RTE_CATEGORY_NM":"Interstate Ramp","MPO_ID":"NOVA","AREA_TYPE_ID":"U"}},{"type":"Feature","geometry":{"type":"Point","coordinates":[-77.87359555669937,38.537772530144025]},"properties":{"OBJECTID":4321,"RTE_NM":"R-VA   SR00028SB      RMP030.00B","TYPE":"END","RAMP_TYPE":"ON-RAMP","TERMINAL_SIDE":"END","RTE_CATEGORY_NM":"Interstate Ramp","MPO_ID":null,"AREA_TYPE_ID":null}},{"type":"Feature","geometry":{"type":"Point","coordinates":[-77.92345686028823,38.523184308555166]},"properties":{"OBJECTID":4327,"RTE_NM":"R-VA   US00029SB      RMP219.00A","TYPE":"END","RAMP_TYPE":"ON-RAMP","TERMINAL_SIDE":"END","RTE_CATEGORY_NM":"Interstate Ramp","MPO_ID":"NOVA","AREA_TYPE_ID":"U"}},{"type":"Feature","geometry":{"type":"Point","coordinates":[-78.49426468171411,38.23206744156665]},"properties":{"OBJECTID":4338,"RTE_NM":"R-VA081SC00623UK      RMP000.00B","TYPE":"END","RAMP_TYPE":"ON-RAMP","TERMINAL_SIDE":"END","RTE_CATEGORY_NM":"Interstate Ramp","MPO_ID":null,"AREA_TYPE_ID":null}},{"type":"Feature","geometry":{"type":"Point","coordinates":[-77.84717579961813,38.16746806952125]},"properties":{"OBJECTID":4364,"RTE_NM":"R-VA042SC00627WB      RMP002.00A","TYPE":"END","RAMP_TYPE":"ON-RAMP","TERMINAL_SIDE":"END","RTE_CATEGORY_NM":"Interstate Ramp","MPO_ID":"RICH","AREA_TYPE_ID":"U"}},{"type":"Feature","geometry":{"type":"Point","coordinates":[-78.6529629555972,38.07472495077486]},"properties":{"OBJECTID":4377,"RTE_NM":"R-VA   IS00081SB      RMP143.00A","TYPE":"END","RAMP_TYPE":"ON-RAMP","TERMINAL_SIDE":"END","RTE_CATEGORY_NM":"Interstate Ramp","MPO_ID":"ROAN","AREA_TYPE_ID":"U"}},{"type":"Feature","geometry":{"type":"Point","coordinates":[-77.52281962844545,37.907002093345554]},"properties":{"OBJECTID":4383,"RTE_NM":"R-VA   US00017NBBUS007RMP005.00A","TYPE":"END","RAMP_TYPE":"ON-RAMP","TERMINAL_SIDE":"END","RTE_CATEGORY_NM":"Interstate Ramp","MPO_ID":null,"AREA_TYPE_ID":null}},{"type":"Feature","geometry":{"type":"Point","coordinates":[-77.54967052304912,37.998732162393274]},"properties":{"OBJECTID":4391,"RTE_NM":"R-VA114UR07026WB      RMP000.00A","TYPE":"END","RAMP_TYPE":"ON-RAMP","TERMINAL_SIDE":"END","RTE_CATEGORY_NM":"Interstate Ramp","MPO_ID":"HAMP","AREA_TYPE_ID":"U"}},{"type":"Feature","geometry":{"type":"Point","coordinates":[-77.56278861779955,38.008014961319795]},"properties":{"OBJECTID":4406,"RTE_NM":"R-VA   US00017SB      RMP057.00B","TYPE":"END","RAMP_TYPE":"ON-RAMP","TERMINAL_SIDE":"END","RTE_CATEGORY_NM":"Interstate Ramp","MPO_ID":null,"AREA_TYPE_ID":null}},{"type":"Feature","geometry":{"type":"Point","coordinates":[-77.90911165012743,38.179724893323495]},"properties":{"OBJECTID":4407,"RTE_NM":"R-VA043SC07706WB      RMP003.00B","TYPE":"END","RAMP_TYPE":"ON-RAMP","TERMINAL_SIDE":"END","RTE_CATEGORY_NM":"Interstate Ramp","MPO_ID":"RICH","AREA_TYPE_ID":"U"}},{"type":"Feature","geometry":{"type":"Point","coordinates":[-78.97908873817624,37.95743849528238]},"properties":{"OBJECTID":4431,"RTE_NM":"R-VA   US00011NB      RMP072.00A","TYPE":"END","RAMP_TYPE":"ON-RAMP","TERMINAL_SIDE":"END","RTE_CATEGORY_NM":"Interstate Ramp","MPO_ID":null,"AREA_TYPE_ID":"C"}},{"type":"Feature","geometry":{"type":"Point","coordinates":[-77.5620273845388,38.007168970538146]},"properties":{"OBJECTID":4468,"RTE_NM":"R-VA   US00017SB      RMP057.00A","TYPE":"END","RAMP_TYPE":"ON-RAMP","TERMINAL_SIDE":"END","RTE_CATEGORY_NM":"Interstate Ramp","MPO_ID":null,"AREA_TYPE_ID":null}},{"type":"Feature","geometry":{"type":"Point","coordinates":[-77.85718584648802,38.1444353136397]},"properties":{"OBJECTID":4473,"RTE_NM":"R-VA   US00360EB      RMP143.00A","TYPE":"END","RAMP_TYPE":"ON-RAMP","TERMINAL_SIDE":"END","RTE_CATEGORY_NM":"Interstate Ramp","MPO_ID":"RICH","AREA_TYPE_ID":"U"}},{"type":"Feature","geometry":{"type":"Point","coordinates":[-77.52494556677905,37.906956474192924]},"properties":{"OBJECTID":4477,"RTE_NM":"R-VA   US00017SBBUS007RMP005.00B","TYPE":"END","RAMP_TYPE":"ON-RAMP","TERMINAL_SIDE":"END","RTE_CATEGORY_NM":"Interstate Ramp","MPO_ID":null,"AREA_TYPE_ID":null}},{"type":"Feature","geometry":{"type":"Point","coordinates":[-78.49243989598573,38.23048880778753]},"properties":{"OBJECTID":4479,"RTE_NM":"R-VA081SC00623UK      RMP000.00A","TYPE":"END","RAMP_TYPE":"ON-RAMP","TERMINAL_SIDE":"END","RTE_CATEGORY_NM":"Interstate Ramp","MPO_ID":null,"AREA_TYPE_ID":null}},{"type":"Feature","geometry":{"type":"Point","coordinates":[-77.50257005468333,37.93354409293385]},"properties":{"OBJECTID":4497,"RTE_NM":"R-VA122UR08582EB      RMP001.00B","TYPE":"END","RAMP_TYPE":"ON-RAMP","TERMINAL_SIDE":"END","RTE_CATEGORY_NM":"Interstate Ramp","MPO_ID":null,"AREA_TYPE_ID":null}},{"type":"Feature","geometry":{"type":"Point","coordinates":[-77.52390277668904,37.90692198234487]},"properties":{"OBJECTID":4507,"RTE_NM":"R-VA   US00017SBBUS007RMP005.00A","TYPE":"END","RAMP_TYPE":"ON-RAMP","TERMINAL_SIDE":"END","RTE_CATEGORY_NM":"Interstate Ramp","MPO_ID":null,"AREA_TYPE_ID":null}},{"type":"Feature","geometry":{"type":"Point","coordinates":[-77.81168030881996,38.48690803106753]},"properties":{"OBJECTID":4524,"RTE_NM":"R-VA   IS00095SB      RMP161.00A","TYPE":"END","RAMP_TYPE":"ON-RAMP","TERMINAL_SIDE":"END","RTE_CATEGORY_NM":"Interstate Ramp","MPO_ID":null,"AREA_TYPE_ID":null}},{"type":"Feature","geometry":{"type":"Point","coordinates":[-78.0059734106102,38.54077304740276]},"properties":{"OBJECTID":4533,"RTE_NM":"R-VA030SC00721UK      RMP007.00B","TYPE":"END","RAMP_TYPE":"ON-RAMP","TERMINAL_SIDE":"END","RTE_CATEGORY_NM":"Interstate Ramp","MPO_ID":null,"AREA_TYPE_ID":null}},{"type":"Feature","geometry":{"type":"Point","coordinates":[-77.77554882889149,38.5342348446011]},"properties":{"OBJECTID":4537,"RTE_NM":"R-VA   IS00395RV      RMP005.00B","TYPE":"END","RAMP_TYPE":"ON-RAMP","TERMINAL_SIDE":"END","RTE_CATEGORY_NM":"Interstate Ramp","MPO_ID":null,"AREA_TYPE_ID":null}},{"type":"Feature","geometry":{"type":"Point","coordinates":[-77.86177628132768,38.11085818675056]},"properties":{"OBJECTID":4564,"RTE_NM":"R-VA   IS00095SB      RMP067.00A","TYPE":"END","RAMP_TYPE":"ON-RAMP","TERMINAL_SIDE":"END","RTE_CATEGORY_NM":"Interstate Ramp","MPO_ID":null,"AREA_TYPE_ID":null}},{"type":"Feature","geometry":{"type":"Point","coordinates":[-77.52341212214375,37.9070345716562]},"properties":{"OBJECTID":4569,"RTE_NM":"R-VA   US00017NBBUS007RMP005.00B","TYPE":"END","RAMP_TYPE":"ON-RAMP","TERMINAL_SIDE":"END","RTE_CATEGORY_NM":"Interstate Ramp","MPO_ID":null,"AREA_TYPE_ID":null}},{"type":"Feature","geometry":{"type":"Point","coordinates":[-77.50398510633698,37.933437313961385]},"properties":{"OBJECTID":4616,"RTE_NM":"R-VA   SR00337SBALT002RMP000.00A","TYPE":"END","RAMP_TYPE":"ON-RAMP","TERMINAL_SIDE":"END","RTE_CATEGORY_NM":"Non-Interstate Ramp","MPO_ID":null,"AREA_TYPE_ID":null}},{"type":"Feature","geometry":{"type":"Point","coordinates":[-77.49007704804963,37.948744036408286]},"properties":{"OBJECTID":4641,"RTE_NM":"R-VA   SR00247UK      RMP004.00B","TYPE":"END","RAMP_TYPE":"ON-RAMP","TERMINAL_SIDE":"END","RTE_CATEGORY_NM":"Interstate Ramp","MPO_ID":null,"AREA_TYPE_ID":null}},{"type":"Feature","geometry":{"type":"Point","coordinates":[-77.76248469021606,38.55475760186617]},"properties":{"OBJECTID":4649,"RTE_NM":"R-VA   US00029NB      RMP249.00A","TYPE":"END","RAMP_TYPE":"ON-RAMP","TERMINAL_SIDE":"END","RTE_CATEGORY_NM":"Interstate Ramp","MPO_ID":null,"AREA_TYPE_ID":null}},{"type":"Feature","geometry":{"type":"Point","coordinates":[-77.88882519773935,38.382676265582184]},"properties":{"OBJECTID":4650,"RTE_NM":"R-VA   US00017SB      RMP182.00B","TYPE":"END","RAMP_TYPE":"ON-RAMP","TERMINAL_SIDE":"END","RTE_CATEGORY_NM":"Interstate Ramp","MPO_ID":null,"AREA_TYPE_ID":null}},{"type":"Feature","geometry":{"type":"Point","coordinates":[-78.64258947389837,38.20727443341952]},"properties":{"OBJECTID":4688,"RTE_NM":"R-VA003SC00648UK      RMP001.00A","TYPE":"END","RAMP_TYPE":"ON-RAMP","TERMINAL_SIDE":"END","RTE_CATEGORY_NM":"Interstate Ramp","MPO_ID":null,"AREA_TYPE_ID":null}},{"type":"Feature","geometry":{"type":"Point","coordinates":[-77.77573129366951,38.5341935302209]},"properties":{"OBJECTID":4692,"RTE_NM":"R-VA   IS00395RV      RMP005.00A","TYPE":"END","RAMP_TYPE":"ON-RAMP","TERMINAL_SIDE":"END","RTE_CATEGORY_NM":"Interstate Ramp","MPO_ID":null,"AREA_TYPE_ID":null}},{"type":"Feature","geometry":{"type":"Point","coordinates":[-77.85286557409115,38.05483208883198]},"properties":{"OBJECTID":4695,"RTE_NM":"R-VA   SR00144NB      RMP004.00A","TYPE":"END","RAMP_TYPE":"ON-RAMP","TERMINAL_SIDE":"END","RTE_CATEGORY_NM":"Interstate Ramp","MPO_ID":null,"AREA_TYPE_ID":null}},{"type":"Feature","geometry":{"type":"Point","coordinates":[-78.9797642207486,37.95814789634034]},"properties":{"OBJECTID":4723,"RTE_NM":"R-VA   IS00081SB      RMP073.00A","TYPE":"END","RAMP_TYPE":"ON-RAMP","TERMINAL_SIDE":"END","RTE_CATEGORY_NM":"Interstate Ramp","MPO_ID":null,"AREA_TYPE_ID":null}},{"type":"Feature","geometry":{"type":"Point","coordinates":[-77.84604986469328,38.04068988954947]},"properties":{"OBJECTID":4732,"RTE_NM":"R-VA   US00460WB      RMP320.00A","TYPE":"END","RAMP_TYPE":"ON-RAMP","TERMINAL_SIDE":"END","RTE_CATEGORY_NM":"Interstate Ramp","MPO_ID":null,"AREA_TYPE_ID":null}},{"type":"Feature","geometry":{"type":"Point","coordinates":[-77.50574692766115,37.93356204929823]},"properties":{"OBJECTID":4736,"RTE_NM":"R-VA122UR08582EB      RMP001.00A","TYPE":"END","RAMP_TYPE":"ON-RAMP","TERMINAL_SIDE":"END","RTE_CATEGORY_NM":"Interstate Ramp","MPO_ID":null,"AREA_TYPE_ID":null}},{"type":"Feature","geometry":{"type":"Point","coordinates":[-77.83509557970976,38.084711875394795]},"properties":{"OBJECTID":4760,"RTE_NM":"R-VA020SC04840UK      RMP001.00A","TYPE":"END","RAMP_TYPE":"ON-RAMP","TERMINAL_SIDE":"END","RTE_CATEGORY_NM":"Interstate Ramp","MPO_ID":null,"AREA_TYPE_ID":null}}]}