{"type":"FeatureCollection","features":[{"type":"Feature","properties":{"OBJECTID":4,"TYPE":"END","RAMP_TYPE":"OFF-RAMP","TERMINAL_SIDE":"END"},"geometry":{"type":"Point","coordinates":[-77.55284042206438,37.93328933566203]}},{"type":"Feature","properties":{"OBJECTID":12,"TYPE":"END","RAMP_TYPE":"OFF-RAMP","TERMINAL_SIDE":"END"},"geometry":{"type":"Point","coordinates":[-79.22216485709083,37.904587298427366]}},{"type":"Feature","properties":{"OBJECTID":14,"TYPE":"END","RAMP_TYPE":"OFF-RAMP","TERMINAL_SIDE":"END"},"geometry":{"type":"Point","coordinates":[-77.64766237613455,38.08597895491512]}},{"type":"Feature","properties":{"OBJECTID":16,"TYPE":"END","RAMP_TYPE":"OFF-RAMP","TERMINAL_SIDE":"END"},"geometry":{"type":"Point","coordinates":[-77.50082986296654,37.9680019878959]}},{"type":"Feature","properties":{"OBJECTID":17,"TYPE":"END","RAMP_TYPE":"OFF-RAMP","TERMINAL_SIDE":"END"},"geometry":{"type":"Point","coordinates":[-77.5406045759247,37.992724025396164]}},{"type":"Feature","properties":{"OBJECTID":19,"TYPE":"END","RAMP_TYPE":"OFF-RAMP","TERMINAL_SIDE":"END"},"geometry":{"type":"Point","coordinates":[-78.31817537234954,38.291094170903996]}},{"type":"Feature","properties":{"OBJECTID":22,"TYPE":"END","RAMP_TYPE":"OFF-RAMP","TERMINAL_SIDE":"END"},"geometry":{"type":"Point","coordinates":[-77.7828200182532,38.52960892797693]}},{"type":"Feature","properties":{"OBJECTID":23,"TYPE":"END","RAMP_TYPE":"OFF-RAMP","TERMINAL_SIDE":"END"},"geometry":{"type":"Point","coordinates":[-77.50572948767123,37.91580472676385]}},{"type":"Feature","properties":{"OBJECTID":25,"TYPE":"END","RAMP_TYPE":"OFF-RAMP","TERMINAL_SIDE":"END"},"geometry":{"type":"Point","coordinates":[-77.79576279321408,38.518334891960954]}},{"type":"Feature","properties":{"OBJECTID":26,"TYPE":"END","RAMP_TYPE":"OFF-RAMP","TERMINAL_SIDE":"END"},"geometry":{"type":"Point","coordinates":[-77.80645439074955,38.56533226323511]}},{"type":"Feature","properties":{"OBJECTID":37,"TYPE":"END","RAMP_TYPE":"OFF-RAMP","TERMINAL_SIDE":"END"},"geometry":{"type":"Point","coordinates":[-78.54928340205497,38.141256357609024]}},{"type":"Feature","properties":{"OBJECTID":40,"TYPE":"END","RAMP_TYPE":"OFF-RAMP","TERMINAL_SIDE":"END"},"geometry":{"type":"Point","coordinates":[-77.85119512457793,38.439338878750284]}},{"type":"Feature","properties":{"OBJECTID":42,"TYPE":"END","RAMP_TYPE":"OFF-RAMP","TERMINAL_SIDE":"END"},"geometry":{"type":"Point","coordinates":[-78.24924866361792,38.47434940506826]}},{"type":"Feature","properties":{"OBJECTID":45,"TYPE":"END","RAMP_TYPE":"OFF-RAMP","TERMINAL_SIDE":"END"},"geometry":{"type":"Point","coordinates":[-79.22217262438959,37.905069624318934]}},{"type":"Feature","properties":{"OBJECTID":48,"TYPE":"END","RAMP_TYPE":"OFF-RAMP","TERMINAL_SIDE":"END"},"geometry":{"type":"Point","coordinates":[-77.51245736817104,37.928855160479955]}},{"type":"Feature","properties":{"OBJECTID":55,"TYPE":"END","RAMP_TYPE":"OFF-RAMP","TERMINAL_SIDE":"END"},"geometry":{"type":"Point","coordinates":[-77.88800584594065,38.38369644603211]}},{"type":"Feature","properties":{"OBJECTID":59,"TYPE":"END","RAMP_TYPE":"OFF-RAMP","TERMINAL_SIDE":"END"},"geometry":{"type":"Point","coordinates":[-77.89537983963243,37.88410388689668]}},{"type":"Feature","properties":{"OBJECTID":64,"TYPE":"END","RAMP_TYPE":"OFF-RAMP","TERMINAL_SIDE":"END"},"geometry":{"type":"Point","coordinates":[-77.83989411322081,38.033789047199264]}},{"type":"Feature","properties":{"OBJECTID":73,"TYPE":"END","RAMP_TYPE":"OFF-RAMP","TERMINAL_SIDE":"END"},"geometry":{"type":"Point","coordinates":[-77.52191330145473,37.987944312984176]}},{"type":"Feature","properties":{"OBJECTID":86,"TYPE":"END","RAMP_TYPE":"OFF-RAMP","TERMINAL_SIDE":"END"},"geometry":{"type":"Point","coordinates":[-77.48930214446837,37.915276910679026]}},{"type":"Feature","properties":{"OBJECTID":88,"TYPE":"END","RAMP_TYPE":"OFF-RAMP","TERMINAL_SIDE":"END"},"geometry":{"type":"Point","coordinates":[-77.85770457781076,38.14532798194233]}},{"type":"Feature","properties":{"OBJECTID":97,"TYPE":"END","RAMP_TYPE":"OFF-RAMP","TERMINAL_SIDE":"END"},"geometry":{"type":"Point","coordinates":[-77.80871207812045,38.528083170312165]}},{"type":"Feature","properties":{"OBJECTID":103,"TYPE":"END","RAMP_TYPE":"OFF-RAMP","TERMINAL_SIDE":"END"},"geometry":{"type":"Point","coordinates":[-77.9969187164234,38.53977432345705]}},{"type":"Feature","properties":{"OBJECTID":107,"TYPE":"END","RAMP_TYPE":"OFF-RAMP","TERMINAL_SIDE":"END"},"geometry":{"type":"Point","coordinates":[-77.86918658972739,37.91602101441068]}},{"type":"Feature","properties":{"OBJECTID":109,"TYPE":"END","RAMP_TYPE":"OFF-RAMP","TERMINAL_SIDE":"END"},"geometry":{"type":"Point","coordinates":[-78.62423992957461,38.08977662930108]}},{"type":"Feature","properties":{"OBJECTID":117,"TYPE":"END","RAMP_TYPE":"OFF-RAMP","TERMINAL_SIDE":"END"},"geometry":{"type":"Point","coordinates":[-79.25384541487142,37.88965431951555]}},{"type":"Feature","properties":{"OBJECTID":120,"TYPE":"END","RAMP_TYPE":"OFF-RAMP","TERMINAL_SIDE":"END"},"geometry":{"type":"Point","coordinates":[-77.59088024417487,38.03275815163146]}},{"type":"Feature","properties":{"OBJECTID":132,"TYPE":"END","RAMP_TYPE":"OFF-RAMP","TERMINAL_SIDE":"END"},"geometry":{"type":"Point","coordinates":[-77.97288054587342,38.19086449679952]}},{"type":"Feature","properties":{"OBJECTID":141,"TYPE":"END","RAMP_TYPE":"OFF-RAMP","TERMINAL_SIDE":"END"},"geometry":{"type":"Point","coordinates":[-79.17464571970466,37.91333949140658]}},{"type":"Feature","properties":{"OBJECTID":145,"TYPE":"END","RAMP_TYPE":"OFF-RAMP","TERMINAL_SIDE":"END"},"geometry":{"type":"Point","coordinates":[-77.85848143800575,37.93102827864682]}},{"type":"Feature","properties":{"OBJECTID":148,"TYPE":"END","RAMP_TYPE":"OFF-RAMP","TERMINAL_SIDE":"END"},"geometry":{"type":"Point","coordinates":[-77.79822345161246,38.50571486360479]}},{"type":"Feature","properties":{"OBJECTID":151,"TYPE":"END","RAMP_TYPE":"OFF-RAMP","TERMINAL_SIDE":"END"},"geometry":{"type":"Point","coordinates":[-77.48911498653334,37.948254229791935]}},{"type":"Feature","properties":{"OBJECTID":159,"TYPE":"END","RAMP_TYPE":"OFF-RAMP","TERMINAL_SIDE":"END"},"geometry":{"type":"Point","coordinates":[-79.28664881126294,37.8793441126708]}},{"type":"Feature","properties":{"OBJECTID":169,"TYPE":"END","RAMP_TYPE":"OFF-RAMP","TERMINAL_SIDE":"END"},"geometry":{"type":"Point","coordinates":[-78.88463573991912,37.84437963185081]}},{"type":"Feature","properties":{"OBJECTID":170,"TYPE":"END","RAMP_TYPE":"OFF-RAMP","TERMINAL_SIDE":"END"},"geometry":{"type":"Point","coordinates":[-77.91623363538798,38.17245440360132]}},{"type":"Feature","properties":{"OBJECTID":172,"TYPE":"END","RAMP_TYPE":"OFF-RAMP","TERMINAL_SIDE":"END"},"geometry":{"type":"Point","coordinates":[-77.85151109163601,38.049827622327086]}},{"type":"Feature","properties":{"OBJECTID":173,"TYPE":"END","RAMP_TYPE":"OFF-RAMP","TERMINAL_SIDE":"END"},"geometry":{"type":"Point","coordinates":[-77.93313839690788,38.17871359760184]}},{"type":"Feature","properties":{"OBJECTID":175,"TYPE":"END","RAMP_TYPE":"OFF-RAMP","TERMINAL_SIDE":"END"},"geometry":{"type":"Point","coordinates":[-77.52362720464055,37.90723672309367]}},{"type":"Feature","properties":{"OBJECTID":185,"TYPE":"END","RAMP_TYPE":"OFF-RAMP","TERMINAL_SIDE":"END"},"geometry":{"type":"Point","coordinates":[-77.83826376082058,38.4574769194943]}},{"type":"Feature","properties":{"OBJECTID":188,"TYPE":"END","RAMP_TYPE":"OFF-RAMP","TERMINAL_SIDE":"END"},"geometry":{"type":"Point","coordinates":[-77.55096420587061,37.92498518205741]}},{"type":"Feature","properties":{"OBJECTID":189,"TYPE":"END","RAMP_TYPE":"OFF-RAMP","TERMINAL_SIDE":"END"},"geometry":{"type":"Point","coordinates":[-77.87171522592752,38.03680455127026]}},{"type":"Feature","properties":{"OBJECTID":195,"TYPE":"END","RAMP_TYPE":"OFF-RAMP","TERMINAL_SIDE":"END"},"geometry":{"type":"Point","coordinates":[-77.75552645225656,38.54667084062019]}},{"type":"Feature","properties":{"OBJECTID":200,"TYPE":"END","RAMP_TYPE":"OFF-RAMP","TERMINAL_SIDE":"END"},"geometry":{"type":"Point","coordinates":[-79.34627923269058,37.85729299601408]}},{"type":"Feature","properties":{"OBJECTID":201,"TYPE":"END","RAMP_TYPE":"OFF-RAMP","TERMINAL_SIDE":"END"},"geometry":{"type":"Point","coordinates":[-79.27773437473826,37.88402256119439]}},{"type":"Feature","properties":{"OBJECTID":207,"TYPE":"END","RAMP_TYPE":"OFF-RAMP","TERMINAL_SIDE":"END"},"geometry":{"type":"Point","coordinates":[-77.47898753520113,37.92324442348334]}},{"type":"Feature","properties":{"OBJECTID":217,"TYPE":"END","RAMP_TYPE":"OFF-RAMP","TERMINAL_SIDE":"END"},"geometry":{"type":"Point","coordinates":[-77.59156658427253,38.03252371986175]}},{"type":"Feature","properties":{"OBJECTID":218,"TYPE":"END","RAMP_TYPE":"OFF-RAMP","TERMINAL_SIDE":"END"},"geometry":{"type":"Point","coordinates":[-78.22003540472018,38.53002148249073]}},{"type":"Feature","properties":{"OBJECTID":222,"TYPE":"END","RAMP_TYPE":"OFF-RAMP","TERMINAL_SIDE":"END"},"geometry":{"type":"Point","coordinates":[-77.84466508250702,38.44832430232021]}},{"type":"Feature","properties":{"OBJECTID":238,"TYPE":"END","RAMP_TYPE":"OFF-RAMP","TERMINAL_SIDE":"END"},"geometry":{"type":"Point","coordinates":[-77.88938460784895,38.353320896084846]}},{"type":"Feature","properties":{"OBJECTID":239,"TYPE":"END","RAMP_TYPE":"OFF-RAMP","TERMINAL_SIDE":"END"},"geometry":{"type":"Point","coordinates":[-77.48411059156211,37.94590863010804]}},{"type":"Feature","properties":{"OBJECTID":240,"TYPE":"END","RAMP_TYPE":"OFF-RAMP","TERMINAL_SIDE":"END"},"geometry":{"type":"Point","coordinates":[-78.8545399253307,37.998139372554675]}},{"type":"Feature","properties":{"OBJECTID":243,"TYPE":"END","RAMP_TYPE":"OFF-RAMP","TERMINAL_SIDE":"END"},"geometry":{"type":"Point","coordinates":[-77.93313839690788,38.17871359760184]}},{"type":"Feature","properties":{"OBJECTID":248,"TYPE":"END","RAMP_TYPE":"OFF-RAMP","TERMINAL_SIDE":"END"},"geometry":{"type":"Point","coordinates":[-77.47452449442184,37.934380769059054]}},{"type":"Feature","properties":{"OBJECTID":251,"TYPE":"END","RAMP_TYPE":"OFF-RAMP","TERMINAL_SIDE":"END"},"geometry":{"type":"Point","coordinates":[-79.15510690949773,37.91677745864477]}},{"type":"Feature","properties":{"OBJECTID":253,"TYPE":"END","RAMP_TYPE":"OFF-RAMP","TERMINAL_SIDE":"END"},"geometry":{"type":"Point","coordinates":[-78.41685374341802,38.25530824535079]}},{"type":"Feature","properties":{"OBJECTID":254,"TYPE":"END","RAMP_TYPE":"OFF-RAMP","TERMINAL_SIDE":"END"},"geometry":{"type":"Point","coordinates":[-77.8893616964858,38.353617200909824]}},{"type":"Feature","properties":{"OBJECTID":255,"TYPE":"END","RAMP_TYPE":"OFF-RAMP","TERMINAL_SIDE":"END"},"geometry":{"type":"Point","coordinates":[-77.52873518207794,37.99094777098634]}},{"type":"Feature","properties":{"OBJECTID":258,"TYPE":"END","RAMP_TYPE":"OFF-RAMP","TERMINAL_SIDE":"END"},"geometry":{"type":"Point","coordinates":[-77.5438303971419,37.98112819715321]}},{"type":"Feature","properties":{"OBJECTID":261,"TYPE":"END","RAMP_TYPE":"OFF-RAMP","TERMINAL_SIDE":"END"},"geometry":{"type":"Point","coordinates":[-77.87312223436378,37.90378388084718]}},{"type":"Feature","properties":{"OBJECTID":266,"TYPE":"END","RAMP_TYPE":"OFF-RAMP","TERMINAL_SIDE":"END"},"geometry":{"type":"Point","coordinates":[-77.50201615560347,37.95779381212387]}},{"type":"Feature","properties":{"OBJECTID":271,"TYPE":"END","RAMP_TYPE":"OFF-RAMP","TERMINAL_SIDE":"END"},"geometry":{"type":"Point","coordinates":[-78.18695949033956,38.28052828161689]}},{"type":"Feature","properties":{"OBJECTID":272,"TYPE":"END","RAMP_TYPE":"OFF-RAMP","TERMINAL_SIDE":"END"},"geometry":{"type":"Point","coordinates":[-78.45870301512744,38.2279916144228]}},{"type":"Feature","properties":{"OBJECTID":276,"TYPE":"END","RAMP_TYPE":"OFF-RAMP","TERMINAL_SIDE":"END"},"geometry":{"type":"Point","coordinates":[-77.63244354163756,38.07210111543965]}},{"type":"Feature","properties":{"OBJECTID":286,"TYPE":"END","RAMP_TYPE":"OFF-RAMP","TERMINAL_SIDE":"END"},"geometry":{"type":"Point","coordinates":[-77.50156733147762,37.90712847476701]}},{"type":"Feature","properties":{"OBJECTID":292,"TYPE":"END","RAMP_TYPE":"OFF-RAMP","TERMINAL_SIDE":"END"},"geometry":{"type":"Point","coordinates":[-78.83253972008202,38.00073615924453]}},{"type":"Feature","properties":{"OBJECTID":298,"TYPE":"END","RAMP_TYPE":"OFF-RAMP","TERMINAL_SIDE":"END"},"geometry":{"type":"Point","coordinates":[-77.75840388260367,38.13014047809516]}},{"type":"Feature","properties":{"OBJECTID":301,"TYPE":"END","RAMP_TYPE":"OFF-RAMP","TERMINAL_SIDE":"END"},"geometry":{"type":"Point","coordinates":[-77.46691533284886,37.932544355975224]}},{"type":"Feature","properties":{"OBJECTID":303,"TYPE":"END","RAMP_TYPE":"OFF-RAMP","TERMINAL_SIDE":"END"},"geometry":{"type":"Point","coordinates":[-77.98122007215032,38.537642828656956]}},{"type":"Feature","properties":{"OBJECTID":305,"TYPE":"END","RAMP_TYPE":"OFF-RAMP","TERMINAL_SIDE":"END"},"geometry":{"type":"Point","coordinates":[-78.09407456417634,38.63204713979835]}},{"type":"Feature","properties":{"OBJECTID":310,"TYPE":"END","RAMP_TYPE":"OFF-RAMP","TERMINAL_SIDE":"END"},"geometry":{"type":"Point","coordinates":[-77.88847832668982,38.28551296030151]}},{"type":"Feature","properties":{"OBJECTID":315,"TYPE":"END","RAMP_TYPE":"OFF-RAMP","TERMINAL_SIDE":"END"},"geometry":{"type":"Point","coordinates":[-78.10625272733485,38.27088936144774]}},{"type":"Feature","properties":{"OBJECTID":318,"TYPE":"END","RAMP_TYPE":"OFF-RAMP","TERMINAL_SIDE":"END"},"geometry":{"type":"Point","coordinates":[-77.56719405934335,38.013140767045854]}},{"type":"Feature","properties":{"OBJECTID":324,"TYPE":"END","RAMP_TYPE":"OFF-RAMP","TERMINAL_SIDE":"END"},"geometry":{"type":"Point","coordinates":[-77.54859698957675,37.99818767758382]}},{"type":"Feature","properties":{"OBJECTID":326,"TYPE":"END","RAMP_TYPE":"OFF-RAMP","TERMINAL_SIDE":"END"},"geometry":{"type":"Point","coordinates":[-78.88645923158532,37.974931174938874]}},{"type":"Feature","properties":{"OBJECTID":337,"TYPE":"END","RAMP_TYPE":"OFF-RAMP","TERMINAL_SIDE":"END"},"geometry":{"type":"Point","coordinates":[-77.75698577685635,38.52422071571982]}},{"type":"Feature","properties":{"OBJECTID":340,"TYPE":"END","RAMP_TYPE":"OFF-RAMP","TERMINAL_SIDE":"END"},"geometry":{"type":"Point","coordinates":[-77.48277680298048,37.934325048698874]}},{"type":"Feature","properties":{"OBJECTID":348,"TYPE":"END","RAMP_TYPE":"OFF-RAMP","TERMINAL_SIDE":"END"},"geometry":{"type":"Point","coordinates":[-78.64555864826156,38.06595861994932]}},{"type":"Feature","properties":{"OBJECTID":354,"TYPE":"END","RAMP_TYPE":"OFF-RAMP","TERMINAL_SIDE":"END"},"geometry":{"type":"Point","coordinates":[-77.8393288826983,38.01926614954884]}},{"type":"Feature","properties":{"OBJECTID":359,"TYPE":"END","RAMP_TYPE":"OFF-RAMP","TERMINAL_SIDE":"END"},"geometry":{"type":"Point","coordinates":[-78.3433748065086,38.30190889842547]}},{"type":"Feature","properties":{"OBJECTID":361,"TYPE":"END","RAMP_TYPE":"OFF-RAMP","TERMINAL_SIDE":"END"},"geometry":{"type":"Point","coordinates":[-78.06452431521423,37.897420757541894]}},{"type":"Feature","properties":{"OBJECTID":380,"TYPE":"END","RAMP_TYPE":"OFF-RAMP","TERMINAL_SIDE":"END"},"geometry":{"type":"Point","coordinates":[-77.89866552824353,38.523374904234295]}},{"type":"Feature","properties":{"OBJECTID":389,"TYPE":"END","RAMP_TYPE":"OFF-RAMP","TERMINAL_SIDE":"END"},"geometry":{"type":"Point","coordinates":[-77.5316658668112,37.98978563456933]}},{"type":"Feature","properties":{"OBJECTID":392,"TYPE":"END","RAMP_TYPE":"OFF-RAMP","TERMINAL_SIDE":"END"},"geometry":{"type":"Point","coordinates":[-77.52365027357094,37.906423307416226]}},{"type":"Feature","properties":{"OBJECTID":393,"TYPE":"END","RAMP_TYPE":"OFF-RAMP","TERMINAL_SIDE":"END"},"geometry":{"type":"Point","coordinates":[-78.50123076846688,38.17690608377317]}},{"type":"Feature","properties":{"OBJECTID":399,"TYPE":"END","RAMP_TYPE":"OFF-RAMP","TERMINAL_SIDE":"END"},"geometry":{"type":"Point","coordinates":[-78.85495000333513,37.99863063869548]}},{"type":"Feature","properties":{"OBJECTID":412,"TYPE":"END","RAMP_TYPE":"OFF-RAMP","TERMINAL_SIDE":"END"},"geometry":{"type":"Point","coordinates":[-77.47807973086296,37.92277369810751]}},{"type":"Feature","properties":{"OBJECTID":415,"TYPE":"END","RAMP_TYPE":"OFF-RAMP","TERMINAL_SIDE":"END"},"geometry":{"type":"Point","coordinates":[-77.891153407053,38.37008956284098]}},{"type":"Feature","properties":{"OBJECTID":422,"TYPE":"END","RAMP_TYPE":"OFF-RAMP","TERMINAL_SIDE":"END"},"geometry":{"type":"Point","coordinates":[-78.52191189493732,38.16311767130868]}},{"type":"Feature","properties":{"OBJECTID":424,"TYPE":"END","RAMP_TYPE":"OFF-RAMP","TERMINAL_SIDE":"END"},"geometry":{"type":"Point","coordinates":[-78.37408284967715,38.299848757274525]}},{"type":"Feature","properties":{"OBJECTID":431,"TYPE":"END","RAMP_TYPE":"OFF-RAMP","TERMINAL_SIDE":"END"},"geometry":{"type":"Point","coordinates":[-78.30979577129868,38.40754857637097]}},{"type":"Feature","properties":{"OBJECTID":432,"TYPE":"END","RAMP_TYPE":"OFF-RAMP","TERMINAL_SIDE":"END"},"geometry":{"type":"Point","coordinates":[-77.55261670163452,37.92456440694034]}},{"type":"Feature","properties":{"OBJECTID":435,"TYPE":"END","RAMP_TYPE":"OFF-RAMP","TERMINAL_SIDE":"END"},"geometry":{"type":"Point","coordinates":[-78.21941805948005,38.5297937057305]}},{"type":"Feature","properties":{"OBJECTID":439,"TYPE":"END","RAMP_TYPE":"OFF-RAMP","TERMINAL_SIDE":"END"},"geometry":{"type":"Point","coordinates":[-77.79043283159618,38.52543418579272]}},{"type":"Feature","properties":{"OBJECTID":440,"TYPE":"END","RAMP_TYPE":"OFF-RAMP","TERMINAL_SIDE":"END"},"geometry":{"type":"Point","coordinates":[-77.79031324595353,38.13301043094674]}},{"type":"Feature","properties":{"OBJECTID":448,"TYPE":"END","RAMP_TYPE":"OFF-RAMP","TERMINAL_SIDE":"END"},"geometry":{"type":"Point","coordinates":[-77.75643851231213,38.523799343265]}},{"type":"Feature","properties":{"OBJECTID":453,"TYPE":"END","RAMP_TYPE":"OFF-RAMP","TERMINAL_SIDE":"END"},"geometry":{"type":"Point","coordinates":[-78.6511268690294,38.20701346592479]}},{"type":"Feature","properties":{"OBJECTID":459,"TYPE":"END","RAMP_TYPE":"OFF-RAMP","TERMINAL_SIDE":"END"},"geometry":{"type":"Point","coordinates":[-78.94736397361899,37.95666041633025]}},{"type":"Feature","properties":{"OBJECTID":461,"TYPE":"END","RAMP_TYPE":"OFF-RAMP","TERMINAL_SIDE":"END"},"geometry":{"type":"Point","coordinates":[-77.87084277472404,38.169256535914855]}},{"type":"Feature","properties":{"OBJECTID":462,"TYPE":"END","RAMP_TYPE":"OFF-RAMP","TERMINAL_SIDE":"END"},"geometry":{"type":"Point","coordinates":[-77.85266058207283,38.14132927185715]}},{"type":"Feature","properties":{"OBJECTID":464,"TYPE":"END","RAMP_TYPE":"OFF-RAMP","TERMINAL_SIDE":"END"},"geometry":{"type":"Point","coordinates":[-78.88021392385802,37.98175734887533]}},{"type":"Feature","properties":{"OBJECTID":484,"TYPE":"END","RAMP_TYPE":"OFF-RAMP","TERMINAL_SIDE":"END"},"geometry":{"type":"Point","coordinates":[-79.30024229546214,37.8710499949939]}},{"type":"Feature","properties":{"OBJECTID":492,"TYPE":"END","RAMP_TYPE":"OFF-RAMP","TERMINAL_SIDE":"END"},"geometry":{"type":"Point","coordinates":[-77.43851404962274,37.9317545604306]}},{"type":"Feature","properties":{"OBJECTID":494,"TYPE":"END","RAMP_TYPE":"OFF-RAMP","TERMINAL_SIDE":"END"},"geometry":{"type":"Point","coordinates":[-78.20462975653064,38.28375465063279]}},{"type":"Feature","properties":{"OBJECTID":507,"TYPE":"END","RAMP_TYPE":"OFF-RAMP","TERMINAL_SIDE":"END"},"geometry":{"type":"Point","coordinates":[-78.18770885702426,38.2793855816932]}},{"type":"Feature","properties":{"OBJECTID":509,"TYPE":"END","RAMP_TYPE":"OFF-RAMP","TERMINAL_SIDE":"END"},"geometry":{"type":"Point","coordinates":[-77.80811011713608,38.56145647871345]}},{"type":"Feature","properties":{"OBJECTID":516,"TYPE":"END","RAMP_TYPE":"OFF-RAMP","TERMINAL_SIDE":"END"},"geometry":{"type":"Point","coordinates":[-77.48276757041967,37.933497362171586]}},{"type":"Feature","properties":{"OBJECTID":519,"TYPE":"END","RAMP_TYPE":"OFF-RAMP","TERMINAL_SIDE":"END"},"geometry":{"type":"Point","coordinates":[-78.91775308321002,37.96266575471626]}},{"type":"Feature","properties":{"OBJECTID":522,"TYPE":"END","RAMP_TYPE":"OFF-RAMP","TERMINAL_SIDE":"END"},"geometry":{"type":"Point","coordinates":[-77.87843704169822,38.148928491500925]}},{"type":"Feature","properties":{"OBJECTID":523,"TYPE":"END","RAMP_TYPE":"OFF-RAMP","TERMINAL_SIDE":"END"},"geometry":{"type":"Point","coordinates":[-78.89910953338929,37.97179036196438]}},{"type":"Feature","properties":{"OBJECTID":526,"TYPE":"END","RAMP_TYPE":"OFF-RAMP","TERMINAL_SIDE":"END"},"geometry":{"type":"Point","coordinates":[-77.80801506523056,38.54470968838189]}},{"type":"Feature","properties":{"OBJECTID":528,"TYPE":"END","RAMP_TYPE":"OFF-RAMP","TERMINAL_SIDE":"END"},"geometry":{"type":"Point","coordinates":[-77.50580329081727,37.92858240163461]}},{"type":"Feature","properties":{"OBJECTID":533,"TYPE":"END","RAMP_TYPE":"OFF-RAMP","TERMINAL_SIDE":"END"},"geometry":{"type":"Point","coordinates":[-77.86747457648285,38.14342439622465]}},{"type":"Feature","properties":{"OBJECTID":540,"TYPE":"END","RAMP_TYPE":"OFF-RAMP","TERMINAL_SIDE":"END"},"geometry":{"type":"Point","coordinates":[-77.50096557496857,37.93389991859509]}},{"type":"Feature","properties":{"OBJECTID":541,"TYPE":"END","RAMP_TYPE":"OFF-RAMP","TERMINAL_SIDE":"END"},"geometry":{"type":"Point","coordinates":[-78.22574136795824,38.28708737217011]}},{"type":"Feature","properties":{"OBJECTID":553,"TYPE":"END","RAMP_TYPE":"OFF-RAMP","TERMINAL_SIDE":"END"},"geometry":{"type":"Point","coordinates":[-77.838172084044,38.457372707792906]}},{"type":"Feature","properties":{"OBJECTID":559,"TYPE":"END","RAMP_TYPE":"OFF-RAMP","TERMINAL_SIDE":"END"},"geometry":{"type":"Point","coordinates":[-77.82568421606916,38.48079167148675]}},{"type":"Feature","properties":{"OBJECTID":562,"TYPE":"END","RAMP_TYPE":"OFF-RAMP","TERMINAL_SIDE":"END"},"geometry":{"type":"Point","coordinates":[-78.89898378091704,37.97047373512111]}},{"type":"Feature","properties":{"OBJECTID":571,"TYPE":"END","RAMP_TYPE":"OFF-RAMP","TERMINAL_SIDE":"END"},"geometry":{"type":"Point","coordinates":[-79.0982317003272,37.933403707414136]}},{"type":"Feature","properties":{"OBJECTID":585,"TYPE":"END","RAMP_TYPE":"OFF-RAMP","TERMINAL_SIDE":"END"},"geometry":{"type":"Point","coordinates":[-77.43815223208364,37.932352829763126]}},{"type":"Feature","properties":{"OBJECTID":587,"TYPE":"END","RAMP_TYPE":"OFF-RAMP","TERMINAL_SIDE":"END"},"geometry":{"type":"Point","coordinates":[-78.88672646467951,37.97523976974521]}},{"type":"Feature","properties":{"OBJECTID":595,"TYPE":"END","RAMP_TYPE":"OFF-RAMP","TERMINAL_SIDE":"END"},"geometry":{"type":"Point","coordinates":[-78.30964298601683,38.40719940897195]}},{"type":"Feature","properties":{"OBJECTID":602,"TYPE":"END","RAMP_TYPE":"OFF-RAMP","TERMINAL_SIDE":"END"},"geometry":{"type":"Point","coordinates":[-77.84852997761116,38.54360979980935]}},{"type":"Feature","properties":{"OBJECTID":604,"TYPE":"END","RAMP_TYPE":"OFF-RAMP","TERMINAL_SIDE":"END"},"geometry":{"type":"Point","coordinates":[-79.26621326674031,37.885632724619775]}},{"type":"Feature","properties":{"OBJECTID":634,"TYPE":"END","RAMP_TYPE":"OFF-RAMP","TERMINAL_SIDE":"END"},"geometry":{"type":"Point","coordinates":[-78.52849716054199,38.24255372721735]}},{"type":"Feature","properties":{"OBJECTID":649,"TYPE":"END","RAMP_TYPE":"OFF-RAMP","TERMINAL_SIDE":"END"},"geometry":{"type":"Point","coordinates":[-77.82939839813952,38.47205404744568]}},{"type":"Feature","properties":{"OBJECTID":662,"TYPE":"END","RAMP_TYPE":"OFF-RAMP","TERMINAL_SIDE":"END"},"geometry":{"type":"Point","coordinates":[-77.7674031026333,38.53828941139027]}},{"type":"Feature","properties":{"OBJECTID":664,"TYPE":"END","RAMP_TYPE":"OFF-RAMP","TERMINAL_SIDE":"END"},"geometry":{"type":"Point","coordinates":[-78.37344547420864,38.29935893442392]}},{"type":"Feature","properties":{"OBJECTID":673,"TYPE":"END","RAMP_TYPE":"OFF-RAMP","TERMINAL_SIDE":"END"},"geometry":{"type":"Point","coordinates":[-78.0048635398254,38.54011476469438]}},{"type":"Feature","properties":{"OBJECTID":686,"TYPE":"END","RAMP_TYPE":"OFF-RAMP","TERMINAL_SIDE":"END"},"geometry":{"type":"Point","coordinates":[-77.80853820220598,38.547751285957716]}},{"type":"Feature","properties":{"OBJECTID":698,"TYPE":"END","RAMP_TYPE":"OFF-RAMP","TERMINAL_SIDE":"END"},"geometry":{"type":"Point","coordinates":[-77.80516480799022,38.54475061104623]}},{"type":"Feature","properties":{"OBJECTID":715,"TYPE":"END","RAMP_TYPE":"OFF-RAMP","TERMINAL_SIDE":"END"},"geometry":{"type":"Point","coordinates":[-78.65010679127536,38.07161943878717]}},{"type":"Feature","properties":{"OBJECTID":718,"TYPE":"END","RAMP_TYPE":"OFF-RAMP","TERMINAL_SIDE":"END"},"geometry":{"type":"Point","coordinates":[-78.63522477703026,38.057643218408835]}},{"type":"Feature","properties":{"OBJECTID":728,"TYPE":"END","RAMP_TYPE":"OFF-RAMP","TERMINAL_SIDE":"END"},"geometry":{"type":"Point","coordinates":[-77.54278080707415,37.992270075169664]}},{"type":"Feature","properties":{"OBJECTID":732,"TYPE":"END","RAMP_TYPE":"OFF-RAMP","TERMINAL_SIDE":"END"},"geometry":{"type":"Point","coordinates":[-77.89632311074153,37.88438981151648]}},{"type":"Feature","properties":{"OBJECTID":747,"TYPE":"END","RAMP_TYPE":"OFF-RAMP","TERMINAL_SIDE":"END"},"geometry":{"type":"Point","coordinates":[-77.8492787016293,37.958226545308484]}},{"type":"Feature","properties":{"OBJECTID":819,"TYPE":"END","RAMP_TYPE":"OFF-RAMP","TERMINAL_SIDE":"END"},"geometry":{"type":"Point","coordinates":[-78.65110817503032,38.071082706923356]}},{"type":"Feature","properties":{"OBJECTID":884,"TYPE":"END","RAMP_TYPE":"OFF-RAMP","TERMINAL_SIDE":"END"},"geometry":{"type":"Point","coordinates":[-78.46949856796088,38.213906383744586]}},{"type":"Feature","properties":{"OBJECTID":905,"TYPE":"END","RAMP_TYPE":"OFF-RAMP","TERMINAL_SIDE":"END"},"geometry":{"type":"Point","coordinates":[-78.14454368086916,38.27692374772874]}},{"type":"Feature","properties":{"OBJECTID":930,"TYPE":"END","RAMP_TYPE":"OFF-RAMP","TERMINAL_SIDE":"END"},"geometry":{"type":"Point","coordinates":[-78.86827069422226,37.995930606495456]}},{"type":"Feature","properties":{"OBJECTID":932,"TYPE":"END","RAMP_TYPE":"OFF-RAMP","TERMINAL_SIDE":"END"},"geometry":{"type":"Point","coordinates":[-77.50460760924595,37.93348188221351]}},{"type":"Feature","properties":{"OBJECTID":933,"TYPE":"END","RAMP_TYPE":"OFF-RAMP","TERMINAL_SIDE":"END"},"geometry":{"type":"Point","coordinates":[-77.76516012569238,38.53897313588719]}},{"type":"Feature","properties":{"OBJECTID":947,"TYPE":"END","RAMP_TYPE":"OFF-RAMP","TERMINAL_SIDE":"END"},"geometry":{"type":"Point","coordinates":[-78.63479132044078,38.05289593281495]}},{"type":"Feature","properties":{"OBJECTID":975,"TYPE":"END","RAMP_TYPE":"OFF-RAMP","TERMINAL_SIDE":"END"},"geometry":{"type":"Point","coordinates":[-78.67261831536332,38.21775586055025]}},{"type":"Feature","properties":{"OBJECTID":1010,"TYPE":"END","RAMP_TYPE":"OFF-RAMP","TERMINAL_SIDE":"END"},"geometry":{"type":"Point","coordinates":[-77.79096167943366,38.525557644221614]}},{"type":"Feature","properties":{"OBJECTID":1012,"TYPE":"END","RAMP_TYPE":"OFF-RAMP","TERMINAL_SIDE":"END"},"geometry":{"type":"Point","coordinates":[-77.83801468716399,38.03371891099484]}},{"type":"Feature","properties":{"OBJECTID":1029,"TYPE":"END","RAMP_TYPE":"OFF-RAMP","TERMINAL_SIDE":"END"},"geometry":{"type":"Point","coordinates":[-77.83259874304544,38.13618586363936]}},{"type":"Feature","properties":{"OBJECTID":1031,"TYPE":"END","RAMP_TYPE":"OFF-RAMP","TERMINAL_SIDE":"END"},"geometry":{"type":"Point","coordinates":[-78.99104975028796,38.039421032102595]}},{"type":"Feature","properties":{"OBJECTID":1034,"TYPE":"END","RAMP_TYPE":"OFF-RAMP","TERMINAL_SIDE":"END"},"geometry":{"type":"Point","coordinates":[-77.86147868040335,38.097695315572]}},{"type":"Feature","properties":{"OBJECTID":1036,"TYPE":"END","RAMP_TYPE":"OFF-RAMP","TERMINAL_SIDE":"END"},"geometry":{"type":"Point","coordinates":[-77.89320794610052,38.37000295724976]}},{"type":"Feature","properties":{"OBJECTID":1043,"TYPE":"END","RAMP_TYPE":"OFF-RAMP","TERMINAL_SIDE":"END"},"geometry":{"type":"Point","coordinates":[-77.93828741168059,38.18225799170424]}},{"type":"Feature","properties":{"OBJECTID":1050,"TYPE":"END","RAMP_TYPE":"OFF-RAMP","TERMINAL_SIDE":"END"},"geometry":{"type":"Point","coordinates":[-78.70797035673156,38.049757758733115]}},{"type":"Feature","properties":{"OBJECTID":1064,"TYPE":"END","RAMP_TYPE":"OFF-RAMP","TERMINAL_SIDE":"END"},"geometry":{"type":"Point","coordinates":[-77.4837973252212,37.944528610680074]}},{"type":"Feature","properties":{"OBJECTID":1066,"TYPE":"END","RAMP_TYPE":"OFF-RAMP","TERMINAL_SIDE":"END"},"geometry":{"type":"Point","coordinates":[-77.47698700922966,37.922273904972194]}},{"type":"Feature","properties":{"OBJECTID":1070,"TYPE":"END","RAMP_TYPE":"OFF-RAMP","TERMINAL_SIDE":"END"},"geometry":{"type":"Point","coordinates":[-78.64678639555493,38.06520603039064]}},{"type":"Feature","properties":{"OBJECTID":1072,"TYPE":"END","RAMP_TYPE":"OFF-RAMP","TERMINAL_SIDE":"END"},"geometry":{"type":"Point","coordinates":[-78.68771286732797,38.22099705900499]}},{"type":"Feature","properties":{"OBJECTID":1080,"TYPE":"END","RAMP_TYPE":"OFF-RAMP","TERMINAL_SIDE":"END"},"geometry":{"type":"Point","coordinates":[-77.90966010276189,38.1673393254579]}},{"type":"Feature","properties":{"OBJECTID":1081,"TYPE":"END","RAMP_TYPE":"OFF-RAMP","TERMINAL_SIDE":"END"},"geometry":{"type":"Point","coordinates":[-78.92674374553154,37.95826015165096]}},{"type":"Feature","properties":{"OBJECTID":1090,"TYPE":"END","RAMP_TYPE":"OFF-RAMP","TERMINAL_SIDE":"END"},"geometry":{"type":"Point","coordinates":[-78.49312896063675,38.23148891562574]}},{"type":"Feature","properties":{"OBJECTID":1094,"TYPE":"END","RAMP_TYPE":"OFF-RAMP","TERMINAL_SIDE":"END"},"geometry":{"type":"Point","coordinates":[-77.79055231439348,38.52547909790227]}},{"type":"Feature","properties":{"OBJECTID":1096,"TYPE":"END","RAMP_TYPE":"OFF-RAMP","TERMINAL_SIDE":"END"},"geometry":{"type":"Point","coordinates":[-77.63308997718637,38.07100416272343]}},{"type":"Feature","properties":{"OBJECTID":1098,"TYPE":"END","RAMP_TYPE":"OFF-RAMP","TERMINAL_SIDE":"END"},"geometry":{"type":"Point","coordinates":[-78.26367259028943,38.29006763059721]}},{"type":"Feature","properties":{"OBJECTID":1103,"TYPE":"END","RAMP_TYPE":"OFF-RAMP","TERMINAL_SIDE":"END"},"geometry":{"type":"Point","coordinates":[-77.55061570050738,37.97654758644563]}},{"type":"Feature","properties":{"OBJECTID":1104,"TYPE":"END","RAMP_TYPE":"OFF-RAMP","TERMINAL_SIDE":"END"},"geometry":{"type":"Point","coordinates":[-77.53117203822288,37.910852924321205]}},{"type":"Feature","properties":{"OBJECTID":1106,"TYPE":"END","RAMP_TYPE":"OFF-RAMP","TERMINAL_SIDE":"END"},"geometry":{"type":"Point","coordinates":[-77.43303189141304,37.93306488768312]}},{"type":"Feature","properties":{"OBJECTID":1110,"TYPE":"END","RAMP_TYPE":"OFF-RAMP","TERMINAL_SIDE":"END"},"geometry":{"type":"Point","coordinates":[-77.80757952403498,38.52805501738407]}},{"type":"Feature","properties":{"OBJECTID":1114,"TYPE":"END","RAMP_TYPE":"OFF-RAMP","TERMINAL_SIDE":"END"},"geometry":{"type":"Point","coordinates":[-77.78913000117522,38.55128298586157]}},{"type":"Feature","properties":{"OBJECTID":1120,"TYPE":"END","RAMP_TYPE":"OFF-RAMP","TERMINAL_SIDE":"END"},"geometry":{"type":"Point","coordinates":[-77.75642828305202,38.54581480210364]}},{"type":"Feature","properties":{"OBJECTID":1125,"TYPE":"END","RAMP_TYPE":"OFF-RAMP","TERMINAL_SIDE":"END"},"geometry":{"type":"Point","coordinates":[-78.81102422135605,38.002331774880716]}},{"type":"Feature","properties":{"OBJECTID":1130,"TYPE":"END","RAMP_TYPE":"OFF-RAMP","TERMINAL_SIDE":"END"},"geometry":{"type":"Point","coordinates":[-78.96164838785316,37.95453433551336]}},{"type":"Feature","properties":{"OBJECTID":1133,"TYPE":"END","RAMP_TYPE":"OFF-RAMP","TERMINAL_SIDE":"END"},"geometry":{"type":"Point","coordinates":[-78.61819536206514,38.21321303731954]}},{"type":"Feature","properties":{"OBJECTID":1135,"TYPE":"END","RAMP_TYPE":"OFF-RAMP","TERMINAL_SIDE":"END"},"geometry":{"type":"Point","coordinates":[-77.83741066190477,38.45709400882128]}},{"type":"Feature","properties":{"OBJECTID":1141,"TYPE":"END","RAMP_TYPE":"OFF-RAMP","TERMINAL_SIDE":"END"},"geometry":{"type":"Point","coordinates":[-77.7671107940778,38.5368877504029]}},{"type":"Feature","properties":{"OBJECTID":1144,"TYPE":"END","RAMP_TYPE":"OFF-RAMP","TERMINAL_SIDE":"END"},"geometry":{"type":"Point","coordinates":[-77.85143747965671,38.07075568708145]}},{"type":"Feature","properties":{"OBJECTID":1153,"TYPE":"END","RAMP_TYPE":"OFF-RAMP","TERMINAL_SIDE":"END"},"geometry":{"type":"Point","coordinates":[-78.67084094304396,38.218106392166405]}},{"type":"Feature","properties":{"OBJECTID":1157,"TYPE":"END","RAMP_TYPE":"OFF-RAMP","TERMINAL_SIDE":"END"},"geometry":{"type":"Point","coordinates":[-77.48956203361179,37.94818244064602]}},{"type":"Feature","properties":{"OBJECTID":1160,"TYPE":"END","RAMP_TYPE":"OFF-RAMP","TERMINAL_SIDE":"END"},"geometry":{"type":"Point","coordinates":[-77.53362254572923,37.91911586822909]}},{"type":"Feature","properties":{"OBJECTID":1163,"TYPE":"END","RAMP_TYPE":"OFF-RAMP","TERMINAL_SIDE":"END"},"geometry":{"type":"Point","coordinates":[-77.5414442096687,37.992575345491325]}},{"type":"Feature","properties":{"OBJECTID":1169,"TYPE":"END","RAMP_TYPE":"OFF-RAMP","TERMINAL_SIDE":"END"},"geometry":{"type":"Point","coordinates":[-78.58962675779296,38.22382445235088]}},{"type":"Feature","properties":{"OBJECTID":1171,"TYPE":"END","RAMP_TYPE":"OFF-RAMP","TERMINAL_SIDE":"END"},"geometry":{"type":"Point","coordinates":[-78.99433279844044,37.96175539465106]}},{"type":"Feature","properties":{"OBJECTID":1176,"TYPE":"END","RAMP_TYPE":"OFF-RAMP","TERMINAL_SIDE":"END"},"geometry":{"type":"Point","coordinates":[-79.19146360961138,37.90969264861808]}},{"type":"Feature","properties":{"OBJECTID":1190,"TYPE":"END","RAMP_TYPE":"OFF-RAMP","TERMINAL_SIDE":"END"},"geometry":{"type":"Point","coordinates":[-77.87220184833495,38.18486888746703]}},{"type":"Feature","properties":{"OBJECTID":1191,"TYPE":"END","RAMP_TYPE":"OFF-RAMP","TERMINAL_SIDE":"END"},"geometry":{"type":"Point","coordinates":[-77.59240184625546,38.03229722731291]}},{"type":"Feature","properties":{"OBJECTID":1195,"TYPE":"END","RAMP_TYPE":"OFF-RAMP","TERMINAL_SIDE":"END"},"geometry":{"type":"Point","coordinates":[-78.0774106391855,38.66107577506025]}},{"type":"Feature","properties":{"OBJECTID":1196,"TYPE":"END","RAMP_TYPE":"OFF-RAMP","TERMINAL_SIDE":"END"},"geometry":{"type":"Point","coordinates":[-77.83752570292695,38.02923849445002]}},{"type":"Feature","properties":{"OBJECTID":1207,"TYPE":"END","RAMP_TYPE":"OFF-RAMP","TERMINAL_SIDE":"END"},"geometry":{"type":"Point","coordinates":[-78.89918848993723,37.97118578041524]}},{"type":"Feature","properties":{"OBJECTID":1208,"TYPE":"END","RAMP_TYPE":"OFF-RAMP","TERMINAL_SIDE":"END"},"geometry":{"type":"Point","coordinates":[-77.61995008069718,38.057965600265]}},{"type":"Feature","properties":{"OBJECTID":1209,"TYPE":"END","RAMP_TYPE":"OFF-RAMP","TERMINAL_SIDE":"END"},"geometry":{"type":"Point","coordinates":[-77.48960684859736,37.91576176529535]}},{"type":"Feature","properties":{"OBJECTID":1211,"TYPE":"END","RAMP_TYPE":"OFF-RAMP","TERMINAL_SIDE":"END"},"geometry":{"type":"Point","coordinates":[-77.88625715167298,38.158363429647544]}},{"type":"Feature","properties":{"OBJECTID":1212,"TYPE":"END","RAMP_TYPE":"OFF-RAMP","TERMINAL_SIDE":"END"},"geometry":{"type":"Point","coordinates":[-77.56182102866335,38.006439723997566]}},{"type":"Feature","properties":{"OBJECTID":1214,"TYPE":"END","RAMP_TYPE":"OFF-RAMP","TERMINAL_SIDE":"END"},"geometry":{"type":"Point","coordinates":[-78.23664686544535,38.50898994547619]}},{"type":"Feature","properties":{"OBJECTID":1221,"TYPE":"END","RAMP_TYPE":"OFF-RAMP","TERMINAL_SIDE":"END"},"geometry":{"type":"Point","coordinates":[-77.934063386445,38.180435831073986]}},{"type":"Feature","properties":{"OBJECTID":1222,"TYPE":"END","RAMP_TYPE":"OFF-RAMP","TERMINAL_SIDE":"END"},"geometry":{"type":"Point","coordinates":[-77.85193760882022,38.14124342458818]}},{"type":"Feature","properties":{"OBJECTID":1223,"TYPE":"END","RAMP_TYPE":"OFF-RAMP","TERMINAL_SIDE":"END"},"geometry":{"type":"Point","coordinates":[-78.49391471714796,38.23106039950981]}},{"type":"Feature","properties":{"OBJECTID":1226,"TYPE":"END","RAMP_TYPE":"OFF-RAMP","TERMINAL_SIDE":"END"},"geometry":{"type":"Point","coordinates":[-77.90222379063619,38.165262935262035]}},{"type":"Feature","properties":{"OBJECTID":1236,"TYPE":"END","RAMP_TYPE":"OFF-RAMP","TERMINAL_SIDE":"END"},"geometry":{"type":"Point","coordinates":[-77.49771149378778,37.951251605517406]}},{"type":"Feature","properties":{"OBJECTID":1239,"TYPE":"END","RAMP_TYPE":"OFF-RAMP","TERMINAL_SIDE":"END"},"geometry":{"type":"Point","coordinates":[-77.52811893438567,37.910975775562946]}},{"type":"Feature","properties":{"OBJECTID":1244,"TYPE":"END","RAMP_TYPE":"OFF-RAMP","TERMINAL_SIDE":"END"},"geometry":{"type":"Point","coordinates":[-77.95463686571249,37.954903142550755]}},{"type":"Feature","properties":{"OBJECTID":1252,"TYPE":"END","RAMP_TYPE":"OFF-RAMP","TERMINAL_SIDE":"END"},"geometry":{"type":"Point","coordinates":[-77.97564383388301,37.94221429851938]}},{"type":"Feature","properties":{"OBJECTID":1254,"TYPE":"END","RAMP_TYPE":"OFF-RAMP","TERMINAL_SIDE":"END"},"geometry":{"type":"Point","coordinates":[-78.86744810021297,37.99738736696699]}},{"type":"Feature","properties":{"OBJECTID":1257,"TYPE":"END","RAMP_TYPE":"OFF-RAMP","TERMINAL_SIDE":"END"},"geometry":{"type":"Point","coordinates":[-78.67080055534983,38.067969488275814]}},{"type":"Feature","properties":{"OBJECTID":1258,"TYPE":"END","RAMP_TYPE":"OFF-RAMP","TERMINAL_SIDE":"END"},"geometry":{"type":"Point","coordinates":[-77.89276374345454,38.32005902671281]}},{"type":"Feature","properties":{"OBJECTID":1263,"TYPE":"END","RAMP_TYPE":"OFF-RAMP","TERMINAL_SIDE":"END"},"geometry":{"type":"Point","coordinates":[-77.4925803757136,37.95247823388603]}},{"type":"Feature","properties":{"OBJECTID":1269,"TYPE":"END","RAMP_TYPE":"OFF-RAMP","TERMINAL_SIDE":"END"},"geometry":{"type":"Point","coordinates":[-77.90249041356907,38.165167374185835]}},{"type":"Feature","properties":{"OBJECTID":1273,"TYPE":"END","RAMP_TYPE":"OFF-RAMP","TERMINAL_SIDE":"END"},"geometry":{"type":"Point","coordinates":[-77.87788190517047,38.39338318953545]}},{"type":"Feature","properties":{"OBJECTID":1275,"TYPE":"END","RAMP_TYPE":"OFF-RAMP","TERMINAL_SIDE":"END"},"geometry":{"type":"Point","coordinates":[-77.52012318051075,37.985620993704124]}},{"type":"Feature","properties":{"OBJECTID":1280,"TYPE":"END","RAMP_TYPE":"OFF-RAMP","TERMINAL_SIDE":"END"},"geometry":{"type":"Point","coordinates":[-79.20575788001395,37.906896408176316]}},{"type":"Feature","properties":{"OBJECTID":1285,"TYPE":"END","RAMP_TYPE":"OFF-RAMP","TERMINAL_SIDE":"END"},"geometry":{"type":"Point","coordinates":[-77.89067389228414,38.15895016985828]}},{"type":"Feature","properties":{"OBJECTID":1297,"TYPE":"END","RAMP_TYPE":"OFF-RAMP","TERMINAL_SIDE":"END"},"geometry":{"type":"Point","coordinates":[-77.86905458285239,38.14364768376248]}},{"type":"Feature","properties":{"OBJECTID":1298,"TYPE":"END","RAMP_TYPE":"OFF-RAMP","TERMINAL_SIDE":"END"},"geometry":{"type":"Point","coordinates":[-77.80640550289469,38.5621695061432]}},{"type":"Feature","properties":{"OBJECTID":1299,"TYPE":"END","RAMP_TYPE":"OFF-RAMP","TERMINAL_SIDE":"END"},"geometry":{"type":"Point","coordinates":[-77.41632838767856,37.93569931906737]}},{"type":"Feature","properties":{"OBJECTID":1300,"TYPE":"END","RAMP_TYPE":"OFF-RAMP","TERMINAL_SIDE":"END"},"geometry":{"type":"Point","coordinates":[-77.7897940896981,38.13410407771448]}},{"type":"Feature","properties":{"OBJECTID":1308,"TYPE":"END","RAMP_TYPE":"OFF-RAMP","TERMINAL_SIDE":"END"},"geometry":{"type":"Point","coordinates":[-77.90241165329877,37.99987017945771]}},{"type":"Feature","properties":{"OBJECTID":1309,"TYPE":"END","RAMP_TYPE":"OFF-RAMP","TERMINAL_SIDE":"END"},"geometry":{"type":"Point","coordinates":[-77.87209627535971,38.16893370466274]}},{"type":"Feature","properties":{"OBJECTID":1310,"TYPE":"END","RAMP_TYPE":"OFF-RAMP","TERMINAL_SIDE":"END"},"geometry":{"type":"Point","coordinates":[-78.07039895137044,37.885699449228106]}},{"type":"Feature","properties":{"OBJECTID":1318,"TYPE":"END","RAMP_TYPE":"OFF-RAMP","TERMINAL_SIDE":"END"},"geometry":{"type":"Point","coordinates":[-77.5509248474671,37.945612681112735]}},{"type":"Feature","properties":{"OBJECTID":1320,"TYPE":"END","RAMP_TYPE":"OFF-RAMP","TERMINAL_SIDE":"END"},"geometry":{"type":"Point","coordinates":[-77.50432009186466,37.92426083556779]}},{"type":"Feature","properties":{"OBJECTID":1334,"TYPE":"END","RAMP_TYPE":"OFF-RAMP","TERMINAL_SIDE":"END"},"geometry":{"type":"Point","coordinates":[-78.19708694251193,38.279357494735684]}},{"type":"Feature","properties":{"OBJECTID":1343,"TYPE":"END","RAMP_TYPE":"OFF-RAMP","TERMINAL_SIDE":"END"},"geometry":{"type":"Point","coordinates":[-78.00564764897875,38.212079434019884]}},{"type":"Feature","properties":{"OBJECTID":1344,"TYPE":"END","RAMP_TYPE":"OFF-RAMP","TERMINAL_SIDE":"END"},"geometry":{"type":"Point","coordinates":[-77.50127286697774,37.9555290366742]}},{"type":"Feature","properties":{"OBJECTID":1346,"TYPE":"END","RAMP_TYPE":"OFF-RAMP","TERMINAL_SIDE":"END"},"geometry":{"type":"Point","coordinates":[-77.533421829356,37.919164743425135]}},{"type":"Feature","properties":{"OBJECTID":1351,"TYPE":"END","RAMP_TYPE":"OFF-RAMP","TERMINAL_SIDE":"END"},"geometry":{"type":"Point","coordinates":[-77.85792053042934,37.93054462572806]}},{"type":"Feature","properties":{"OBJECTID":1362,"TYPE":"END","RAMP_TYPE":"OFF-RAMP","TERMINAL_SIDE":"END"},"geometry":{"type":"Point","coordinates":[-78.20532948657277,38.54284479380434]}},{"type":"Feature","properties":{"OBJECTID":1375,"TYPE":"END","RAMP_TYPE":"OFF-RAMP","TERMINAL_SIDE":"END"},"geometry":{"type":"Point","coordinates":[-77.8780616914208,38.153383137505244]}},{"type":"Feature","properties":{"OBJECTID":1383,"TYPE":"END","RAMP_TYPE":"OFF-RAMP","TERMINAL_SIDE":"END"},"geometry":{"type":"Point","coordinates":[-77.89910567447816,38.52431841381783]}},{"type":"Feature","properties":{"OBJECTID":1394,"TYPE":"END","RAMP_TYPE":"OFF-RAMP","TERMINAL_SIDE":"END"},"geometry":{"type":"Point","coordinates":[-77.85336666416937,38.071242504398775]}},{"type":"Feature","properties":{"OBJECTID":1398,"TYPE":"END","RAMP_TYPE":"OFF-RAMP","TERMINAL_SIDE":"END"},"geometry":{"type":"Point","coordinates":[-78.32656974738428,38.36435786472641]}},{"type":"Feature","properties":{"OBJECTID":1403,"TYPE":"END","RAMP_TYPE":"OFF-RAMP","TERMINAL_SIDE":"END"},"geometry":{"type":"Point","coordinates":[-77.88188693839174,38.14525620995295]}},{"type":"Feature","properties":{"OBJECTID":1406,"TYPE":"END","RAMP_TYPE":"OFF-RAMP","TERMINAL_SIDE":"END"},"geometry":{"type":"Point","coordinates":[-78.26973420851859,38.44858223725721]}},{"type":"Feature","properties":{"OBJECTID":1408,"TYPE":"END","RAMP_TYPE":"OFF-RAMP","TERMINAL_SIDE":"END"},"geometry":{"type":"Point","coordinates":[-78.91139114119814,37.907255009952955]}},{"type":"Feature","properties":{"OBJECTID":1410,"TYPE":"END","RAMP_TYPE":"OFF-RAMP","TERMINAL_SIDE":"END"},"geometry":{"type":"Point","coordinates":[-77.78384351247044,38.530216401562015]}},{"type":"Feature","properties":{"OBJECTID":1430,"TYPE":"END","RAMP_TYPE":"OFF-RAMP","TERMINAL_SIDE":"END"},"geometry":{"type":"Point","coordinates":[-79.28639734720635,37.879071326809395]}},{"type":"Feature","properties":{"OBJECTID":1432,"TYPE":"END","RAMP_TYPE":"OFF-RAMP","TERMINAL_SIDE":"END"},"geometry":{"type":"Point","coordinates":[-78.94770167585932,37.95702250577979]}},{"type":"Feature","properties":{"OBJECTID":1437,"TYPE":"END","RAMP_TYPE":"OFF-RAMP","TERMINAL_SIDE":"END"},"geometry":{"type":"Point","coordinates":[-78.7681840809344,38.011307051872095]}},{"type":"Feature","properties":{"OBJECTID":1457,"TYPE":"END","RAMP_TYPE":"OFF-RAMP","TERMINAL_SIDE":"END"},"geometry":{"type":"Point","coordinates":[-77.50192063522876,37.95706959848494]}},{"type":"Feature","properties":{"OBJECTID":1462,"TYPE":"END","RAMP_TYPE":"OFF-RAMP","TERMINAL_SIDE":"END"},"geometry":{"type":"Point","coordinates":[-78.8991465177136,37.97099503461568]}},{"type":"Feature","properties":{"OBJECTID":1477,"TYPE":"END","RAMP_TYPE":"OFF-RAMP","TERMINAL_SIDE":"END"},"geometry":{"type":"Point","coordinates":[-77.85597770456768,38.08353285985066]}},{"type":"Feature","properties":{"OBJECTID":1483,"TYPE":"END","RAMP_TYPE":"OFF-RAMP","TERMINAL_SIDE":"END"},"geometry":{"type":"Point","coordinates":[-78.34702479945909,38.335357966864855]}},{"type":"Feature","properties":{"OBJECTID":1485,"TYPE":"END","RAMP_TYPE":"OFF-RAMP","TERMINAL_SIDE":"END"},"geometry":{"type":"Point","coordinates":[-78.08699295279162,38.63889249390919]}},{"type":"Feature","properties":{"OBJECTID":1489,"TYPE":"END","RAMP_TYPE":"OFF-RAMP","TERMINAL_SIDE":"END"},"geometry":{"type":"Point","coordinates":[-77.75516021475516,38.547678824590825]}},{"type":"Feature","properties":{"OBJECTID":1492,"TYPE":"END","RAMP_TYPE":"OFF-RAMP","TERMINAL_SIDE":"END"},"geometry":{"type":"Point","coordinates":[-77.84582683219566,38.543010856545614]}},{"type":"Feature","properties":{"OBJECTID":1494,"TYPE":"END","RAMP_TYPE":"OFF-RAMP","TERMINAL_SIDE":"END"},"geometry":{"type":"Point","coordinates":[-77.79220614536999,38.55256729528935]}},{"type":"Feature","properties":{"OBJECTID":1499,"TYPE":"END","RAMP_TYPE":"OFF-RAMP","TERMINAL_SIDE":"END"},"geometry":{"type":"Point","coordinates":[-79.12074792865812,37.922393109927754]}},{"type":"Feature","properties":{"OBJECTID":1502,"TYPE":"END","RAMP_TYPE":"OFF-RAMP","TERMINAL_SIDE":"END"},"geometry":{"type":"Point","coordinates":[-77.80122753174672,38.571918916946245]}},{"type":"Feature","properties":{"OBJECTID":1503,"TYPE":"END","RAMP_TYPE":"OFF-RAMP","TERMINAL_SIDE":"END"},"geometry":{"type":"Point","coordinates":[-78.07400878802868,38.26010652487]}},{"type":"Feature","properties":{"OBJECTID":1506,"TYPE":"END","RAMP_TYPE":"OFF-RAMP","TERMINAL_SIDE":"END"},"geometry":{"type":"Point","coordinates":[-78.20655826247342,38.282733276915096]}},{"type":"Feature","properties":{"OBJECTID":1509,"TYPE":"END","RAMP_TYPE":"OFF-RAMP","TERMINAL_SIDE":"END"},"geometry":{"type":"Point","coordinates":[-77.59013138540092,38.03254274574865]}},{"type":"Feature","properties":{"OBJECTID":1511,"TYPE":"END","RAMP_TYPE":"OFF-RAMP","TERMINAL_SIDE":"END"},"geometry":{"type":"Point","coordinates":[-77.44785640476255,37.93304025359795]}},{"type":"Feature","properties":{"OBJECTID":1514,"TYPE":"END","RAMP_TYPE":"OFF-RAMP","TERMINAL_SIDE":"END"},"geometry":{"type":"Point","coordinates":[-77.89211342713402,38.320009667157414]}},{"type":"Feature","properties":{"OBJECTID":1518,"TYPE":"END","RAMP_TYPE":"OFF-RAMP","TERMINAL_SIDE":"END"},"geometry":{"type":"Point","coordinates":[-77.56751944006812,38.01262498543898]}},{"type":"Feature","properties":{"OBJECTID":1522,"TYPE":"END","RAMP_TYPE":"OFF-RAMP","TERMINAL_SIDE":"END"},"geometry":{"type":"Point","coordinates":[-77.80725290435879,38.53507360933747]}},{"type":"Feature","properties":{"OBJECTID":1525,"TYPE":"END","RAMP_TYPE":"OFF-RAMP","TERMINAL_SIDE":"END"},"geometry":{"type":"Point","coordinates":[-78.08275201312541,37.85172188873176]}},{"type":"Feature","properties":{"OBJECTID":1526,"TYPE":"END","RAMP_TYPE":"OFF-RAMP","TERMINAL_SIDE":"END"},"geometry":{"type":"Point","coordinates":[-77.46025123295848,37.93136218206887]}},{"type":"Feature","properties":{"OBJECTID":1534,"TYPE":"END","RAMP_TYPE":"OFF-RAMP","TERMINAL_SIDE":"END"},"geometry":{"type":"Point","coordinates":[-77.52451773534867,37.924240480834904]}},{"type":"Feature","properties":{"OBJECTID":1544,"TYPE":"END","RAMP_TYPE":"OFF-RAMP","TERMINAL_SIDE":"END"},"geometry":{"type":"Point","coordinates":[-77.82276875475965,38.54846323098961]}},{"type":"Feature","properties":{"OBJECTID":1548,"TYPE":"END","RAMP_TYPE":"OFF-RAMP","TERMINAL_SIDE":"END"},"geometry":{"type":"Point","coordinates":[-77.76291367683844,38.5452368602044]}},{"type":"Feature","properties":{"OBJECTID":1549,"TYPE":"END","RAMP_TYPE":"OFF-RAMP","TERMINAL_SIDE":"END"},"geometry":{"type":"Point","coordinates":[-77.75574935155379,38.54817879919168]}},{"type":"Feature","properties":{"OBJECTID":1554,"TYPE":"END","RAMP_TYPE":"OFF-RAMP","TERMINAL_SIDE":"END"},"geometry":{"type":"Point","coordinates":[-77.54837513747948,37.91502317635414]}},{"type":"Feature","properties":{"OBJECTID":1557,"TYPE":"END","RAMP_TYPE":"OFF-RAMP","TERMINAL_SIDE":"END"},"geometry":{"type":"Point","coordinates":[-77.7656759024677,38.53971546842901]}},{"type":"Feature","properties":{"OBJECTID":1558,"TYPE":"END","RAMP_TYPE":"OFF-RAMP","TERMINAL_SIDE":"END"},"geometry":{"type":"Point","coordinates":[-78.09440054249603,38.63235854876947]}},{"type":"Feature","properties":{"OBJECTID":1562,"TYPE":"END","RAMP_TYPE":"OFF-RAMP","TERMINAL_SIDE":"END"},"geometry":{"type":"Point","coordinates":[-78.17813266713709,38.57153777089379]}},{"type":"Feature","properties":{"OBJECTID":1564,"TYPE":"END","RAMP_TYPE":"OFF-RAMP","TERMINAL_SIDE":"END"},"geometry":{"type":"Point","coordinates":[-77.84933047189783,37.986502530588126]}},{"type":"Feature","properties":{"OBJECTID":1573,"TYPE":"END","RAMP_TYPE":"OFF-RAMP","TERMINAL_SIDE":"END"},"geometry":{"type":"Point","coordinates":[-78.47276844529641,38.202231374161144]}},{"type":"Feature","properties":{"OBJECTID":1575,"TYPE":"END","RAMP_TYPE":"OFF-RAMP","TERMINAL_SIDE":"END"},"geometry":{"type":"Point","coordinates":[-78.00636562545118,38.211615808485924]}},{"type":"Feature","properties":{"OBJECTID":1581,"TYPE":"END","RAMP_TYPE":"OFF-RAMP","TERMINAL_SIDE":"END"},"geometry":{"type":"Point","coordinates":[-77.77142401628798,38.53589977826939]}},{"type":"Feature","properties":{"OBJECTID":1582,"TYPE":"END","RAMP_TYPE":"OFF-RAMP","TERMINAL_SIDE":"END"},"geometry":{"type":"Point","coordinates":[-78.64242102011498,38.2075287652826]}},{"type":"Feature","properties":{"OBJECTID":1587,"TYPE":"END","RAMP_TYPE":"OFF-RAMP","TERMINAL_SIDE":"END"},"geometry":{"type":"Point","coordinates":[-77.65849923873279,38.09505972525509]}},{"type":"Feature","properties":{"OBJECTID":1590,"TYPE":"END","RAMP_TYPE":"OFF-RAMP","TERMINAL_SIDE":"END"},"geometry":{"type":"Point","coordinates":[-78.61821332328599,38.21271177902317]}},{"type":"Feature","properties":{"OBJECTID":1594,"TYPE":"END","RAMP_TYPE":"OFF-RAMP","TERMINAL_SIDE":"END"},"geometry":{"type":"Point","coordinates":[-77.42423505751655,37.93526356647791]}},{"type":"Feature","properties":{"OBJECTID":1600,"TYPE":"END","RAMP_TYPE":"OFF-RAMP","TERMINAL_SIDE":"END"},"geometry":{"type":"Point","coordinates":[-78.03450805262247,38.230858342004886]}},{"type":"Feature","properties":{"OBJECTID":1602,"TYPE":"END","RAMP_TYPE":"OFF-RAMP","TERMINAL_SIDE":"END"},"geometry":{"type":"Point","coordinates":[-78.57713050397652,38.12395596862413]}},{"type":"Feature","properties":{"OBJECTID":1607,"TYPE":"END","RAMP_TYPE":"OFF-RAMP","TERMINAL_SIDE":"END"},"geometry":{"type":"Point","coordinates":[-77.87966492005745,38.26004834201453]}},{"type":"Feature","properties":{"OBJECTID":1608,"TYPE":"END","RAMP_TYPE":"OFF-RAMP","TERMINAL_SIDE":"END"},"geometry":{"type":"Point","coordinates":[-77.86370796987424,38.11065981435754]}},{"type":"Feature","properties":{"OBJECTID":1615,"TYPE":"END","RAMP_TYPE":"OFF-RAMP","TERMINAL_SIDE":"END"},"geometry":{"type":"Point","coordinates":[-77.62094943714344,38.05706182335207]}},{"type":"Feature","properties":{"OBJECTID":1616,"TYPE":"END","RAMP_TYPE":"OFF-RAMP","TERMINAL_SIDE":"END"},"geometry":{"type":"Point","coordinates":[-77.82482126743776,38.48064666054737]}},{"type":"Feature","properties":{"OBJECTID":1618,"TYPE":"END","RAMP_TYPE":"OFF-RAMP","TERMINAL_SIDE":"END"},"geometry":{"type":"Point","coordinates":[-78.9265607973097,37.957921471401555]}},{"type":"Feature","properties":{"OBJECTID":1622,"TYPE":"END","RAMP_TYPE":"OFF-RAMP","TERMINAL_SIDE":"END"},"geometry":{"type":"Point","coordinates":[-77.52157478476511,37.9265879067734]}},{"type":"Feature","properties":{"OBJECTID":1623,"TYPE":"END","RAMP_TYPE":"OFF-RAMP","TERMINAL_SIDE":"END"},"geometry":{"type":"Point","coordinates":[-77.52788971918345,37.922043932917724]}},{"type":"Feature","properties":{"OBJECTID":1628,"TYPE":"END","RAMP_TYPE":"OFF-RAMP","TERMINAL_SIDE":"END"},"geometry":{"type":"Point","coordinates":[-79.15525876494742,37.91710188160943]}},{"type":"Feature","properties":{"OBJECTID":1630,"TYPE":"END","RAMP_TYPE":"OFF-RAMP","TERMINAL_SIDE":"END"},"geometry":{"type":"Point","coordinates":[-77.92311984641825,37.98592796188304]}},{"type":"Feature","properties":{"OBJECTID":1638,"TYPE":"END","RAMP_TYPE":"OFF-RAMP","TERMINAL_SIDE":"END"},"geometry":{"type":"Point","coordinates":[-77.75933687648993,38.54524954360221]}},{"type":"Feature","properties":{"OBJECTID":1640,"TYPE":"END","RAMP_TYPE":"OFF-RAMP","TERMINAL_SIDE":"END"},"geometry":{"type":"Point","coordinates":[-78.78463814739723,38.00740163484744]}},{"type":"Feature","properties":{"OBJECTID":1644,"TYPE":"END","RAMP_TYPE":"OFF-RAMP","TERMINAL_SIDE":"END"},"geometry":{"type":"Point","coordinates":[-77.73904819857991,38.12760538230672]}},{"type":"Feature","properties":{"OBJECTID":1647,"TYPE":"END","RAMP_TYPE":"OFF-RAMP","TERMINAL_SIDE":"END"},"geometry":{"type":"Point","coordinates":[-79.00081529058613,37.98326002124525]}},{"type":"Feature","properties":{"OBJECTID":1649,"TYPE":"END","RAMP_TYPE":"OFF-RAMP","TERMINAL_SIDE":"END"},"geometry":{"type":"Point","coordinates":[-78.58980800641704,38.22337716413315]}},{"type":"Feature","properties":{"OBJECTID":1650,"TYPE":"END","RAMP_TYPE":"OFF-RAMP","TERMINAL_SIDE":"END"},"geometry":{"type":"Point","coordinates":[-77.99795990893102,38.540506551041155]}},{"type":"Feature","properties":{"OBJECTID":1651,"TYPE":"END","RAMP_TYPE":"OFF-RAMP","TERMINAL_SIDE":"END"},"geometry":{"type":"Point","coordinates":[-77.79689983976085,38.51072400581441]}},{"type":"Feature","properties":{"OBJECTID":1654,"TYPE":"END","RAMP_TYPE":"OFF-RAMP","TERMINAL_SIDE":"END"},"geometry":{"type":"Point","coordinates":[-77.86408431880952,38.13858538955827]}},{"type":"Feature","properties":{"OBJECTID":1655,"TYPE":"END","RAMP_TYPE":"OFF-RAMP","TERMINAL_SIDE":"END"},"geometry":{"type":"Point","coordinates":[-78.87982495494215,37.97912644724948]}},{"type":"Feature","properties":{"OBJECTID":1657,"TYPE":"END","RAMP_TYPE":"OFF-RAMP","TERMINAL_SIDE":"END"},"geometry":{"type":"Point","coordinates":[-77.73868856772167,38.12834052502897]}},{"type":"Feature","properties":{"OBJECTID":1660,"TYPE":"END","RAMP_TYPE":"OFF-RAMP","TERMINAL_SIDE":"END"},"geometry":{"type":"Point","coordinates":[-77.87271394521521,38.53826288966589]}},{"type":"Feature","properties":{"OBJECTID":1661,"TYPE":"END","RAMP_TYPE":"OFF-RAMP","TERMINAL_SIDE":"END"},"geometry":{"type":"Point","coordinates":[-77.86468837543626,38.137693157628064]}},{"type":"Feature","properties":{"OBJECTID":1663,"TYPE":"END","RAMP_TYPE":"OFF-RAMP","TERMINAL_SIDE":"END"},"geometry":{"type":"Point","coordinates":[-79.19121425778009,37.91031042646021]}},{"type":"Feature","properties":{"OBJECTID":1678,"TYPE":"END","RAMP_TYPE":"OFF-RAMP","TERMINAL_SIDE":"END"},"geometry":{"type":"Point","coordinates":[-78.89396295504336,37.895354001339804]}},{"type":"Feature","properties":{"OBJECTID":1679,"TYPE":"END","RAMP_TYPE":"OFF-RAMP","TERMINAL_SIDE":"END"},"geometry":{"type":"Point","coordinates":[-77.83864754637403,38.01840293920152]}},{"type":"Feature","properties":{"OBJECTID":1680,"TYPE":"END","RAMP_TYPE":"OFF-RAMP","TERMINAL_SIDE":"END"},"geometry":{"type":"Point","coordinates":[-77.93589418417774,38.52825678416523]}},{"type":"Feature","properties":{"OBJECTID":1685,"TYPE":"END","RAMP_TYPE":"OFF-RAMP","TERMINAL_SIDE":"END"},"geometry":{"type":"Point","coordinates":[-77.85456579067872,38.08345197287454]}},{"type":"Feature","properties":{"OBJECTID":1689,"TYPE":"END","RAMP_TYPE":"OFF-RAMP","TERMINAL_SIDE":"END"},"geometry":{"type":"Point","coordinates":[-78.63426459923673,38.05761901591567]}},{"type":"Feature","properties":{"OBJECTID":1698,"TYPE":"END","RAMP_TYPE":"OFF-RAMP","TERMINAL_SIDE":"END"},"geometry":{"type":"Point","coordinates":[-78.35116783112177,38.32769639399239]}},{"type":"Feature","properties":{"OBJECTID":1702,"TYPE":"END","RAMP_TYPE":"OFF-RAMP","TERMINAL_SIDE":"END"},"geometry":{"type":"Point","coordinates":[-77.47502671399145,37.93388387487684]}},{"type":"Feature","properties":{"OBJECTID":1704,"TYPE":"END","RAMP_TYPE":"OFF-RAMP","TERMINAL_SIDE":"END"},"geometry":{"type":"Point","coordinates":[-78.46017762888854,38.22754380329908]}},{"type":"Feature","properties":{"OBJECTID":1707,"TYPE":"END","RAMP_TYPE":"OFF-RAMP","TERMINAL_SIDE":"END"},"geometry":{"type":"Point","coordinates":[-78.05077789763526,38.242885265225276]}},{"type":"Feature","properties":{"OBJECTID":1709,"TYPE":"END","RAMP_TYPE":"OFF-RAMP","TERMINAL_SIDE":"END"},"geometry":{"type":"Point","coordinates":[-77.56656308289247,38.01388737439164]}},{"type":"Feature","properties":{"OBJECTID":1716,"TYPE":"END","RAMP_TYPE":"OFF-RAMP","TERMINAL_SIDE":"END"},"geometry":{"type":"Point","coordinates":[-79.12991167526383,37.92120897421446]}},{"type":"Feature","properties":{"OBJECTID":1724,"TYPE":"END","RAMP_TYPE":"OFF-RAMP","TERMINAL_SIDE":"END"},"geometry":{"type":"Point","coordinates":[-77.82275980470804,38.54907190516285]}},{"type":"Feature","properties":{"OBJECTID":1727,"TYPE":"END","RAMP_TYPE":"OFF-RAMP","TERMINAL_SIDE":"END"},"geometry":{"type":"Point","coordinates":[-77.6223029828201,38.05670378924105]}},{"type":"Feature","properties":{"OBJECTID":1732,"TYPE":"END","RAMP_TYPE":"OFF-RAMP","TERMINAL_SIDE":"END"},"geometry":{"type":"Point","coordinates":[-77.87274876983254,38.53858259992256]}},{"type":"Feature","properties":{"OBJECTID":1733,"TYPE":"END","RAMP_TYPE":"OFF-RAMP","TERMINAL_SIDE":"END"},"geometry":{"type":"Point","coordinates":[-77.80697499460325,38.561986085214095]}},{"type":"Feature","properties":{"OBJECTID":1738,"TYPE":"END","RAMP_TYPE":"OFF-RAMP","TERMINAL_SIDE":"END"},"geometry":{"type":"Point","coordinates":[-77.85813686866344,38.14464670701244]}},{"type":"Feature","properties":{"OBJECTID":1743,"TYPE":"END","RAMP_TYPE":"OFF-RAMP","TERMINAL_SIDE":"END"},"geometry":{"type":"Point","coordinates":[-77.53890508246938,37.985430959740356]}},{"type":"Feature","properties":{"OBJECTID":1745,"TYPE":"END","RAMP_TYPE":"OFF-RAMP","TERMINAL_SIDE":"END"},"geometry":{"type":"Point","coordinates":[-77.53457379617444,37.919404098265495]}},{"type":"Feature","properties":{"OBJECTID":1746,"TYPE":"END","RAMP_TYPE":"OFF-RAMP","TERMINAL_SIDE":"END"},"geometry":{"type":"Point","coordinates":[-79.11330411227509,37.92927315868393]}},{"type":"Feature","properties":{"OBJECTID":1749,"TYPE":"END","RAMP_TYPE":"OFF-RAMP","TERMINAL_SIDE":"END"},"geometry":{"type":"Point","coordinates":[-79.22933889470441,37.90280722111847]}},{"type":"Feature","properties":{"OBJECTID":1750,"TYPE":"END","RAMP_TYPE":"OFF-RAMP","TERMINAL_SIDE":"END"},"geometry":{"type":"Point","coordinates":[-77.86724554384818,38.40871415130507]}},{"type":"Feature","properties":{"OBJECTID":1752,"TYPE":"END","RAMP_TYPE":"OFF-RAMP","TERMINAL_SIDE":"END"},"geometry":{"type":"Point","coordinates":[-78.68440623476445,38.0610565642703]}},{"type":"Feature","properties":{"OBJECTID":1753,"TYPE":"END","RAMP_TYPE":"OFF-RAMP","TERMINAL_SIDE":"END"},"geometry":{"type":"Point","coordinates":[-77.88771868550592,38.285612455713895]}},{"type":"Feature","properties":{"OBJECTID":1754,"TYPE":"END","RAMP_TYPE":"OFF-RAMP","TERMINAL_SIDE":"END"},"geometry":{"type":"Point","coordinates":[-77.80858845780018,38.53533516396259]}},{"type":"Feature","properties":{"OBJECTID":1757,"TYPE":"END","RAMP_TYPE":"OFF-RAMP","TERMINAL_SIDE":"END"},"geometry":{"type":"Point","coordinates":[-77.77745283495958,38.55005344407645]}},{"type":"Feature","properties":{"OBJECTID":1760,"TYPE":"END","RAMP_TYPE":"OFF-RAMP","TERMINAL_SIDE":"END"},"geometry":{"type":"Point","coordinates":[-77.62065749356093,38.05731243156141]}},{"type":"Feature","properties":{"OBJECTID":1779,"TYPE":"END","RAMP_TYPE":"OFF-RAMP","TERMINAL_SIDE":"END"},"geometry":{"type":"Point","coordinates":[-79.1336287345677,37.92058114589948]}},{"type":"Feature","properties":{"OBJECTID":1791,"TYPE":"END","RAMP_TYPE":"OFF-RAMP","TERMINAL_SIDE":"END"},"geometry":{"type":"Point","coordinates":[-77.90130834024794,37.999669451646525]}},{"type":"Feature","properties":{"OBJECTID":1822,"TYPE":"END","RAMP_TYPE":"OFF-RAMP","TERMINAL_SIDE":"END"},"geometry":{"type":"Point","coordinates":[-77.50411877226078,37.924446327674936]}},{"type":"Feature","properties":{"OBJECTID":1823,"TYPE":"END","RAMP_TYPE":"OFF-RAMP","TERMINAL_SIDE":"END"},"geometry":{"type":"Point","coordinates":[-78.50249350018085,38.17438518260182]}},{"type":"Feature","properties":{"OBJECTID":1842,"TYPE":"END","RAMP_TYPE":"OFF-RAMP","TERMINAL_SIDE":"END"},"geometry":{"type":"Point","coordinates":[-77.50585294411503,37.93042139243714]}},{"type":"Feature","properties":{"OBJECTID":1861,"TYPE":"END","RAMP_TYPE":"OFF-RAMP","TERMINAL_SIDE":"END"},"geometry":{"type":"Point","coordinates":[-77.50037814248333,37.93349478104011]}},{"type":"Feature","properties":{"OBJECTID":1888,"TYPE":"END","RAMP_TYPE":"OFF-RAMP","TERMINAL_SIDE":"END"},"geometry":{"type":"Point","coordinates":[-78.78448982019074,38.00782321437347]}},{"type":"Feature","properties":{"OBJECTID":1894,"TYPE":"END","RAMP_TYPE":"OFF-RAMP","TERMINAL_SIDE":"END"},"geometry":{"type":"Point","coordinates":[-77.54904078467526,37.91987283766587]}},{"type":"Feature","properties":{"OBJECTID":1896,"TYPE":"END","RAMP_TYPE":"OFF-RAMP","TERMINAL_SIDE":"END"},"geometry":{"type":"Point","coordinates":[-79.34485290167619,37.85707608136629]}},{"type":"Feature","properties":{"OBJECTID":1905,"TYPE":"END","RAMP_TYPE":"OFF-RAMP","TERMINAL_SIDE":"END"},"geometry":{"type":"Point","coordinates":[-77.55042504617191,37.93381942204267]}},{"type":"Feature","properties":{"OBJECTID":1933,"TYPE":"END","RAMP_TYPE":"OFF-RAMP","TERMINAL_SIDE":"END"},"geometry":{"type":"Point","coordinates":[-78.3901663985525,38.28406568163758]}},{"type":"Feature","properties":{"OBJECTID":1937,"TYPE":"END","RAMP_TYPE":"OFF-RAMP","TERMINAL_SIDE":"END"},"geometry":{"type":"Point","coordinates":[-77.75478628388076,38.54729304977163]}},{"type":"Feature","properties":{"OBJECTID":1940,"TYPE":"END","RAMP_TYPE":"OFF-RAMP","TERMINAL_SIDE":"END"},"geometry":{"type":"Point","coordinates":[-77.83869425048752,38.00015374104278]}},{"type":"Feature","properties":{"OBJECTID":1949,"TYPE":"END","RAMP_TYPE":"OFF-RAMP","TERMINAL_SIDE":"END"},"geometry":{"type":"Point","coordinates":[-78.11088256743676,38.60715633511877]}},{"type":"Feature","properties":{"OBJECTID":1955,"TYPE":"END","RAMP_TYPE":"OFF-RAMP","TERMINAL_SIDE":"END"},"geometry":{"type":"Point","coordinates":[-77.8085967738069,38.56135024611506]}},{"type":"Feature","properties":{"OBJECTID":1960,"TYPE":"END","RAMP_TYPE":"OFF-RAMP","TERMINAL_SIDE":"END"},"geometry":{"type":"Point","coordinates":[-78.32742285512431,38.364510009418304]}},{"type":"Feature","properties":{"OBJECTID":1989,"TYPE":"END","RAMP_TYPE":"OFF-RAMP","TERMINAL_SIDE":"END"},"geometry":{"type":"Point","coordinates":[-77.54738962049399,37.97877802021412]}},{"type":"Feature","properties":{"OBJECTID":1998,"TYPE":"END","RAMP_TYPE":"OFF-RAMP","TERMINAL_SIDE":"END"},"geometry":{"type":"Point","coordinates":[-77.79625003743605,38.51835524084552]}},{"type":"Feature","properties":{"OBJECTID":2001,"TYPE":"END","RAMP_TYPE":"OFF-RAMP","TERMINAL_SIDE":"END"},"geometry":{"type":"Point","coordinates":[-79.00289626385978,38.004646317845086]}},{"type":"Feature","properties":{"OBJECTID":2013,"TYPE":"END","RAMP_TYPE":"OFF-RAMP","TERMINAL_SIDE":"END"},"geometry":{"type":"Point","coordinates":[-77.79764708529679,38.52318066383458]}},{"type":"Feature","properties":{"OBJECTID":2018,"TYPE":"END","RAMP_TYPE":"OFF-RAMP","TERMINAL_SIDE":"END"},"geometry":{"type":"Point","coordinates":[-78.63444602167328,38.05575071107598]}},{"type":"Feature","properties":{"OBJECTID":2024,"TYPE":"END","RAMP_TYPE":"OFF-RAMP","TERMINAL_SIDE":"END"},"geometry":{"type":"Point","coordinates":[-78.50201491933394,38.17498319332104]}},{"type":"Feature","properties":{"OBJECTID":2027,"TYPE":"END","RAMP_TYPE":"OFF-RAMP","TERMINAL_SIDE":"END"},"geometry":{"type":"Point","coordinates":[-77.5203737303707,37.926249739932665]}},{"type":"Feature","properties":{"OBJECTID":2030,"TYPE":"END","RAMP_TYPE":"OFF-RAMP","TERMINAL_SIDE":"END"},"geometry":{"type":"Point","coordinates":[-77.49235091770501,37.950969080914604]}},{"type":"Feature","properties":{"OBJECTID":2034,"TYPE":"END","RAMP_TYPE":"OFF-RAMP","TERMINAL_SIDE":"END"},"geometry":{"type":"Point","coordinates":[-78.09324405315661,38.63168475798255]}},{"type":"Feature","properties":{"OBJECTID":2036,"TYPE":"END","RAMP_TYPE":"OFF-RAMP","TERMINAL_SIDE":"END"},"geometry":{"type":"Point","coordinates":[-77.81686210456498,38.4846062857296]}},{"type":"Feature","properties":{"OBJECTID":2041,"TYPE":"END","RAMP_TYPE":"OFF-RAMP","TERMINAL_SIDE":"END"},"geometry":{"type":"Point","coordinates":[-77.55328068525391,37.93912815554472]}},{"type":"Feature","properties":{"OBJECTID":2042,"TYPE":"END","RAMP_TYPE":"OFF-RAMP","TERMINAL_SIDE":"END"},"geometry":{"type":"Point","coordinates":[-77.5510763869432,37.99827275314494]}},{"type":"Feature","properties":{"OBJECTID":2043,"TYPE":"END","RAMP_TYPE":"OFF-RAMP","TERMINAL_SIDE":"END"},"geometry":{"type":"Point","coordinates":[-77.88311882995431,38.157986201260535]}},{"type":"Feature","properties":{"OBJECTID":2050,"TYPE":"END","RAMP_TYPE":"OFF-RAMP","TERMINAL_SIDE":"END"},"geometry":{"type":"Point","coordinates":[-77.89900536982525,38.52425182556572]}},{"type":"Feature","properties":{"OBJECTID":2060,"TYPE":"END","RAMP_TYPE":"OFF-RAMP","TERMINAL_SIDE":"END"},"geometry":{"type":"Point","coordinates":[-78.07418311715365,38.25933788303743]}},{"type":"Feature","properties":{"OBJECTID":2067,"TYPE":"END","RAMP_TYPE":"OFF-RAMP","TERMINAL_SIDE":"END"},"geometry":{"type":"Point","coordinates":[-77.85044267170635,38.04931373042521]}},{"type":"Feature","properties":{"OBJECTID":2073,"TYPE":"END","RAMP_TYPE":"OFF-RAMP","TERMINAL_SIDE":"END"},"geometry":{"type":"Point","coordinates":[-77.92083892962926,38.52365053027203]}},{"type":"Feature","properties":{"OBJECTID":2076,"TYPE":"END","RAMP_TYPE":"OFF-RAMP","TERMINAL_SIDE":"END"},"geometry":{"type":"Point","coordinates":[-77.52787658011171,37.92167754275329]}},{"type":"Feature","properties":{"OBJECTID":2077,"TYPE":"END","RAMP_TYPE":"OFF-RAMP","TERMINAL_SIDE":"END"},"geometry":{"type":"Point","coordinates":[-77.42422856292595,37.935578294829874]}},{"type":"Feature","properties":{"OBJECTID":2083,"TYPE":"END","RAMP_TYPE":"OFF-RAMP","TERMINAL_SIDE":"END"},"geometry":{"type":"Point","coordinates":[-77.8080479097468,38.54095216086898]}},{"type":"Feature","properties":{"OBJECTID":2088,"TYPE":"END","RAMP_TYPE":"OFF-RAMP","TERMINAL_SIDE":"END"},"geometry":{"type":"Point","coordinates":[-77.86102742150477,38.035858121706234]}},{"type":"Feature","properties":{"OBJECTID":2094,"TYPE":"END","RAMP_TYPE":"OFF-RAMP","TERMINAL_SIDE":"END"},"geometry":{"type":"Point","coordinates":[-77.43830985318696,37.93200027718213]}},{"type":"Feature","properties":{"OBJECTID":2104,"TYPE":"END","RAMP_TYPE":"OFF-RAMP","TERMINAL_SIDE":"END"},"geometry":{"type":"Point","coordinates":[-78.87431016015516,37.87362452126408]}},{"type":"Feature","properties":{"OBJECTID":2106,"TYPE":"END","RAMP_TYPE":"OFF-RAMP","TERMINAL_SIDE":"END"},"geometry":{"type":"Point","coordinates":[-78.96169619169835,37.95420905923609]}},{"type":"Feature","properties":{"OBJECTID":2117,"TYPE":"END","RAMP_TYPE":"OFF-RAMP","TERMINAL_SIDE":"END"},"geometry":{"type":"Point","coordinates":[-77.84875655688111,38.04125235087972]}},{"type":"Feature","properties":{"OBJECTID":2124,"TYPE":"END","RAMP_TYPE":"OFF-RAMP","TERMINAL_SIDE":"END"},"geometry":{"type":"Point","coordinates":[-77.98067100994078,38.53808353524676]}},{"type":"Feature","properties":{"OBJECTID":2126,"TYPE":"END","RAMP_TYPE":"OFF-RAMP","TERMINAL_SIDE":"END"},"geometry":{"type":"Point","coordinates":[-77.53143740545944,37.99094376784628]}},{"type":"Feature","properties":{"OBJECTID":2129,"TYPE":"END","RAMP_TYPE":"OFF-RAMP","TERMINAL_SIDE":"END"},"geometry":{"type":"Point","coordinates":[-77.8372532421296,38.456961079235356]}},{"type":"Feature","properties":{"OBJECTID":2135,"TYPE":"END","RAMP_TYPE":"OFF-RAMP","TERMINAL_SIDE":"END"},"geometry":{"type":"Point","coordinates":[-77.80182515903512,38.5550164286442]}},{"type":"Feature","properties":{"OBJECTID":2139,"TYPE":"END","RAMP_TYPE":"OFF-RAMP","TERMINAL_SIDE":"END"},"geometry":{"type":"Point","coordinates":[-77.79825232982927,38.506484789720105]}},{"type":"Feature","properties":{"OBJECTID":2142,"TYPE":"END","RAMP_TYPE":"OFF-RAMP","TERMINAL_SIDE":"END"},"geometry":{"type":"Point","coordinates":[-77.56192049494906,38.007446059968345]}},{"type":"Feature","properties":{"OBJECTID":2144,"TYPE":"END","RAMP_TYPE":"OFF-RAMP","TERMINAL_SIDE":"END"},"geometry":{"type":"Point","coordinates":[-78.103527135608,38.57090882789628]}},{"type":"Feature","properties":{"OBJECTID":2146,"TYPE":"END","RAMP_TYPE":"OFF-RAMP","TERMINAL_SIDE":"END"},"geometry":{"type":"Point","coordinates":[-77.82247301304709,38.54803161403082]}},{"type":"Feature","properties":{"OBJECTID":2160,"TYPE":"END","RAMP_TYPE":"OFF-RAMP","TERMINAL_SIDE":"END"},"geometry":{"type":"Point","coordinates":[-77.56188526963801,38.00628972000539]}},{"type":"Feature","properties":{"OBJECTID":2167,"TYPE":"END","RAMP_TYPE":"OFF-RAMP","TERMINAL_SIDE":"END"},"geometry":{"type":"Point","coordinates":[-78.23731253881333,38.509295983399475]}},{"type":"Feature","properties":{"OBJECTID":2170,"TYPE":"END","RAMP_TYPE":"OFF-RAMP","TERMINAL_SIDE":"END"},"geometry":{"type":"Point","coordinates":[-77.80795084947123,38.495859540084886]}},{"type":"Feature","properties":{"OBJECTID":2173,"TYPE":"END","RAMP_TYPE":"OFF-RAMP","TERMINAL_SIDE":"END"},"geometry":{"type":"Point","coordinates":[-78.03537960265604,38.23062093351851]}},{"type":"Feature","properties":{"OBJECTID":2176,"TYPE":"END","RAMP_TYPE":"OFF-RAMP","TERMINAL_SIDE":"END"},"geometry":{"type":"Point","coordinates":[-77.81665697123921,38.48383593833171]}},{"type":"Feature","properties":{"OBJECTID":2180,"TYPE":"END","RAMP_TYPE":"OFF-RAMP","TERMINAL_SIDE":"END"},"geometry":{"type":"Point","coordinates":[-77.53868778947268,37.984933071956746]}},{"type":"Feature","properties":{"OBJECTID":2191,"TYPE":"END","RAMP_TYPE":"OFF-RAMP","TERMINAL_SIDE":"END"},"geometry":{"type":"Point","coordinates":[-78.64387430518084,38.20835550170572]}},{"type":"Feature","properties":{"OBJECTID":2192,"TYPE":"END","RAMP_TYPE":"OFF-RAMP","TERMINAL_SIDE":"END"},"geometry":{"type":"Point","coordinates":[-78.4172862874594,38.25560063419613]}},{"type":"Feature","properties":{"OBJECTID":2194,"TYPE":"END","RAMP_TYPE":"OFF-RAMP","TERMINAL_SIDE":"END"},"geometry":{"type":"Point","coordinates":[-78.52821743133812,38.24219857754086]}},{"type":"Feature","properties":{"OBJECTID":2195,"TYPE":"END","RAMP_TYPE":"OFF-RAMP","TERMINAL_SIDE":"END"},"geometry":{"type":"Point","coordinates":[-77.87534631780416,38.15680567541027]}},{"type":"Feature","properties":{"OBJECTID":2198,"TYPE":"END","RAMP_TYPE":"OFF-RAMP","TERMINAL_SIDE":"END"},"geometry":{"type":"Point","coordinates":[-77.86240409932007,38.420611974292385]}},{"type":"Feature","properties":{"OBJECTID":2231,"TYPE":"END","RAMP_TYPE":"OFF-RAMP","TERMINAL_SIDE":"END"},"geometry":{"type":"Point","coordinates":[-78.0768482783952,38.660957564010204]}},{"type":"Feature","properties":{"OBJECTID":2233,"TYPE":"END","RAMP_TYPE":"OFF-RAMP","TERMINAL_SIDE":"END"},"geometry":{"type":"Point","coordinates":[-78.99343648302235,37.961486387088826]}},{"type":"Feature","properties":{"OBJECTID":2234,"TYPE":"END","RAMP_TYPE":"OFF-RAMP","TERMINAL_SIDE":"END"},"geometry":{"type":"Point","coordinates":[-77.55143087881879,37.94679074540747]}},{"type":"Feature","properties":{"OBJECTID":2236,"TYPE":"END","RAMP_TYPE":"OFF-RAMP","TERMINAL_SIDE":"END"},"geometry":{"type":"Point","coordinates":[-77.82786365683347,38.4715953446897]}},{"type":"Feature","properties":{"OBJECTID":2239,"TYPE":"END","RAMP_TYPE":"OFF-RAMP","TERMINAL_SIDE":"END"},"geometry":{"type":"Point","coordinates":[-79.1130540836936,37.92994099825215]}},{"type":"Feature","properties":{"OBJECTID":2244,"TYPE":"END","RAMP_TYPE":"OFF-RAMP","TERMINAL_SIDE":"END"},"geometry":{"type":"Point","coordinates":[-78.1442594198835,38.2763009426038]}},{"type":"Feature","properties":{"OBJECTID":2248,"TYPE":"END","RAMP_TYPE":"OFF-RAMP","TERMINAL_SIDE":"END"},"geometry":{"type":"Point","coordinates":[-77.56797413151007,38.01212114818222]}},{"type":"Feature","properties":{"OBJECTID":2254,"TYPE":"END","RAMP_TYPE":"OFF-RAMP","TERMINAL_SIDE":"END"},"geometry":{"type":"Point","coordinates":[-77.8007845321117,38.571762659937576]}},{"type":"Feature","properties":{"OBJECTID":2259,"TYPE":"END","RAMP_TYPE":"OFF-RAMP","TERMINAL_SIDE":"END"},"geometry":{"type":"Point","coordinates":[-77.57611174483193,38.015806658740665]}},{"type":"Feature","properties":{"OBJECTID":2270,"TYPE":"END","RAMP_TYPE":"OFF-RAMP","TERMINAL_SIDE":"END"},"geometry":{"type":"Point","coordinates":[-77.80783719992108,38.52805013583663]}},{"type":"Feature","properties":{"OBJECTID":2274,"TYPE":"END","RAMP_TYPE":"OFF-RAMP","TERMINAL_SIDE":"END"},"geometry":{"type":"Point","coordinates":[-77.87247364836973,38.53771715957042]}},{"type":"Feature","properties":{"OBJECTID":2277,"TYPE":"END","RAMP_TYPE":"OFF-RAMP","TERMINAL_SIDE":"END"},"geometry":{"type":"Point","coordinates":[-77.50092092799538,37.95570283407397]}},{"type":"Feature","properties":{"OBJECTID":2280,"TYPE":"END","RAMP_TYPE":"OFF-RAMP","TERMINAL_SIDE":"END"},"geometry":{"type":"Point","coordinates":[-77.50032453257175,37.96813293105956]}},{"type":"Feature","properties":{"OBJECTID":2281,"TYPE":"END","RAMP_TYPE":"OFF-RAMP","TERMINAL_SIDE":"END"},"geometry":{"type":"Point","coordinates":[-77.86979075358343,38.16105676397055]}},{"type":"Feature","properties":{"OBJECTID":2287,"TYPE":"END","RAMP_TYPE":"OFF-RAMP","TERMINAL_SIDE":"END"},"geometry":{"type":"Point","coordinates":[-77.49591631980314,37.93385769828872]}},{"type":"Feature","properties":{"OBJECTID":2294,"TYPE":"END","RAMP_TYPE":"OFF-RAMP","TERMINAL_SIDE":"END"},"geometry":{"type":"Point","coordinates":[-78.88591276739201,37.84435738875623]}},{"type":"Feature","properties":{"OBJECTID":2295,"TYPE":"END","RAMP_TYPE":"OFF-RAMP","TERMINAL_SIDE":"END"},"geometry":{"type":"Point","coordinates":[-78.9118517631368,37.9067429225724]}},{"type":"Feature","properties":{"OBJECTID":2304,"TYPE":"END","RAMP_TYPE":"OFF-RAMP","TERMINAL_SIDE":"END"},"geometry":{"type":"Point","coordinates":[-78.06974286253579,37.885154441089846]}},{"type":"Feature","properties":{"OBJECTID":2314,"TYPE":"END","RAMP_TYPE":"OFF-RAMP","TERMINAL_SIDE":"END"},"geometry":{"type":"Point","coordinates":[-78.62464793559658,38.09005952722632]}},{"type":"Feature","properties":{"OBJECTID":2315,"TYPE":"END","RAMP_TYPE":"OFF-RAMP","TERMINAL_SIDE":"END"},"geometry":{"type":"Point","coordinates":[-77.87757383051468,38.534903507108496]}},{"type":"Feature","properties":{"OBJECTID":2321,"TYPE":"END","RAMP_TYPE":"OFF-RAMP","TERMINAL_SIDE":"END"},"geometry":{"type":"Point","coordinates":[-79.32368474764105,37.86371734216037]}},{"type":"Feature","properties":{"OBJECTID":2338,"TYPE":"END","RAMP_TYPE":"OFF-RAMP","TERMINAL_SIDE":"END"},"geometry":{"type":"Point","coordinates":[-77.8727530832835,37.90451378393659]}},{"type":"Feature","properties":{"OBJECTID":2341,"TYPE":"END","RAMP_TYPE":"OFF-RAMP","TERMINAL_SIDE":"END"},"geometry":{"type":"Point","coordinates":[-78.30293321830628,38.41076778955293]}},{"type":"Feature","properties":{"OBJECTID":2347,"TYPE":"END","RAMP_TYPE":"OFF-RAMP","TERMINAL_SIDE":"END"},"geometry":{"type":"Point","coordinates":[-77.85529018772269,38.08347499822984]}},{"type":"Feature","properties":{"OBJECTID":2350,"TYPE":"END","RAMP_TYPE":"OFF-RAMP","TERMINAL_SIDE":"END"},"geometry":{"type":"Point","coordinates":[-78.1039430959656,38.570281051790616]}},{"type":"Feature","properties":{"OBJECTID":2358,"TYPE":"END","RAMP_TYPE":"OFF-RAMP","TERMINAL_SIDE":"END"},"geometry":{"type":"Point","coordinates":[-77.8071113733307,38.544689747363336]}},{"type":"Feature","properties":{"OBJECTID":2359,"TYPE":"END","RAMP_TYPE":"OFF-RAMP","TERMINAL_SIDE":"END"},"geometry":{"type":"Point","coordinates":[-77.88802682822403,37.89412226822156]}},{"type":"Feature","properties":{"OBJECTID":2360,"TYPE":"END","RAMP_TYPE":"OFF-RAMP","TERMINAL_SIDE":"END"},"geometry":{"type":"Point","coordinates":[-79.00508696285036,38.027809805011124]}},{"type":"Feature","properties":{"OBJECTID":2364,"TYPE":"END","RAMP_TYPE":"OFF-RAMP","TERMINAL_SIDE":"END"},"geometry":{"type":"Point","coordinates":[-78.89346929697432,37.89550935930822]}},{"type":"Feature","properties":{"OBJECTID":2365,"TYPE":"END","RAMP_TYPE":"OFF-RAMP","TERMINAL_SIDE":"END"},"geometry":{"type":"Point","coordinates":[-79.2415112091502,37.89664640546587]}},{"type":"Feature","properties":{"OBJECTID":2370,"TYPE":"END","RAMP_TYPE":"OFF-RAMP","TERMINAL_SIDE":"END"},"geometry":{"type":"Point","coordinates":[-77.880077879346,38.031354229469635]}},{"type":"Feature","properties":{"OBJECTID":2374,"TYPE":"END","RAMP_TYPE":"OFF-RAMP","TERMINAL_SIDE":"END"},"geometry":{"type":"Point","coordinates":[-78.65084593187365,38.071178673451136]}},{"type":"Feature","properties":{"OBJECTID":2389,"TYPE":"END","RAMP_TYPE":"OFF-RAMP","TERMINAL_SIDE":"END"},"geometry":{"type":"Point","coordinates":[-77.8228369647095,38.54766328717232]}},{"type":"Feature","properties":{"OBJECTID":2390,"TYPE":"END","RAMP_TYPE":"OFF-RAMP","TERMINAL_SIDE":"END"},"geometry":{"type":"Point","coordinates":[-77.84957062361244,37.969045175035774]}},{"type":"Feature","properties":{"OBJECTID":2395,"TYPE":"END","RAMP_TYPE":"OFF-RAMP","TERMINAL_SIDE":"END"},"geometry":{"type":"Point","coordinates":[-77.54299015668781,37.9144984956166]}},{"type":"Feature","properties":{"OBJECTID":2396,"TYPE":"END","RAMP_TYPE":"OFF-RAMP","TERMINAL_SIDE":"END"},"geometry":{"type":"Point","coordinates":[-77.77520617583694,38.5258391657038]}},{"type":"Feature","properties":{"OBJECTID":2403,"TYPE":"END","RAMP_TYPE":"OFF-RAMP","TERMINAL_SIDE":"END"},"geometry":{"type":"Point","coordinates":[-78.6647710950152,38.070980470808955]}},{"type":"Feature","properties":{"OBJECTID":2417,"TYPE":"END","RAMP_TYPE":"OFF-RAMP","TERMINAL_SIDE":"END"},"geometry":{"type":"Point","coordinates":[-77.86084060941737,38.0363653039001]}},{"type":"Feature","properties":{"OBJECTID":2426,"TYPE":"END","RAMP_TYPE":"OFF-RAMP","TERMINAL_SIDE":"END"},"geometry":{"type":"Point","coordinates":[-77.86952759091277,38.184995572328624]}},{"type":"Feature","properties":{"OBJECTID":2429,"TYPE":"END","RAMP_TYPE":"OFF-RAMP","TERMINAL_SIDE":"END"},"geometry":{"type":"Point","coordinates":[-77.75803049072516,38.54537119145966]}},{"type":"Feature","properties":{"OBJECTID":2430,"TYPE":"END","RAMP_TYPE":"OFF-RAMP","TERMINAL_SIDE":"END"},"geometry":{"type":"Point","coordinates":[-77.8532411437455,38.141271505120834]}},{"type":"Feature","properties":{"OBJECTID":2431,"TYPE":"END","RAMP_TYPE":"OFF-RAMP","TERMINAL_SIDE":"END"},"geometry":{"type":"Point","coordinates":[-77.89120536626321,38.15988900776419]}},{"type":"Feature","properties":{"OBJECTID":2434,"TYPE":"END","RAMP_TYPE":"OFF-RAMP","TERMINAL_SIDE":"END"},"geometry":{"type":"Point","coordinates":[-79.25313857994058,37.889522302247435]}},{"type":"Feature","properties":{"OBJECTID":2439,"TYPE":"END","RAMP_TYPE":"OFF-RAMP","TERMINAL_SIDE":"END"},"geometry":{"type":"Point","coordinates":[-77.9137521463994,38.17210169684788]}},{"type":"Feature","properties":{"OBJECTID":2440,"TYPE":"END","RAMP_TYPE":"OFF-RAMP","TERMINAL_SIDE":"END"},"geometry":{"type":"Point","coordinates":[-77.43790324571142,37.93266394154517]}},{"type":"Feature","properties":{"OBJECTID":2441,"TYPE":"END","RAMP_TYPE":"OFF-RAMP","TERMINAL_SIDE":"END"},"geometry":{"type":"Point","coordinates":[-77.90310533785973,38.16480666015784]}},{"type":"Feature","properties":{"OBJECTID":2453,"TYPE":"END","RAMP_TYPE":"OFF-RAMP","TERMINAL_SIDE":"END"},"geometry":{"type":"Point","coordinates":[-78.12758556448884,38.59097043507455]}},{"type":"Feature","properties":{"OBJECTID":2454,"TYPE":"END","RAMP_TYPE":"OFF-RAMP","TERMINAL_SIDE":"END"},"geometry":{"type":"Point","coordinates":[-78.47199620061824,38.202059392550396]}},{"type":"Feature","properties":{"OBJECTID":2455,"TYPE":"END","RAMP_TYPE":"OFF-RAMP","TERMINAL_SIDE":"END"},"geometry":{"type":"Point","coordinates":[-77.85319623070492,38.06996319823438]}},{"type":"Feature","properties":{"OBJECTID":2457,"TYPE":"END","RAMP_TYPE":"OFF-RAMP","TERMINAL_SIDE":"END"},"geometry":{"type":"Point","coordinates":[-77.82863820555696,38.47195973717479]}},{"type":"Feature","properties":{"OBJECTID":2462,"TYPE":"END","RAMP_TYPE":"OFF-RAMP","TERMINAL_SIDE":"END"},"geometry":{"type":"Point","coordinates":[-77.86173257423569,38.097639681502784]}},{"type":"Feature","properties":{"OBJECTID":2469,"TYPE":"END","RAMP_TYPE":"OFF-RAMP","TERMINAL_SIDE":"END"},"geometry":{"type":"Point","coordinates":[-78.81067215019559,38.001317549706066]}},{"type":"Feature","properties":{"OBJECTID":2473,"TYPE":"END","RAMP_TYPE":"OFF-RAMP","TERMINAL_SIDE":"END"},"geometry":{"type":"Point","coordinates":[-77.80214050824185,38.555259187970904]}},{"type":"Feature","properties":{"OBJECTID":2478,"TYPE":"END","RAMP_TYPE":"OFF-RAMP","TERMINAL_SIDE":"END"},"geometry":{"type":"Point","coordinates":[-78.55412379392207,38.21907490106321]}},{"type":"Feature","properties":{"OBJECTID":2480,"TYPE":"END","RAMP_TYPE":"OFF-RAMP","TERMINAL_SIDE":"END"},"geometry":{"type":"Point","coordinates":[-78.66393433299895,38.07033271637743]}},{"type":"Feature","properties":{"OBJECTID":2482,"TYPE":"END","RAMP_TYPE":"OFF-RAMP","TERMINAL_SIDE":"END"},"geometry":{"type":"Point","coordinates":[-77.44757011760092,37.932410340885454]}},{"type":"Feature","properties":{"OBJECTID":2489,"TYPE":"END","RAMP_TYPE":"OFF-RAMP","TERMINAL_SIDE":"END"},"geometry":{"type":"Point","coordinates":[-78.63554022617423,38.05769467828534]}},{"type":"Feature","properties":{"OBJECTID":2492,"TYPE":"END","RAMP_TYPE":"OFF-RAMP","TERMINAL_SIDE":"END"},"geometry":{"type":"Point","coordinates":[-77.8738875035588,38.15059490373551]}},{"type":"Feature","properties":{"OBJECTID":2496,"TYPE":"END","RAMP_TYPE":"OFF-RAMP","TERMINAL_SIDE":"END"},"geometry":{"type":"Point","coordinates":[-77.95455352341249,37.95592947518845]}},{"type":"Feature","properties":{"OBJECTID":2502,"TYPE":"END","RAMP_TYPE":"OFF-RAMP","TERMINAL_SIDE":"END"},"geometry":{"type":"Point","coordinates":[-78.08223298261598,37.85150663496402]}},{"type":"Feature","properties":{"OBJECTID":2505,"TYPE":"END","RAMP_TYPE":"OFF-RAMP","TERMINAL_SIDE":"END"},"geometry":{"type":"Point","coordinates":[-77.53499348467088,37.91961500020926]}},{"type":"Feature","properties":{"OBJECTID":2509,"TYPE":"END","RAMP_TYPE":"OFF-RAMP","TERMINAL_SIDE":"END"},"geometry":{"type":"Point","coordinates":[-77.84834569671709,37.986041902055796]}},{"type":"Feature","properties":{"OBJECTID":2515,"TYPE":"END","RAMP_TYPE":"OFF-RAMP","TERMINAL_SIDE":"END"},"geometry":{"type":"Point","coordinates":[-78.92074787491913,37.92747205371689]}},{"type":"Feature","properties":{"OBJECTID":2524,"TYPE":"END","RAMP_TYPE":"OFF-RAMP","TERMINAL_SIDE":"END"},"geometry":{"type":"Point","coordinates":[-77.75671175884014,38.54694718840589]}},{"type":"Feature","properties":{"OBJECTID":2542,"TYPE":"END","RAMP_TYPE":"OFF-RAMP","TERMINAL_SIDE":"END"},"geometry":{"type":"Point","coordinates":[-77.76688601323718,38.53795624639012]}},{"type":"Feature","properties":{"OBJECTID":2551,"TYPE":"END","RAMP_TYPE":"OFF-RAMP","TERMINAL_SIDE":"END"},"geometry":{"type":"Point","coordinates":[-77.5514103218225,37.93967199128759]}},{"type":"Feature","properties":{"OBJECTID":2578,"TYPE":"END","RAMP_TYPE":"OFF-RAMP","TERMINAL_SIDE":"END"},"geometry":{"type":"Point","coordinates":[-77.77044596295248,38.53532224779893]}},{"type":"Feature","properties":{"OBJECTID":2596,"TYPE":"END","RAMP_TYPE":"OFF-RAMP","TERMINAL_SIDE":"END"},"geometry":{"type":"Point","coordinates":[-77.81721725733578,38.48548520820013]}},{"type":"Feature","properties":{"OBJECTID":2606,"TYPE":"END","RAMP_TYPE":"OFF-RAMP","TERMINAL_SIDE":"END"},"geometry":{"type":"Point","coordinates":[-77.87233040788674,38.18488987229942]}},{"type":"Feature","properties":{"OBJECTID":2617,"TYPE":"END","RAMP_TYPE":"OFF-RAMP","TERMINAL_SIDE":"END"},"geometry":{"type":"Point","coordinates":[-78.63485063622858,38.05764073236918]}},{"type":"Feature","properties":{"OBJECTID":2622,"TYPE":"END","RAMP_TYPE":"OFF-RAMP","TERMINAL_SIDE":"END"},"geometry":{"type":"Point","coordinates":[-77.80754976426189,38.55807364273184]}},{"type":"Feature","properties":{"OBJECTID":2624,"TYPE":"END","RAMP_TYPE":"OFF-RAMP","TERMINAL_SIDE":"END"},"geometry":{"type":"Point","coordinates":[-77.50364294653,37.91232723471278]}},{"type":"Feature","properties":{"OBJECTID":2653,"TYPE":"END","RAMP_TYPE":"OFF-RAMP","TERMINAL_SIDE":"END"},"geometry":{"type":"Point","coordinates":[-78.3897199017053,38.28549002006116]}},{"type":"Feature","properties":{"OBJECTID":2726,"TYPE":"END","RAMP_TYPE":"OFF-RAMP","TERMINAL_SIDE":"END"},"geometry":{"type":"Point","coordinates":[-78.11131535955111,38.60738508797277]}},{"type":"Feature","properties":{"OBJECTID":2732,"TYPE":"END","RAMP_TYPE":"OFF-RAMP","TERMINAL_SIDE":"END"},"geometry":{"type":"Point","coordinates":[-77.76608295217326,38.538768859181985]}},{"type":"Feature","properties":{"OBJECTID":2736,"TYPE":"END","RAMP_TYPE":"OFF-RAMP","TERMINAL_SIDE":"END"},"geometry":{"type":"Point","coordinates":[-77.7898257123315,38.5223238511437]}},{"type":"Feature","properties":{"OBJECTID":2767,"TYPE":"END","RAMP_TYPE":"OFF-RAMP","TERMINAL_SIDE":"END"},"geometry":{"type":"Point","coordinates":[-77.79650396111046,38.514952672214704]}},{"type":"Feature","properties":{"OBJECTID":2773,"TYPE":"END","RAMP_TYPE":"OFF-RAMP","TERMINAL_SIDE":"END"},"geometry":{"type":"Point","coordinates":[-78.31874762507037,38.290422630285654]}},{"type":"Feature","properties":{"OBJECTID":2774,"TYPE":"END","RAMP_TYPE":"OFF-RAMP","TERMINAL_SIDE":"END"},"geometry":{"type":"Point","coordinates":[-77.90834218109086,38.16930392359423]}},{"type":"Feature","properties":{"OBJECTID":2777,"TYPE":"END","RAMP_TYPE":"OFF-RAMP","TERMINAL_SIDE":"END"},"geometry":{"type":"Point","coordinates":[-79.34629797240272,37.85726054486562]}},{"type":"Feature","properties":{"OBJECTID":2786,"TYPE":"END","RAMP_TYPE":"OFF-RAMP","TERMINAL_SIDE":"END"},"geometry":{"type":"Point","coordinates":[-77.89333747435433,38.15932924839733]}},{"type":"Feature","properties":{"OBJECTID":2791,"TYPE":"END","RAMP_TYPE":"OFF-RAMP","TERMINAL_SIDE":"END"},"geometry":{"type":"Point","coordinates":[-78.92121165650524,37.92749071664816]}},{"type":"Feature","properties":{"OBJECTID":2797,"TYPE":"END","RAMP_TYPE":"OFF-RAMP","TERMINAL_SIDE":"END"},"geometry":{"type":"Point","coordinates":[-79.33176235396951,37.863209712958565]}},{"type":"Feature","properties":{"OBJECTID":2800,"TYPE":"END","RAMP_TYPE":"OFF-RAMP","TERMINAL_SIDE":"END"},"geometry":{"type":"Point","coordinates":[-77.82594563137266,38.54821833333744]}},{"type":"Feature","properties":{"OBJECTID":2802,"TYPE":"END","RAMP_TYPE":"OFF-RAMP","TERMINAL_SIDE":"END"},"geometry":{"type":"Point","coordinates":[-78.58027021141585,38.224579169041206]}},{"type":"Feature","properties":{"OBJECTID":2804,"TYPE":"END","RAMP_TYPE":"OFF-RAMP","TERMINAL_SIDE":"END"},"geometry":{"type":"Point","coordinates":[-77.85833293526647,38.144409403057075]}},{"type":"Feature","properties":{"OBJECTID":2818,"TYPE":"END","RAMP_TYPE":"OFF-RAMP","TERMINAL_SIDE":"END"},"geometry":{"type":"Point","coordinates":[-78.24992358726583,38.47430230679998]}},{"type":"Feature","properties":{"OBJECTID":2821,"TYPE":"END","RAMP_TYPE":"OFF-RAMP","TERMINAL_SIDE":"END"},"geometry":{"type":"Point","coordinates":[-77.5207057176613,37.98539409527509]}},{"type":"Feature","properties":{"OBJECTID":2831,"TYPE":"END","RAMP_TYPE":"OFF-RAMP","TERMINAL_SIDE":"END"},"geometry":{"type":"Point","coordinates":[-78.3297610215107,38.29484048593536]}},{"type":"Feature","properties":{"OBJECTID":2832,"TYPE":"END","RAMP_TYPE":"OFF-RAMP","TERMINAL_SIDE":"END"},"geometry":{"type":"Point","coordinates":[-78.27070817698383,38.44848836039282]}},{"type":"Feature","properties":{"OBJECTID":2836,"TYPE":"END","RAMP_TYPE":"OFF-RAMP","TERMINAL_SIDE":"END"},"geometry":{"type":"Point","coordinates":[-77.48280391697206,37.9329618359897]}},{"type":"Feature","properties":{"OBJECTID":2840,"TYPE":"END","RAMP_TYPE":"OFF-RAMP","TERMINAL_SIDE":"END"},"geometry":{"type":"Point","coordinates":[-78.60749549518226,38.218274536332196]}},{"type":"Feature","properties":{"OBJECTID":2847,"TYPE":"END","RAMP_TYPE":"OFF-RAMP","TERMINAL_SIDE":"END"},"geometry":{"type":"Point","coordinates":[-78.17745018309067,38.57109563380409]}},{"type":"Feature","properties":{"OBJECTID":2859,"TYPE":"END","RAMP_TYPE":"OFF-RAMP","TERMINAL_SIDE":"END"},"geometry":{"type":"Point","coordinates":[-78.30161046322266,38.40940152652981]}},{"type":"Feature","properties":{"OBJECTID":2883,"TYPE":"END","RAMP_TYPE":"OFF-RAMP","TERMINAL_SIDE":"END"},"geometry":{"type":"Point","coordinates":[-78.07168381846702,37.88686092926418]}},{"type":"Feature","properties":{"OBJECTID":2884,"TYPE":"END","RAMP_TYPE":"OFF-RAMP","TERMINAL_SIDE":"END"},"geometry":{"type":"Point","coordinates":[-78.60442252385926,38.11103247070021]}},{"type":"Feature","properties":{"OBJECTID":2887,"TYPE":"END","RAMP_TYPE":"OFF-RAMP","TERMINAL_SIDE":"END"},"geometry":{"type":"Point","coordinates":[-77.46024701350917,37.930928074705086]}},{"type":"Feature","properties":{"OBJECTID":2888,"TYPE":"END","RAMP_TYPE":"OFF-RAMP","TERMINAL_SIDE":"END"},"geometry":{"type":"Point","coordinates":[-79.22940432744795,37.9024324723192]}},{"type":"Feature","properties":{"OBJECTID":2890,"TYPE":"END","RAMP_TYPE":"OFF-RAMP","TERMINAL_SIDE":"END"},"geometry":{"type":"Point","coordinates":[-79.00196853725109,38.00470368808867]}},{"type":"Feature","properties":{"OBJECTID":2891,"TYPE":"END","RAMP_TYPE":"OFF-RAMP","TERMINAL_SIDE":"END"},"geometry":{"type":"Point","coordinates":[-77.75892989507125,38.52275951125384]}},{"type":"Feature","properties":{"OBJECTID":2896,"TYPE":"END","RAMP_TYPE":"OFF-RAMP","TERMINAL_SIDE":"END"},"geometry":{"type":"Point","coordinates":[-77.79161201725778,38.52597413072313]}},{"type":"Feature","properties":{"OBJECTID":2899,"TYPE":"END","RAMP_TYPE":"OFF-RAMP","TERMINAL_SIDE":"END"},"geometry":{"type":"Point","coordinates":[-78.32863904099928,38.29529304229139]}},{"type":"Feature","properties":{"OBJECTID":2901,"TYPE":"END","RAMP_TYPE":"OFF-RAMP","TERMINAL_SIDE":"END"},"geometry":{"type":"Point","coordinates":[-77.84843502528413,37.95840595672985]}},{"type":"Feature","properties":{"OBJECTID":2907,"TYPE":"END","RAMP_TYPE":"OFF-RAMP","TERMINAL_SIDE":"END"},"geometry":{"type":"Point","coordinates":[-78.99982637074605,38.05474543086478]}},{"type":"Feature","properties":{"OBJECTID":2913,"TYPE":"END","RAMP_TYPE":"OFF-RAMP","TERMINAL_SIDE":"END"},"geometry":{"type":"Point","coordinates":[-78.20548877950617,38.2832718470929]}},{"type":"Feature","properties":{"OBJECTID":2922,"TYPE":"END","RAMP_TYPE":"OFF-RAMP","TERMINAL_SIDE":"END"},"geometry":{"type":"Point","coordinates":[-77.83801881603476,38.029191211228564]}},{"type":"Feature","properties":{"OBJECTID":2927,"TYPE":"END","RAMP_TYPE":"OFF-RAMP","TERMINAL_SIDE":"END"},"geometry":{"type":"Point","coordinates":[-77.89131104805793,38.160111058811]}},{"type":"Feature","properties":{"OBJECTID":2929,"TYPE":"END","RAMP_TYPE":"OFF-RAMP","TERMINAL_SIDE":"END"},"geometry":{"type":"Point","coordinates":[-77.57503688012795,38.01443032434208]}},{"type":"Feature","properties":{"OBJECTID":2931,"TYPE":"END","RAMP_TYPE":"OFF-RAMP","TERMINAL_SIDE":"END"},"geometry":{"type":"Point","coordinates":[-77.50257020874507,37.95596973406496]}},{"type":"Feature","properties":{"OBJECTID":2934,"TYPE":"END","RAMP_TYPE":"OFF-RAMP","TERMINAL_SIDE":"END"},"geometry":{"type":"Point","coordinates":[-78.32506217050651,38.385202928739844]}},{"type":"Feature","properties":{"OBJECTID":2952,"TYPE":"END","RAMP_TYPE":"OFF-RAMP","TERMINAL_SIDE":"END"},"geometry":{"type":"Point","coordinates":[-78.34575328563186,38.33492279813334]}},{"type":"Feature","properties":{"OBJECTID":2960,"TYPE":"END","RAMP_TYPE":"OFF-RAMP","TERMINAL_SIDE":"END"},"geometry":{"type":"Point","coordinates":[-78.65099598789523,38.20760682890796]}},{"type":"Feature","properties":{"OBJECTID":2961,"TYPE":"END","RAMP_TYPE":"OFF-RAMP","TERMINAL_SIDE":"END"},"geometry":{"type":"Point","coordinates":[-78.07528974460433,38.55667717633575]}},{"type":"Feature","properties":{"OBJECTID":2968,"TYPE":"END","RAMP_TYPE":"OFF-RAMP","TERMINAL_SIDE":"END"},"geometry":{"type":"Point","coordinates":[-78.87945753623441,37.98077550754636]}},{"type":"Feature","properties":{"OBJECTID":2970,"TYPE":"END","RAMP_TYPE":"OFF-RAMP","TERMINAL_SIDE":"END"},"geometry":{"type":"Point","coordinates":[-77.52630317358553,37.92437418186305]}},{"type":"Feature","properties":{"OBJECTID":2972,"TYPE":"END","RAMP_TYPE":"OFF-RAMP","TERMINAL_SIDE":"END"},"geometry":{"type":"Point","coordinates":[-78.14721133623226,38.58435482622791]}},{"type":"Feature","properties":{"OBJECTID":2979,"TYPE":"END","RAMP_TYPE":"OFF-RAMP","TERMINAL_SIDE":"END"},"geometry":{"type":"Point","coordinates":[-77.80076751305043,38.55436038860853]}},{"type":"Feature","properties":{"OBJECTID":2985,"TYPE":"END","RAMP_TYPE":"OFF-RAMP","TERMINAL_SIDE":"END"},"geometry":{"type":"Point","coordinates":[-78.18670282662016,38.28109427066065]}},{"type":"Feature","properties":{"OBJECTID":2986,"TYPE":"END","RAMP_TYPE":"OFF-RAMP","TERMINAL_SIDE":"END"},"geometry":{"type":"Point","coordinates":[-77.87602135088925,38.53530161391328]}},{"type":"Feature","properties":{"OBJECTID":2987,"TYPE":"END","RAMP_TYPE":"OFF-RAMP","TERMINAL_SIDE":"END"},"geometry":{"type":"Point","coordinates":[-79.17450421654998,37.913045334117655]}},{"type":"Feature","properties":{"OBJECTID":2991,"TYPE":"END","RAMP_TYPE":"OFF-RAMP","TERMINAL_SIDE":"END"},"geometry":{"type":"Point","coordinates":[-77.46711713256987,37.931781792517306]}},{"type":"Feature","properties":{"OBJECTID":2992,"TYPE":"END","RAMP_TYPE":"OFF-RAMP","TERMINAL_SIDE":"END"},"geometry":{"type":"Point","coordinates":[-77.80900289129829,38.49559164812472]}},{"type":"Feature","properties":{"OBJECTID":2995,"TYPE":"END","RAMP_TYPE":"OFF-RAMP","TERMINAL_SIDE":"END"},"geometry":{"type":"Point","coordinates":[-77.86650697125559,38.40861344009218]}},{"type":"Feature","properties":{"OBJECTID":3001,"TYPE":"END","RAMP_TYPE":"OFF-RAMP","TERMINAL_SIDE":"END"},"geometry":{"type":"Point","coordinates":[-77.87773310177288,38.15306963386619]}},{"type":"Feature","properties":{"OBJECTID":3004,"TYPE":"END","RAMP_TYPE":"OFF-RAMP","TERMINAL_SIDE":"END"},"geometry":{"type":"Point","coordinates":[-77.88120023852153,38.03226358457842]}},{"type":"Feature","properties":{"OBJECTID":3006,"TYPE":"END","RAMP_TYPE":"OFF-RAMP","TERMINAL_SIDE":"END"},"geometry":{"type":"Point","coordinates":[-78.54894518591605,38.141093815829386]}},{"type":"Feature","properties":{"OBJECTID":3008,"TYPE":"END","RAMP_TYPE":"OFF-RAMP","TERMINAL_SIDE":"END"},"geometry":{"type":"Point","coordinates":[-77.56186443315777,38.00785054927899]}},{"type":"Feature","properties":{"OBJECTID":3012,"TYPE":"END","RAMP_TYPE":"OFF-RAMP","TERMINAL_SIDE":"END"},"geometry":{"type":"Point","coordinates":[-77.4899221010451,37.9164304082776]}},{"type":"Feature","properties":{"OBJECTID":3014,"TYPE":"END","RAMP_TYPE":"OFF-RAMP","TERMINAL_SIDE":"END"},"geometry":{"type":"Point","coordinates":[-78.60680183776108,38.218211542903404]}},{"type":"Feature","properties":{"OBJECTID":3015,"TYPE":"END","RAMP_TYPE":"OFF-RAMP","TERMINAL_SIDE":"END"},"geometry":{"type":"Point","coordinates":[-77.49771972487875,37.953048097181075]}},{"type":"Feature","properties":{"OBJECTID":3016,"TYPE":"END","RAMP_TYPE":"OFF-RAMP","TERMINAL_SIDE":"END"},"geometry":{"type":"Point","coordinates":[-77.8425087205307,38.13738277234832]}},{"type":"Feature","properties":{"OBJECTID":3024,"TYPE":"END","RAMP_TYPE":"OFF-RAMP","TERMINAL_SIDE":"END"},"geometry":{"type":"Point","coordinates":[-77.9003590259758,37.854620632197054]}},{"type":"Feature","properties":{"OBJECTID":3031,"TYPE":"END","RAMP_TYPE":"OFF-RAMP","TERMINAL_SIDE":"END"},"geometry":{"type":"Point","coordinates":[-77.6484156220847,38.08567938448926]}},{"type":"Feature","properties":{"OBJECTID":3033,"TYPE":"END","RAMP_TYPE":"OFF-RAMP","TERMINAL_SIDE":"END"},"geometry":{"type":"Point","coordinates":[-77.8415886490816,38.03357008720506]}},{"type":"Feature","properties":{"OBJECTID":3034,"TYPE":"END","RAMP_TYPE":"OFF-RAMP","TERMINAL_SIDE":"END"},"geometry":{"type":"Point","coordinates":[-77.9748166753383,37.941801716721656]}},{"type":"Feature","properties":{"OBJECTID":3035,"TYPE":"END","RAMP_TYPE":"OFF-RAMP","TERMINAL_SIDE":"END"},"geometry":{"type":"Point","coordinates":[-77.89982631836538,37.85472586812935]}},{"type":"Feature","properties":{"OBJECTID":3039,"TYPE":"END","RAMP_TYPE":"OFF-RAMP","TERMINAL_SIDE":"END"},"geometry":{"type":"Point","coordinates":[-77.84012205782162,38.0337495236845]}},{"type":"Feature","properties":{"OBJECTID":3041,"TYPE":"END","RAMP_TYPE":"OFF-RAMP","TERMINAL_SIDE":"END"},"geometry":{"type":"Point","coordinates":[-78.20461576122597,38.5426474831279]}},{"type":"Feature","properties":{"OBJECTID":3048,"TYPE":"END","RAMP_TYPE":"OFF-RAMP","TERMINAL_SIDE":"END"},"geometry":{"type":"Point","coordinates":[-77.50531663728512,37.93395783451877]}},{"type":"Feature","properties":{"OBJECTID":3049,"TYPE":"END","RAMP_TYPE":"OFF-RAMP","TERMINAL_SIDE":"END"},"geometry":{"type":"Point","coordinates":[-78.62321079958004,38.090608058998846]}},{"type":"Feature","properties":{"OBJECTID":3051,"TYPE":"END","RAMP_TYPE":"OFF-RAMP","TERMINAL_SIDE":"END"},"geometry":{"type":"Point","coordinates":[-79.24216762516613,37.89735193439752]}},{"type":"Feature","properties":{"OBJECTID":3054,"TYPE":"END","RAMP_TYPE":"OFF-RAMP","TERMINAL_SIDE":"END"},"geometry":{"type":"Point","coordinates":[-77.84320370846996,38.13800078025159]}},{"type":"Feature","properties":{"OBJECTID":3076,"TYPE":"END","RAMP_TYPE":"OFF-RAMP","TERMINAL_SIDE":"END"},"geometry":{"type":"Point","coordinates":[-77.47929318120786,37.94317394747047]}},{"type":"Feature","properties":{"OBJECTID":3078,"TYPE":"END","RAMP_TYPE":"OFF-RAMP","TERMINAL_SIDE":"END"},"geometry":{"type":"Point","coordinates":[-78.26281998976927,38.290523310195624]}},{"type":"Feature","properties":{"OBJECTID":3080,"TYPE":"END","RAMP_TYPE":"OFF-RAMP","TERMINAL_SIDE":"END"},"geometry":{"type":"Point","coordinates":[-77.76548993750889,38.53946590592864]}},{"type":"Feature","properties":{"OBJECTID":3081,"TYPE":"END","RAMP_TYPE":"OFF-RAMP","TERMINAL_SIDE":"END"},"geometry":{"type":"Point","coordinates":[-78.30206978321011,38.409821772634075]}},{"type":"Feature","properties":{"OBJECTID":3084,"TYPE":"END","RAMP_TYPE":"OFF-RAMP","TERMINAL_SIDE":"END"},"geometry":{"type":"Point","coordinates":[-77.47776904384571,37.922687941208906]}},{"type":"Feature","properties":{"OBJECTID":3088,"TYPE":"END","RAMP_TYPE":"OFF-RAMP","TERMINAL_SIDE":"END"},"geometry":{"type":"Point","coordinates":[-78.02374854811245,37.918704979934404]}},{"type":"Feature","properties":{"OBJECTID":3098,"TYPE":"END","RAMP_TYPE":"OFF-RAMP","TERMINAL_SIDE":"END"},"geometry":{"type":"Point","coordinates":[-77.54673498812345,37.9793151104899]}},{"type":"Feature","properties":{"OBJECTID":3099,"TYPE":"END","RAMP_TYPE":"OFF-RAMP","TERMINAL_SIDE":"END"},"geometry":{"type":"Point","coordinates":[-77.64711668994994,38.086080789242615]}},{"type":"Feature","properties":{"OBJECTID":3105,"TYPE":"END","RAMP_TYPE":"OFF-RAMP","TERMINAL_SIDE":"END"},"geometry":{"type":"Point","coordinates":[-77.79845654325284,38.506785284973624]}},{"type":"Feature","properties":{"OBJECTID":3106,"TYPE":"END","RAMP_TYPE":"OFF-RAMP","TERMINAL_SIDE":"END"},"geometry":{"type":"Point","coordinates":[-77.51066505845287,37.92955197967494]}},{"type":"Feature","properties":{"OBJECTID":3108,"TYPE":"END","RAMP_TYPE":"OFF-RAMP","TERMINAL_SIDE":"END"},"geometry":{"type":"Point","coordinates":[-77.92289040731926,38.52309348489704]}},{"type":"Feature","properties":{"OBJECTID":3110,"TYPE":"END","RAMP_TYPE":"OFF-RAMP","TERMINAL_SIDE":"END"},"geometry":{"type":"Point","coordinates":[-77.60429823849435,38.044149513279336]}},{"type":"Feature","properties":{"OBJECTID":3114,"TYPE":"END","RAMP_TYPE":"OFF-RAMP","TERMINAL_SIDE":"END"},"geometry":{"type":"Point","coordinates":[-77.87705683245466,38.15409791178251]}},{"type":"Feature","properties":{"OBJECTID":3116,"TYPE":"END","RAMP_TYPE":"OFF-RAMP","TERMINAL_SIDE":"END"},"geometry":{"type":"Point","coordinates":[-77.86369752480361,38.422582864267994]}},{"type":"Feature","properties":{"OBJECTID":3119,"TYPE":"END","RAMP_TYPE":"OFF-RAMP","TERMINAL_SIDE":"END"},"geometry":{"type":"Point","coordinates":[-78.24340597420559,38.49167701644496]}},{"type":"Feature","properties":{"OBJECTID":3123,"TYPE":"END","RAMP_TYPE":"OFF-RAMP","TERMINAL_SIDE":"END"},"geometry":{"type":"Point","coordinates":[-77.8096223927971,38.54165496285096]}},{"type":"Feature","properties":{"OBJECTID":3124,"TYPE":"END","RAMP_TYPE":"OFF-RAMP","TERMINAL_SIDE":"END"},"geometry":{"type":"Point","coordinates":[-78.64946621091835,38.071917601829504]}},{"type":"Feature","properties":{"OBJECTID":3125,"TYPE":"END","RAMP_TYPE":"OFF-RAMP","TERMINAL_SIDE":"END"},"geometry":{"type":"Point","coordinates":[-77.79904807391947,38.507614991033]}},{"type":"Feature","properties":{"OBJECTID":3126,"TYPE":"END","RAMP_TYPE":"OFF-RAMP","TERMINAL_SIDE":"END"},"geometry":{"type":"Point","coordinates":[-77.90906188002253,38.16814719021743]}},{"type":"Feature","properties":{"OBJECTID":3132,"TYPE":"END","RAMP_TYPE":"OFF-RAMP","TERMINAL_SIDE":"END"},"geometry":{"type":"Point","coordinates":[-78.67057437625492,38.067592750082866]}},{"type":"Feature","properties":{"OBJECTID":3137,"TYPE":"END","RAMP_TYPE":"OFF-RAMP","TERMINAL_SIDE":"END"},"geometry":{"type":"Point","coordinates":[-79.30045865930474,37.87135592859958]}},{"type":"Feature","properties":{"OBJECTID":3138,"TYPE":"END","RAMP_TYPE":"OFF-RAMP","TERMINAL_SIDE":"END"},"geometry":{"type":"Point","coordinates":[-77.87125083969138,38.185039708564716]}},{"type":"Feature","properties":{"OBJECTID":3140,"TYPE":"END","RAMP_TYPE":"OFF-RAMP","TERMINAL_SIDE":"END"},"geometry":{"type":"Point","coordinates":[-79.31220319602049,37.86491957131066]}},{"type":"Feature","properties":{"OBJECTID":3141,"TYPE":"END","RAMP_TYPE":"OFF-RAMP","TERMINAL_SIDE":"END"},"geometry":{"type":"Point","coordinates":[-77.87211352994842,38.233039147371734]}},{"type":"Feature","properties":{"OBJECTID":3149,"TYPE":"END","RAMP_TYPE":"OFF-RAMP","TERMINAL_SIDE":"END"},"geometry":{"type":"Point","coordinates":[-78.0234997896455,37.91995794497663]}},{"type":"Feature","properties":{"OBJECTID":3150,"TYPE":"END","RAMP_TYPE":"OFF-RAMP","TERMINAL_SIDE":"END"},"geometry":{"type":"Point","coordinates":[-78.72759194770555,38.042998715405375]}},{"type":"Feature","properties":{"OBJECTID":3151,"TYPE":"END","RAMP_TYPE":"OFF-RAMP","TERMINAL_SIDE":"END"},"geometry":{"type":"Point","coordinates":[-77.48539989065762,37.945075533828366]}},{"type":"Feature","properties":{"OBJECTID":3153,"TYPE":"END","RAMP_TYPE":"OFF-RAMP","TERMINAL_SIDE":"END"},"geometry":{"type":"Point","coordinates":[-78.99972731568718,37.983872953262846]}},{"type":"Feature","properties":{"OBJECTID":3154,"TYPE":"END","RAMP_TYPE":"OFF-RAMP","TERMINAL_SIDE":"END"},"geometry":{"type":"Point","coordinates":[-77.87413768438778,38.206785299669924]}},{"type":"Feature","properties":{"OBJECTID":3170,"TYPE":"END","RAMP_TYPE":"OFF-RAMP","TERMINAL_SIDE":"END"},"geometry":{"type":"Point","coordinates":[-78.72698061209034,38.04296856966506]}},{"type":"Feature","properties":{"OBJECTID":3174,"TYPE":"END","RAMP_TYPE":"OFF-RAMP","TERMINAL_SIDE":"END"},"geometry":{"type":"Point","coordinates":[-77.51197959021276,37.92938278697451]}},{"type":"Feature","properties":{"OBJECTID":3175,"TYPE":"END","RAMP_TYPE":"OFF-RAMP","TERMINAL_SIDE":"END"},"geometry":{"type":"Point","coordinates":[-78.08839936299348,38.63894875968338]}},{"type":"Feature","properties":{"OBJECTID":3177,"TYPE":"END","RAMP_TYPE":"OFF-RAMP","TERMINAL_SIDE":"END"},"geometry":{"type":"Point","coordinates":[-77.50519485747715,37.915819770823475]}},{"type":"Feature","properties":{"OBJECTID":3181,"TYPE":"END","RAMP_TYPE":"OFF-RAMP","TERMINAL_SIDE":"END"},"geometry":{"type":"Point","coordinates":[-77.42418280702843,37.93538494571116]}},{"type":"Feature","properties":{"OBJECTID":3183,"TYPE":"END","RAMP_TYPE":"OFF-RAMP","TERMINAL_SIDE":"END"},"geometry":{"type":"Point","coordinates":[-77.88732056561989,37.89346430737614]}},{"type":"Feature","properties":{"OBJECTID":3185,"TYPE":"END","RAMP_TYPE":"OFF-RAMP","TERMINAL_SIDE":"END"},"geometry":{"type":"Point","coordinates":[-77.9466127168688,37.967350182694275]}},{"type":"Feature","properties":{"OBJECTID":3187,"TYPE":"END","RAMP_TYPE":"OFF-RAMP","TERMINAL_SIDE":"END"},"geometry":{"type":"Point","coordinates":[-77.94596488504484,37.9668706789746]}},{"type":"Feature","properties":{"OBJECTID":3190,"TYPE":"END","RAMP_TYPE":"OFF-RAMP","TERMINAL_SIDE":"END"},"geometry":{"type":"Point","coordinates":[-77.57521341651974,38.01472943590945]}},{"type":"Feature","properties":{"OBJECTID":3193,"TYPE":"END","RAMP_TYPE":"OFF-RAMP","TERMINAL_SIDE":"END"},"geometry":{"type":"Point","coordinates":[-78.64087823265025,38.081881585684854]}},{"type":"Feature","properties":{"OBJECTID":3203,"TYPE":"END","RAMP_TYPE":"OFF-RAMP","TERMINAL_SIDE":"END"},"geometry":{"type":"Point","coordinates":[-77.6576719190392,38.095821047287735]}},{"type":"Feature","properties":{"OBJECTID":3211,"TYPE":"END","RAMP_TYPE":"OFF-RAMP","TERMINAL_SIDE":"END"},"geometry":{"type":"Point","coordinates":[-77.87282669883457,38.035441217523456]}},{"type":"Feature","properties":{"OBJECTID":3212,"TYPE":"END","RAMP_TYPE":"OFF-RAMP","TERMINAL_SIDE":"END"},"geometry":{"type":"Point","coordinates":[-78.00992574901845,37.92608023246577]}},{"type":"Feature","properties":{"OBJECTID":3220,"TYPE":"END","RAMP_TYPE":"OFF-RAMP","TERMINAL_SIDE":"END"},"geometry":{"type":"Point","coordinates":[-77.8737204480259,38.20681797076711]}},{"type":"Feature","properties":{"OBJECTID":3224,"TYPE":"END","RAMP_TYPE":"OFF-RAMP","TERMINAL_SIDE":"END"},"geometry":{"type":"Point","coordinates":[-78.46916013110227,38.212350581746406]}},{"type":"Feature","properties":{"OBJECTID":3225,"TYPE":"END","RAMP_TYPE":"OFF-RAMP","TERMINAL_SIDE":"END"},"geometry":{"type":"Point","coordinates":[-77.76237799608118,38.552975605661764]}},{"type":"Feature","properties":{"OBJECTID":3228,"TYPE":"END","RAMP_TYPE":"OFF-RAMP","TERMINAL_SIDE":"END"},"geometry":{"type":"Point","coordinates":[-77.8097261259938,38.544646017200996]}},{"type":"Feature","properties":{"OBJECTID":3231,"TYPE":"END","RAMP_TYPE":"OFF-RAMP","TERMINAL_SIDE":"END"},"geometry":{"type":"Point","coordinates":[-78.34414268525946,38.3014594259938]}},{"type":"Feature","properties":{"OBJECTID":3234,"TYPE":"END","RAMP_TYPE":"OFF-RAMP","TERMINAL_SIDE":"END"},"geometry":{"type":"Point","coordinates":[-77.87782940194994,38.260997538304714]}},{"type":"Feature","properties":{"OBJECTID":3236,"TYPE":"END","RAMP_TYPE":"OFF-RAMP","TERMINAL_SIDE":"END"},"geometry":{"type":"Point","coordinates":[-77.8082734624029,38.55119629546728]}},{"type":"Feature","properties":{"OBJECTID":3237,"TYPE":"END","RAMP_TYPE":"OFF-RAMP","TERMINAL_SIDE":"END"},"geometry":{"type":"Point","coordinates":[-79.09780641473654,37.93283419765819]}},{"type":"Feature","properties":{"OBJECTID":3239,"TYPE":"END","RAMP_TYPE":"OFF-RAMP","TERMINAL_SIDE":"END"},"geometry":{"type":"Point","coordinates":[-77.50226517653685,37.91228123553521]}},{"type":"Feature","properties":{"OBJECTID":3244,"TYPE":"END","RAMP_TYPE":"OFF-RAMP","TERMINAL_SIDE":"END"},"geometry":{"type":"Point","coordinates":[-78.5760773836303,38.12402831343696]}},{"type":"Feature","properties":{"OBJECTID":3249,"TYPE":"END","RAMP_TYPE":"OFF-RAMP","TERMINAL_SIDE":"END"},"geometry":{"type":"Point","coordinates":[-78.00461612344189,38.54067932195011]}},{"type":"Feature","properties":{"OBJECTID":3251,"TYPE":"END","RAMP_TYPE":"OFF-RAMP","TERMINAL_SIDE":"END"},"geometry":{"type":"Point","coordinates":[-77.8967770016369,37.884582219798936]}},{"type":"Feature","properties":{"OBJECTID":3252,"TYPE":"END","RAMP_TYPE":"OFF-RAMP","TERMINAL_SIDE":"END"},"geometry":{"type":"Point","coordinates":[-78.32569698233456,38.38540192093169]}},{"type":"Feature","properties":{"OBJECTID":3258,"TYPE":"END","RAMP_TYPE":"OFF-RAMP","TERMINAL_SIDE":"END"},"geometry":{"type":"Point","coordinates":[-78.58005187215635,38.22532658751541]}},{"type":"Feature","properties":{"OBJECTID":3261,"TYPE":"END","RAMP_TYPE":"OFF-RAMP","TERMINAL_SIDE":"END"},"geometry":{"type":"Point","coordinates":[-78.68507977356309,38.06159740870454]}},{"type":"Feature","properties":{"OBJECTID":3262,"TYPE":"END","RAMP_TYPE":"OFF-RAMP","TERMINAL_SIDE":"END"},"geometry":{"type":"Point","coordinates":[-77.49767872240488,37.95298515610642]}},{"type":"Feature","properties":{"OBJECTID":3265,"TYPE":"END","RAMP_TYPE":"OFF-RAMP","TERMINAL_SIDE":"END"},"geometry":{"type":"Point","coordinates":[-77.78747937480394,38.527875395320194]}},{"type":"Feature","properties":{"OBJECTID":3267,"TYPE":"END","RAMP_TYPE":"OFF-RAMP","TERMINAL_SIDE":"END"},"geometry":{"type":"Point","coordinates":[-78.12723866703455,38.590556343219916]}},{"type":"Feature","properties":{"OBJECTID":3285,"TYPE":"END","RAMP_TYPE":"OFF-RAMP","TERMINAL_SIDE":"END"},"geometry":{"type":"Point","coordinates":[-77.75751012444942,38.13071705653385]}},{"type":"Feature","properties":{"OBJECTID":3289,"TYPE":"END","RAMP_TYPE":"OFF-RAMP","TERMINAL_SIDE":"END"},"geometry":{"type":"Point","coordinates":[-77.87999977288442,38.39465189396399]}},{"type":"Feature","properties":{"OBJECTID":3295,"TYPE":"END","RAMP_TYPE":"OFF-RAMP","TERMINAL_SIDE":"END"},"geometry":{"type":"Point","coordinates":[-78.91746124231459,37.962488153189824]}},{"type":"Feature","properties":{"OBJECTID":3300,"TYPE":"END","RAMP_TYPE":"OFF-RAMP","TERMINAL_SIDE":"END"},"geometry":{"type":"Point","coordinates":[-77.49767252146043,37.952176052037615]}},{"type":"Feature","properties":{"OBJECTID":3305,"TYPE":"END","RAMP_TYPE":"OFF-RAMP","TERMINAL_SIDE":"END"},"geometry":{"type":"Point","coordinates":[-78.15556751941195,38.5861238660962]}},{"type":"Feature","properties":{"OBJECTID":3311,"TYPE":"END","RAMP_TYPE":"OFF-RAMP","TERMINAL_SIDE":"END"},"geometry":{"type":"Point","coordinates":[-77.77756004379262,38.55164318537433]}},{"type":"Feature","properties":{"OBJECTID":3314,"TYPE":"END","RAMP_TYPE":"OFF-RAMP","TERMINAL_SIDE":"END"},"geometry":{"type":"Point","coordinates":[-79.07839320666119,37.94040465644169]}},{"type":"Feature","properties":{"OBJECTID":3316,"TYPE":"END","RAMP_TYPE":"OFF-RAMP","TERMINAL_SIDE":"END"},"geometry":{"type":"Point","coordinates":[-77.85313250552356,38.070132048128656]}},{"type":"Feature","properties":{"OBJECTID":3321,"TYPE":"END","RAMP_TYPE":"OFF-RAMP","TERMINAL_SIDE":"END"},"geometry":{"type":"Point","coordinates":[-77.84399232166547,38.447939787433654]}},{"type":"Feature","properties":{"OBJECTID":3323,"TYPE":"END","RAMP_TYPE":"OFF-RAMP","TERMINAL_SIDE":"END"},"geometry":{"type":"Point","coordinates":[-77.54952247188626,37.91397425507164]}},{"type":"Feature","properties":{"OBJECTID":3328,"TYPE":"END","RAMP_TYPE":"OFF-RAMP","TERMINAL_SIDE":"END"},"geometry":{"type":"Point","coordinates":[-78.17312461506013,38.283724851513064]}},{"type":"Feature","properties":{"OBJECTID":3330,"TYPE":"END","RAMP_TYPE":"OFF-RAMP","TERMINAL_SIDE":"END"},"geometry":{"type":"Point","coordinates":[-77.78330280888632,38.52985497264848]}},{"type":"Feature","properties":{"OBJECTID":3332,"TYPE":"END","RAMP_TYPE":"OFF-RAMP","TERMINAL_SIDE":"END"},"geometry":{"type":"Point","coordinates":[-77.85222601554163,38.43950536665754]}},{"type":"Feature","properties":{"OBJECTID":3333,"TYPE":"END","RAMP_TYPE":"OFF-RAMP","TERMINAL_SIDE":"END"},"geometry":{"type":"Point","coordinates":[-77.84792425677,38.04158211337473]}},{"type":"Feature","properties":{"OBJECTID":3335,"TYPE":"END","RAMP_TYPE":"OFF-RAMP","TERMINAL_SIDE":"END"},"geometry":{"type":"Point","coordinates":[-77.93787171405815,38.182966134871286]}},{"type":"Feature","properties":{"OBJECTID":3338,"TYPE":"END","RAMP_TYPE":"OFF-RAMP","TERMINAL_SIDE":"END"},"geometry":{"type":"Point","coordinates":[-79.20576820484887,37.906421601512214]}},{"type":"Feature","properties":{"OBJECTID":3347,"TYPE":"END","RAMP_TYPE":"OFF-RAMP","TERMINAL_SIDE":"END"},"geometry":{"type":"Point","coordinates":[-77.52108721885473,37.987803466491116]}},{"type":"Feature","properties":{"OBJECTID":3358,"TYPE":"END","RAMP_TYPE":"OFF-RAMP","TERMINAL_SIDE":"END"},"geometry":{"type":"Point","coordinates":[-78.35881465667677,38.31594133630817]}},{"type":"Feature","properties":{"OBJECTID":3360,"TYPE":"END","RAMP_TYPE":"OFF-RAMP","TERMINAL_SIDE":"END"},"geometry":{"type":"Point","coordinates":[-77.50086659258105,37.933875488108995]}},{"type":"Feature","properties":{"OBJECTID":3361,"TYPE":"END","RAMP_TYPE":"OFF-RAMP","TERMINAL_SIDE":"END"},"geometry":{"type":"Point","coordinates":[-77.85077835821582,38.044101036165415]}},{"type":"Feature","properties":{"OBJECTID":3362,"TYPE":"END","RAMP_TYPE":"OFF-RAMP","TERMINAL_SIDE":"END"},"geometry":{"type":"Point","coordinates":[-77.51242657516468,37.9284560355702]}},{"type":"Feature","properties":{"OBJECTID":3365,"TYPE":"END","RAMP_TYPE":"OFF-RAMP","TERMINAL_SIDE":"END"},"geometry":{"type":"Point","coordinates":[-77.87213226521826,38.03609481991513]}},{"type":"Feature","properties":{"OBJECTID":3366,"TYPE":"END","RAMP_TYPE":"OFF-RAMP","TERMINAL_SIDE":"END"},"geometry":{"type":"Point","coordinates":[-77.87131130459392,38.19498911544961]}},{"type":"Feature","properties":{"OBJECTID":3375,"TYPE":"END","RAMP_TYPE":"OFF-RAMP","TERMINAL_SIDE":"END"},"geometry":{"type":"Point","coordinates":[-77.92258954703951,37.98549426827898]}},{"type":"Feature","properties":{"OBJECTID":3376,"TYPE":"END","RAMP_TYPE":"OFF-RAMP","TERMINAL_SIDE":"END"},"geometry":{"type":"Point","coordinates":[-77.82542098003677,38.48072542055964]}},{"type":"Feature","properties":{"OBJECTID":3380,"TYPE":"END","RAMP_TYPE":"OFF-RAMP","TERMINAL_SIDE":"END"},"geometry":{"type":"Point","coordinates":[-78.98411426085076,37.9634789780579]}},{"type":"Feature","properties":{"OBJECTID":3390,"TYPE":"END","RAMP_TYPE":"OFF-RAMP","TERMINAL_SIDE":"END"},"geometry":{"type":"Point","coordinates":[-77.8488953933437,37.969274517275515]}},{"type":"Feature","properties":{"OBJECTID":3394,"TYPE":"END","RAMP_TYPE":"OFF-RAMP","TERMINAL_SIDE":"END"},"geometry":{"type":"Point","coordinates":[-77.86299208772904,38.42195447656667]}},{"type":"Feature","properties":{"OBJECTID":3409,"TYPE":"END","RAMP_TYPE":"OFF-RAMP","TERMINAL_SIDE":"END"},"geometry":{"type":"Point","coordinates":[-79.31219459808521,37.86517945611515]}},{"type":"Feature","properties":{"OBJECTID":3411,"TYPE":"END","RAMP_TYPE":"OFF-RAMP","TERMINAL_SIDE":"END"},"geometry":{"type":"Point","coordinates":[-78.64485364795217,38.066259762680254]}},{"type":"Feature","properties":{"OBJECTID":3414,"TYPE":"END","RAMP_TYPE":"OFF-RAMP","TERMINAL_SIDE":"END"},"geometry":{"type":"Point","coordinates":[-79.04797734139095,37.94854628199302]}},{"type":"Feature","properties":{"OBJECTID":3422,"TYPE":"END","RAMP_TYPE":"OFF-RAMP","TERMINAL_SIDE":"END"},"geometry":{"type":"Point","coordinates":[-78.05003650688387,38.2432053357799]}},{"type":"Feature","properties":{"OBJECTID":3426,"TYPE":"END","RAMP_TYPE":"OFF-RAMP","TERMINAL_SIDE":"END"},"geometry":{"type":"Point","coordinates":[-77.82374172874924,38.4803900762249]}},{"type":"Feature","properties":{"OBJECTID":3433,"TYPE":"END","RAMP_TYPE":"OFF-RAMP","TERMINAL_SIDE":"END"},"geometry":{"type":"Point","coordinates":[-78.87492815765255,37.87328510285308]}},{"type":"Feature","properties":{"OBJECTID":3437,"TYPE":"END","RAMP_TYPE":"OFF-RAMP","TERMINAL_SIDE":"END"},"geometry":{"type":"Point","coordinates":[-77.80908167102474,38.54947447762929]}},{"type":"Feature","properties":{"OBJECTID":3444,"TYPE":"END","RAMP_TYPE":"OFF-RAMP","TERMINAL_SIDE":"END"},"geometry":{"type":"Point","coordinates":[-79.00441583465206,38.027587126791744]}},{"type":"Feature","properties":{"OBJECTID":3448,"TYPE":"END","RAMP_TYPE":"OFF-RAMP","TERMINAL_SIDE":"END"},"geometry":{"type":"Point","coordinates":[-78.24403608404674,38.4914689386212]}},{"type":"Feature","properties":{"OBJECTID":3463,"TYPE":"END","RAMP_TYPE":"OFF-RAMP","TERMINAL_SIDE":"END"},"geometry":{"type":"Point","coordinates":[-77.97340847549407,38.190364177673096]}},{"type":"Feature","properties":{"OBJECTID":3467,"TYPE":"END","RAMP_TYPE":"OFF-RAMP","TERMINAL_SIDE":"END"},"geometry":{"type":"Point","coordinates":[-78.19660924704237,38.279755678560946]}},{"type":"Feature","properties":{"OBJECTID":3468,"TYPE":"END","RAMP_TYPE":"OFF-RAMP","TERMINAL_SIDE":"END"},"geometry":{"type":"Point","coordinates":[-77.54390960601826,37.98163647761069]}},{"type":"Feature","properties":{"OBJECTID":3471,"TYPE":"END","RAMP_TYPE":"OFF-RAMP","TERMINAL_SIDE":"END"},"geometry":{"type":"Point","coordinates":[-78.64085659987862,38.08150515397688]}},{"type":"Feature","properties":{"OBJECTID":3474,"TYPE":"END","RAMP_TYPE":"OFF-RAMP","TERMINAL_SIDE":"END"},"geometry":{"type":"Point","coordinates":[-79.04788855448928,37.94888388552748]}},{"type":"Feature","properties":{"OBJECTID":3477,"TYPE":"END","RAMP_TYPE":"OFF-RAMP","TERMINAL_SIDE":"END"},"geometry":{"type":"Point","coordinates":[-77.87424799267606,38.1509041270512]}},{"type":"Feature","properties":{"OBJECTID":3484,"TYPE":"END","RAMP_TYPE":"OFF-RAMP","TERMINAL_SIDE":"END"},"geometry":{"type":"Point","coordinates":[-77.89593710070844,37.88427442649809]}},{"type":"Feature","properties":{"OBJECTID":3491,"TYPE":"END","RAMP_TYPE":"OFF-RAMP","TERMINAL_SIDE":"END"},"geometry":{"type":"Point","coordinates":[-77.85503407904966,38.08350300674326]}},{"type":"Feature","properties":{"OBJECTID":3504,"TYPE":"END","RAMP_TYPE":"OFF-RAMP","TERMINAL_SIDE":"END"},"geometry":{"type":"Point","coordinates":[-77.49591961464098,37.93413915551601]}},{"type":"Feature","properties":{"OBJECTID":3508,"TYPE":"END","RAMP_TYPE":"OFF-RAMP","TERMINAL_SIDE":"END"},"geometry":{"type":"Point","coordinates":[-77.80735560216526,38.56546560795743]}},{"type":"Feature","properties":{"OBJECTID":3509,"TYPE":"END","RAMP_TYPE":"OFF-RAMP","TERMINAL_SIDE":"END"},"geometry":{"type":"Point","coordinates":[-77.4783694960603,37.94367504439524]}},{"type":"Feature","properties":{"OBJECTID":3514,"TYPE":"END","RAMP_TYPE":"OFF-RAMP","TERMINAL_SIDE":"END"},"geometry":{"type":"Point","coordinates":[-78.98325955728741,37.963805161117335]}},{"type":"Feature","properties":{"OBJECTID":3554,"TYPE":"END","RAMP_TYPE":"OFF-RAMP","TERMINAL_SIDE":"END"},"geometry":{"type":"Point","coordinates":[-77.55015480327931,37.94457831154034]}},{"type":"Feature","properties":{"OBJECTID":3600,"TYPE":"END","RAMP_TYPE":"OFF-RAMP","TERMINAL_SIDE":"END"},"geometry":{"type":"Point","coordinates":[-78.39006771298946,38.283463497783856]}},{"type":"Feature","properties":{"OBJECTID":3649,"TYPE":"END","RAMP_TYPE":"OFF-RAMP","TERMINAL_SIDE":"END"},"geometry":{"type":"Point","coordinates":[-77.75613610088524,38.54679618271756]}},{"type":"Feature","properties":{"OBJECTID":3652,"TYPE":"END","RAMP_TYPE":"OFF-RAMP","TERMINAL_SIDE":"END"},"geometry":{"type":"Point","coordinates":[-77.80826548269967,38.54102880117881]}},{"type":"Feature","properties":{"OBJECTID":3739,"TYPE":"END","RAMP_TYPE":"OFF-RAMP","TERMINAL_SIDE":"END"},"geometry":{"type":"Point","coordinates":[-78.99896389119193,38.05454686457105]}},{"type":"Feature","properties":{"OBJECTID":3763,"TYPE":"END","RAMP_TYPE":"OFF-RAMP","TERMINAL_SIDE":"END"},"geometry":{"type":"Point","coordinates":[-78.15602823014186,38.58527084680916]}},{"type":"Feature","properties":{"OBJECTID":3773,"TYPE":"END","RAMP_TYPE":"OFF-RAMP","TERMINAL_SIDE":"END"},"geometry":{"type":"Point","coordinates":[-78.22585367437372,38.52377738127106]}},{"type":"Feature","properties":{"OBJECTID":3790,"TYPE":"END","RAMP_TYPE":"OFF-RAMP","TERMINAL_SIDE":"END"},"geometry":{"type":"Point","coordinates":[-77.88971165649774,38.35203785346978]}},{"type":"Feature","properties":{"OBJECTID":3795,"TYPE":"END","RAMP_TYPE":"OFF-RAMP","TERMINAL_SIDE":"END"},"geometry":{"type":"Point","coordinates":[-78.64621124235059,38.065559030359054]}},{"type":"Feature","properties":{"OBJECTID":3800,"TYPE":"END","RAMP_TYPE":"OFF-RAMP","TERMINAL_SIDE":"END"},"geometry":{"type":"Point","coordinates":[-78.6434977192354,38.20758224398732]}},{"type":"Feature","properties":{"OBJECTID":3826,"TYPE":"END","RAMP_TYPE":"OFF-RAMP","TERMINAL_SIDE":"END"},"geometry":{"type":"Point","coordinates":[-77.5235236036386,37.90785659940679]}},{"type":"Feature","properties":{"OBJECTID":3844,"TYPE":"END","RAMP_TYPE":"OFF-RAMP","TERMINAL_SIDE":"END"},"geometry":{"type":"Point","coordinates":[-78.22517085253712,38.28743735968369]}},{"type":"Feature","properties":{"OBJECTID":3850,"TYPE":"END","RAMP_TYPE":"OFF-RAMP","TERMINAL_SIDE":"END"},"geometry":{"type":"Point","coordinates":[-78.01863006117446,38.5523542042582]}},{"type":"Feature","properties":{"OBJECTID":3931,"TYPE":"END","RAMP_TYPE":"OFF-RAMP","TERMINAL_SIDE":"END"},"geometry":{"type":"Point","coordinates":[-77.79554124610678,38.51638051950819]}},{"type":"Feature","properties":{"OBJECTID":3932,"TYPE":"END","RAMP_TYPE":"OFF-RAMP","TERMINAL_SIDE":"END"},"geometry":{"type":"Point","coordinates":[-77.86259714688536,38.42178128930167]}},{"type":"Feature","properties":{"OBJECTID":3950,"TYPE":"END","RAMP_TYPE":"OFF-RAMP","TERMINAL_SIDE":"END"},"geometry":{"type":"Point","coordinates":[-78.62484337096784,38.090661792412384]}},{"type":"Feature","properties":{"OBJECTID":3979,"TYPE":"END","RAMP_TYPE":"OFF-RAMP","TERMINAL_SIDE":"END"},"geometry":{"type":"Point","coordinates":[-78.4345745093085,38.24159571739501]}},{"type":"Feature","properties":{"OBJECTID":3984,"TYPE":"END","RAMP_TYPE":"OFF-RAMP","TERMINAL_SIDE":"END"},"geometry":{"type":"Point","coordinates":[-77.88151870522447,38.14594413225713]}},{"type":"Feature","properties":{"OBJECTID":4015,"TYPE":"END","RAMP_TYPE":"OFF-RAMP","TERMINAL_SIDE":"END"},"geometry":{"type":"Point","coordinates":[-77.80778711109915,38.55825841862759]}},{"type":"Feature","properties":{"OBJECTID":4031,"TYPE":"END","RAMP_TYPE":"OFF-RAMP","TERMINAL_SIDE":"END"},"geometry":{"type":"Point","coordinates":[-78.93684949598223,37.956979149565775]}},{"type":"Feature","properties":{"OBJECTID":4038,"TYPE":"END","RAMP_TYPE":"OFF-RAMP","TERMINAL_SIDE":"END"},"geometry":{"type":"Point","coordinates":[-77.55164474235598,37.92068274629753]}},{"type":"Feature","properties":{"OBJECTID":4052,"TYPE":"END","RAMP_TYPE":"OFF-RAMP","TERMINAL_SIDE":"END"},"geometry":{"type":"Point","coordinates":[-77.49030120769565,37.947972696883724]}},{"type":"Feature","properties":{"OBJECTID":4055,"TYPE":"END","RAMP_TYPE":"OFF-RAMP","TERMINAL_SIDE":"END"},"geometry":{"type":"Point","coordinates":[-77.87481328209523,38.20658869349435]}},{"type":"Feature","properties":{"OBJECTID":4149,"TYPE":"END","RAMP_TYPE":"OFF-RAMP","TERMINAL_SIDE":"END"},"geometry":{"type":"Point","coordinates":[-78.70839698541843,38.050154451043355]}},{"type":"Feature","properties":{"OBJECTID":4214,"TYPE":"END","RAMP_TYPE":"OFF-RAMP","TERMINAL_SIDE":"END"},"geometry":{"type":"Point","coordinates":[-78.6039729489544,38.11064490721544]}},{"type":"Feature","properties":{"OBJECTID":4238,"TYPE":"END","RAMP_TYPE":"OFF-RAMP","TERMINAL_SIDE":"END"},"geometry":{"type":"Point","coordinates":[-77.75721861224733,38.54458329777221]}},{"type":"Feature","properties":{"OBJECTID":4244,"TYPE":"END","RAMP_TYPE":"OFF-RAMP","TERMINAL_SIDE":"END"},"geometry":{"type":"Point","coordinates":[-77.843481681625,38.44767352449998]}},{"type":"Feature","properties":{"OBJECTID":4250,"TYPE":"END","RAMP_TYPE":"OFF-RAMP","TERMINAL_SIDE":"END"},"geometry":{"type":"Point","coordinates":[-78.43401072693405,38.241146763368796]}},{"type":"Feature","properties":{"OBJECTID":4254,"TYPE":"END","RAMP_TYPE":"OFF-RAMP","TERMINAL_SIDE":"END"},"geometry":{"type":"Point","coordinates":[-77.90882602057864,38.16858994616194]}},{"type":"Feature","properties":{"OBJECTID":4266,"TYPE":"END","RAMP_TYPE":"OFF-RAMP","TERMINAL_SIDE":"END"},"geometry":{"type":"Point","coordinates":[-78.07515469265273,38.5572278707057]}},{"type":"Feature","properties":{"OBJECTID":4270,"TYPE":"END","RAMP_TYPE":"OFF-RAMP","TERMINAL_SIDE":"END"},"geometry":{"type":"Point","coordinates":[-77.93589418417774,38.52825678416523]}},{"type":"Feature","properties":{"OBJECTID":4273,"TYPE":"END","RAMP_TYPE":"OFF-RAMP","TERMINAL_SIDE":"END"},"geometry":{"type":"Point","coordinates":[-77.78257631738879,38.52945925241266]}},{"type":"Feature","properties":{"OBJECTID":4275,"TYPE":"END","RAMP_TYPE":"OFF-RAMP","TERMINAL_SIDE":"END"},"geometry":{"type":"Point","coordinates":[-79.26615299974564,37.885357529795286]}},{"type":"Feature","properties":{"OBJECTID":4278,"TYPE":"END","RAMP_TYPE":"OFF-RAMP","TERMINAL_SIDE":"END"},"geometry":{"type":"Point","coordinates":[-77.87025785425062,38.195560617898906]}},{"type":"Feature","properties":{"OBJECTID":4295,"TYPE":"END","RAMP_TYPE":"OFF-RAMP","TERMINAL_SIDE":"END"},"geometry":{"type":"Point","coordinates":[-77.51027427896781,37.97052332459721]}},{"type":"Feature","properties":{"OBJECTID":4302,"TYPE":"END","RAMP_TYPE":"OFF-RAMP","TERMINAL_SIDE":"END"},"geometry":{"type":"Point","coordinates":[-79.07842362395105,37.940951340559856]}},{"type":"Feature","properties":{"OBJECTID":4323,"TYPE":"END","RAMP_TYPE":"OFF-RAMP","TERMINAL_SIDE":"END"},"geometry":{"type":"Point","coordinates":[-77.8069299439023,38.5281218981296]}},{"type":"Feature","properties":{"OBJECTID":4324,"TYPE":"END","RAMP_TYPE":"OFF-RAMP","TERMINAL_SIDE":"END"},"geometry":{"type":"Point","coordinates":[-77.49030120769565,37.947972696883724]}},{"type":"Feature","properties":{"OBJECTID":4335,"TYPE":"END","RAMP_TYPE":"OFF-RAMP","TERMINAL_SIDE":"END"},"geometry":{"type":"Point","coordinates":[-79.32206569068212,37.86415469170617]}},{"type":"Feature","properties":{"OBJECTID":4340,"TYPE":"END","RAMP_TYPE":"OFF-RAMP","TERMINAL_SIDE":"END"},"geometry":{"type":"Point","coordinates":[-77.75715451961875,38.54634316994402]}},{"type":"Feature","properties":{"OBJECTID":4347,"TYPE":"END","RAMP_TYPE":"OFF-RAMP","TERMINAL_SIDE":"END"},"geometry":{"type":"Point","coordinates":[-77.88224761326566,38.144574276552255]}},{"type":"Feature","properties":{"OBJECTID":4353,"TYPE":"END","RAMP_TYPE":"OFF-RAMP","TERMINAL_SIDE":"END"},"geometry":{"type":"Point","coordinates":[-77.93517022245571,38.528678370396165]}},{"type":"Feature","properties":{"OBJECTID":4355,"TYPE":"END","RAMP_TYPE":"OFF-RAMP","TERMINAL_SIDE":"END"},"geometry":{"type":"Point","coordinates":[-77.80712428749275,38.557843073095285]}},{"type":"Feature","properties":{"OBJECTID":4361,"TYPE":"END","RAMP_TYPE":"OFF-RAMP","TERMINAL_SIDE":"END"},"geometry":{"type":"Point","coordinates":[-78.0711595216196,37.88613524194422]}},{"type":"Feature","properties":{"OBJECTID":4379,"TYPE":"END","RAMP_TYPE":"OFF-RAMP","TERMINAL_SIDE":"END"},"geometry":{"type":"Point","coordinates":[-77.86333619700893,38.42026100923309]}},{"type":"Feature","properties":{"OBJECTID":4394,"TYPE":"END","RAMP_TYPE":"OFF-RAMP","TERMINAL_SIDE":"END"},"geometry":{"type":"Point","coordinates":[-77.83977654720286,38.00084871386379]}},{"type":"Feature","properties":{"OBJECTID":4398,"TYPE":"END","RAMP_TYPE":"OFF-RAMP","TERMINAL_SIDE":"END"},"geometry":{"type":"Point","coordinates":[-78.99017823974488,38.03966700100057]}},{"type":"Feature","properties":{"OBJECTID":4427,"TYPE":"END","RAMP_TYPE":"OFF-RAMP","TERMINAL_SIDE":"END"},"geometry":{"type":"Point","coordinates":[-77.93512378988514,38.528685181866784]}},{"type":"Feature","properties":{"OBJECTID":4445,"TYPE":"END","RAMP_TYPE":"OFF-RAMP","TERMINAL_SIDE":"END"},"geometry":{"type":"Point","coordinates":[-77.5203737303707,37.926249739932665]}},{"type":"Feature","properties":{"OBJECTID":4452,"TYPE":"END","RAMP_TYPE":"OFF-RAMP","TERMINAL_SIDE":"END"},"geometry":{"type":"Point","coordinates":[-77.54474225498619,37.99681498087748]}},{"type":"Feature","properties":{"OBJECTID":4464,"TYPE":"END","RAMP_TYPE":"OFF-RAMP","TERMINAL_SIDE":"END"},"geometry":{"type":"Point","coordinates":[-77.86815922147342,37.91551010788147]}},{"type":"Feature","properties":{"OBJECTID":4522,"TYPE":"END","RAMP_TYPE":"OFF-RAMP","TERMINAL_SIDE":"END"},"geometry":{"type":"Point","coordinates":[-78.36595707459762,38.30827835891739]}},{"type":"Feature","properties":{"OBJECTID":4525,"TYPE":"END","RAMP_TYPE":"OFF-RAMP","TERMINAL_SIDE":"END"},"geometry":{"type":"Point","coordinates":[-78.98066605468478,37.957908805859354]}},{"type":"Feature","properties":{"OBJECTID":4678,"TYPE":"END","RAMP_TYPE":"OFF-RAMP","TERMINAL_SIDE":"END"},"geometry":{"type":"Point","coordinates":[-77.84293054384143,38.45058933302701]}},{"type":"Feature","properties":{"OBJECTID":4696,"TYPE":"END","RAMP_TYPE":"OFF-RAMP","TERMINAL_SIDE":"END"},"geometry":{"type":"Point","coordinates":[-77.86072201063334,38.425248381876436]}},{"type":"Feature","properties":{"OBJECTID":4710,"TYPE":"END","RAMP_TYPE":"OFF-RAMP","TERMINAL_SIDE":"END"},"geometry":{"type":"Point","coordinates":[-77.799077961188,38.50659404752303]}},{"type":"Feature","properties":{"OBJECTID":4728,"TYPE":"END","RAMP_TYPE":"OFF-RAMP","TERMINAL_SIDE":"END"},"geometry":{"type":"Point","coordinates":[-77.49881909652872,37.90580951277875]}},{"type":"Feature","properties":{"OBJECTID":4756,"TYPE":"END","RAMP_TYPE":"OFF-RAMP","TERMINAL_SIDE":"END"},"geometry":{"type":"Point","coordinates":[-77.7963251932701,38.51563985213157]}}]}