{
"type": "FeatureCollection",
"name": "va_offramp_terminals",
"crs": { "type": "name", "properties": { "name": "urn:ogc:def:crs:EPSG::3968" } },
"features": [
{ "type": "Feature", "properties": { "OBJECTID": 4, "TYPE": "END", "RAMP_TYPE": "OFF-RAMP", "TERMINAL_SIDE": "END" }, "geometry": { "type": "Point", "coordinates": [ 273184.425610329955816, 98504.412837085255887 ] } },
{ "type": "Feature", "properties": { "OBJECTID": 12, "TYPE": "END", "RAMP_TYPE": "OFF-RAMP", "TERMINAL_SIDE": "END" }, "geometry": { "type": "Point", "coordinates": [ -208374.109871024877066, 87462.475225424364908 ] } },
{ "type": "Feature", "properties": { "OBJECTID": 14, "TYPE": "END", "RAMP_TYPE": "OFF-RAMP", "TERMINAL_SIDE": "END" }, "geometry": { "type": "Point", "coordinates": [ 245319.99669224122772, 153837.911655455885921 ] } },
{ "type": "Feature", "properties": { "OBJECTID": 16, "TYPE": "END", "RAMP_TYPE": "OFF-RAMP", "TERMINAL_SIDE": "END" }, "geometry": { "type": "Point", "coordinates": [ 288047.408820385928266, 111303.768451524490956 ] } },
{ "type": "Feature", "properties": { "OBJECTID": 17, "TYPE": "END", "RAMP_TYPE": "OFF-RAMP", "TERMINAL_SIDE": "END" }, "geometry": { "type": "Point", "coordinates": [ 276487.232628238736652, 120183.818942670855904 ] } },
{ "type": "Feature", "properties": { "OBJECTID": 19, "TYPE": "END", "RAMP_TYPE": "OFF-RAMP", "TERMINAL_SIDE": "END" }, "geometry": { "type": "Point", "coordinates": [ 52185.578744208345597, 227446.371064047096297 ] } },
{ "type": "Feature", "properties": { "OBJECTID": 22, "TYPE": "END", "RAMP_TYPE": "OFF-RAMP", "TERMINAL_SIDE": "END" }, "geometry": { "type": "Point", "coordinates": [ 205157.672916916752001, 315056.049365261394996 ] } },
{ "type": "Feature", "properties": { "OBJECTID": 23, "TYPE": "END", "RAMP_TYPE": "OFF-RAMP", "TERMINAL_SIDE": "END" }, "geometry": { "type": "Point", "coordinates": [ 286840.833697629335802, 92281.200786895220517 ] } },
{ "type": "Feature", "properties": { "OBJECTID": 25, "TYPE": "END", "RAMP_TYPE": "OFF-RAMP", "TERMINAL_SIDE": "END" }, "geometry": { "type": "Point", "coordinates": [ 201486.810438769723987, 310921.782434310705867 ] } },
{ "type": "Feature", "properties": { "OBJECTID": 26, "TYPE": "END", "RAMP_TYPE": "OFF-RAMP", "TERMINAL_SIDE": "END" }, "geometry": { "type": "Point", "coordinates": [ 198298.633581722038798, 328013.329963752883486 ] } },
{ "type": "Feature", "properties": { "OBJECTID": 37, "TYPE": "END", "RAMP_TYPE": "OFF-RAMP", "TERMINAL_SIDE": "END" }, "geometry": { "type": "Point", "coordinates": [ -14174.15581972318796, 172832.87503903414472 ] } },
{ "type": "Feature", "properties": { "OBJECTID": 40, "TYPE": "END", "RAMP_TYPE": "OFF-RAMP", "TERMINAL_SIDE": "END" }, "geometry": { "type": "Point", "coordinates": [ 185830.852033779898193, 282037.410331624909304 ] } },
{ "type": "Feature", "properties": { "OBJECTID": 42, "TYPE": "END", "RAMP_TYPE": "OFF-RAMP", "TERMINAL_SIDE": "END" }, "geometry": { "type": "Point", "coordinates": [ 71785.942970496151247, 294228.631198127870448 ] } },
{ "type": "Feature", "properties": { "OBJECTID": 45, "TYPE": "END", "RAMP_TYPE": "OFF-RAMP", "TERMINAL_SIDE": "END" }, "geometry": { "type": "Point", "coordinates": [ -208374.969293700676644, 87638.13324230904982 ] } },
{ "type": "Feature", "properties": { "OBJECTID": 48, "TYPE": "END", "RAMP_TYPE": "OFF-RAMP", "TERMINAL_SIDE": "END" }, "geometry": { "type": "Point", "coordinates": [ 284848.83466457092436, 97012.472685748201911 ] } },
{ "type": "Feature", "properties": { "OBJECTID": 55, "TYPE": "END", "RAMP_TYPE": "OFF-RAMP", "TERMINAL_SIDE": "END" }, "geometry": { "type": "Point", "coordinates": [ 175422.759341092722025, 261702.150765860249521 ] } },
{ "type": "Feature", "properties": { "OBJECTID": 59, "TYPE": "END", "RAMP_TYPE": "OFF-RAMP", "TERMINAL_SIDE": "END" }, "geometry": { "type": "Point", "coordinates": [ 174507.320724128512666, 79758.218176323309308 ] } },
{ "type": "Feature", "properties": { "OBJECTID": 64, "TYPE": "END", "RAMP_TYPE": "OFF-RAMP", "TERMINAL_SIDE": "END" }, "geometry": { "type": "Point", "coordinates": [ 190129.567874852829846, 134377.004607993003447 ] } },
{ "type": "Feature", "properties": { "OBJECTID": 73, "TYPE": "END", "RAMP_TYPE": "OFF-RAMP", "TERMINAL_SIDE": "END" }, "geometry": { "type": "Point", "coordinates": [ 281892.195260591397528, 118500.164147377072368 ] } },
{ "type": "Feature", "properties": { "OBJECTID": 86, "TYPE": "END", "RAMP_TYPE": "OFF-RAMP", "TERMINAL_SIDE": "END" }, "geometry": { "type": "Point", "coordinates": [ 291581.945804021903314, 92140.752562565568951 ] } },
{ "type": "Feature", "properties": { "OBJECTID": 88, "TYPE": "END", "RAMP_TYPE": "OFF-RAMP", "TERMINAL_SIDE": "END" }, "geometry": { "type": "Point", "coordinates": [ 184715.541585438797483, 174957.987887845665682 ] } },
{ "type": "Feature", "properties": { "OBJECTID": 97, "TYPE": "END", "RAMP_TYPE": "OFF-RAMP", "TERMINAL_SIDE": "END" }, "geometry": { "type": "Point", "coordinates": [ 197755.274777270999039, 314443.603402100852691 ] } },
{ "type": "Feature", "properties": { "OBJECTID": 103, "TYPE": "END", "RAMP_TYPE": "OFF-RAMP", "TERMINAL_SIDE": "END" }, "geometry": { "type": "Point", "coordinates": [ 143892.707490533444798, 318350.940565375029109 ] } },
{ "type": "Feature", "properties": { "OBJECTID": 107, "TYPE": "END", "RAMP_TYPE": "OFF-RAMP", "TERMINAL_SIDE": "END" }, "geometry": { "type": "Point", "coordinates": [ 181987.314017362892628, 91431.890632759852451 ] } },
{ "type": "Feature", "properties": { "OBJECTID": 109, "TYPE": "END", "RAMP_TYPE": "OFF-RAMP", "TERMINAL_SIDE": "END" }, "geometry": { "type": "Point", "coordinates": [ -35757.394233069608163, 154106.242843394953525 ] } },
{ "type": "Feature", "properties": { "OBJECTID": 117, "TYPE": "END", "RAMP_TYPE": "OFF-RAMP", "TERMINAL_SIDE": "END" }, "geometry": { "type": "Point", "coordinates": [ -217559.700411136698676, 82098.086138401980861 ] } },
{ "type": "Feature", "properties": { "OBJECTID": 120, "TYPE": "END", "RAMP_TYPE": "OFF-RAMP", "TERMINAL_SIDE": "END" }, "geometry": { "type": "Point", "coordinates": [ 261854.45108351696399, 134614.604495796142146 ] } },
{ "type": "Feature", "properties": { "OBJECTID": 132, "TYPE": "END", "RAMP_TYPE": "OFF-RAMP", "TERMINAL_SIDE": "END" }, "geometry": { "type": "Point", "coordinates": [ 151497.667631714401068, 191329.494971142761642 ] } },
{ "type": "Feature", "properties": { "OBJECTID": 141, "TYPE": "END", "RAMP_TYPE": "OFF-RAMP", "TERMINAL_SIDE": "END" }, "geometry": { "type": "Point", "coordinates": [ -194639.727611620503012, 90545.313484494530712 ] } },
{ "type": "Feature", "properties": { "OBJECTID": 145, "TYPE": "END", "RAMP_TYPE": "OFF-RAMP", "TERMINAL_SIDE": "END" }, "geometry": { "type": "Point", "coordinates": [ 185037.47061074510566, 96918.262919964094181 ] } },
{ "type": "Feature", "properties": { "OBJECTID": 148, "TYPE": "END", "RAMP_TYPE": "OFF-RAMP", "TERMINAL_SIDE": "END" }, "geometry": { "type": "Point", "coordinates": [ 200817.946389532997273, 306320.631556780659594 ] } },
{ "type": "Feature", "properties": { "OBJECTID": 151, "TYPE": "END", "RAMP_TYPE": "OFF-RAMP", "TERMINAL_SIDE": "END" }, "geometry": { "type": "Point", "coordinates": [ 291503.702062213269528, 104149.764946975061321 ] } },
{ "type": "Feature", "properties": { "OBJECTID": 159, "TYPE": "END", "RAMP_TYPE": "OFF-RAMP", "TERMINAL_SIDE": "END" }, "geometry": { "type": "Point", "coordinates": [ -227058.702459271007683, 78423.042897528823232 ] } },
{ "type": "Feature", "properties": { "OBJECTID": 169, "TYPE": "END", "RAMP_TYPE": "OFF-RAMP", "TERMINAL_SIDE": "END" }, "geometry": { "type": "Point", "coordinates": [ -111075.832224781610421, 64950.068670844259032 ] } },
{ "type": "Feature", "properties": { "OBJECTID": 170, "TYPE": "END", "RAMP_TYPE": "OFF-RAMP", "TERMINAL_SIDE": "END" }, "geometry": { "type": "Point", "coordinates": [ 167820.792697154887719, 184723.843678689241642 ] } },
{ "type": "Feature", "properties": { "OBJECTID": 172, "TYPE": "END", "RAMP_TYPE": "OFF-RAMP", "TERMINAL_SIDE": "END" }, "geometry": { "type": "Point", "coordinates": [ 186742.34094139750232, 140193.666663812036859 ] } },
{ "type": "Feature", "properties": { "OBJECTID": 173, "TYPE": "END", "RAMP_TYPE": "OFF-RAMP", "TERMINAL_SIDE": "END" }, "geometry": { "type": "Point", "coordinates": [ 162947.010501853481401, 186972.716772731917445 ] } },
{ "type": "Feature", "properties": { "OBJECTID": 175, "TYPE": "END", "RAMP_TYPE": "OFF-RAMP", "TERMINAL_SIDE": "END" }, "geometry": { "type": "Point", "coordinates": [ 281710.834553258784581, 89105.799298476005788 ] } },
{ "type": "Feature", "properties": { "OBJECTID": 185, "TYPE": "END", "RAMP_TYPE": "OFF-RAMP", "TERMINAL_SIDE": "END" }, "geometry": { "type": "Point", "coordinates": [ 189486.980332822829951, 288669.035363449074794 ] } },
{ "type": "Feature", "properties": { "OBJECTID": 188, "TYPE": "END", "RAMP_TYPE": "OFF-RAMP", "TERMINAL_SIDE": "END" }, "geometry": { "type": "Point", "coordinates": [ 273756.81544500059681, 95486.090736258032848 ] } },
{ "type": "Feature", "properties": { "OBJECTID": 189, "TYPE": "END", "RAMP_TYPE": "OFF-RAMP", "TERMINAL_SIDE": "END" }, "geometry": { "type": "Point", "coordinates": [ 180956.799314027739456, 135410.798789108695928 ] } },
{ "type": "Feature", "properties": { "OBJECTID": 195, "TYPE": "END", "RAMP_TYPE": "OFF-RAMP", "TERMINAL_SIDE": "END" }, "geometry": { "type": "Point", "coordinates": [ 212914.758770026674028, 321331.539110382436775 ] } },
{ "type": "Feature", "properties": { "OBJECTID": 200, "TYPE": "END", "RAMP_TYPE": "OFF-RAMP", "TERMINAL_SIDE": "END" }, "geometry": { "type": "Point", "coordinates": [ -244344.011751089739846, 70546.217625852528727 ] } },
{ "type": "Feature", "properties": { "OBJECTID": 201, "TYPE": "END", "RAMP_TYPE": "OFF-RAMP", "TERMINAL_SIDE": "END" }, "geometry": { "type": "Point", "coordinates": [ -224471.263562647829531, 80104.783693311546813 ] } },
{ "type": "Feature", "properties": { "OBJECTID": 207, "TYPE": "END", "RAMP_TYPE": "OFF-RAMP", "TERMINAL_SIDE": "END" }, "geometry": { "type": "Point", "coordinates": [ 294525.274723584996536, 95074.98242296121316 ] } },
{ "type": "Feature", "properties": { "OBJECTID": 217, "TYPE": "END", "RAMP_TYPE": "OFF-RAMP", "TERMINAL_SIDE": "END" }, "geometry": { "type": "Point", "coordinates": [ 261657.615258363366593, 134527.28034796094289 ] } },
{ "type": "Feature", "properties": { "OBJECTID": 218, "TYPE": "END", "RAMP_TYPE": "OFF-RAMP", "TERMINAL_SIDE": "END" }, "geometry": { "type": "Point", "coordinates": [ 80087.360123166174162, 314527.041889408079442 ] } },
{ "type": "Feature", "properties": { "OBJECTID": 222, "TYPE": "END", "RAMP_TYPE": "OFF-RAMP", "TERMINAL_SIDE": "END" }, "geometry": { "type": "Point", "coordinates": [ 187677.798014089552453, 285322.846268654800951 ] } },
{ "type": "Feature", "properties": { "OBJECTID": 238, "TYPE": "END", "RAMP_TYPE": "OFF-RAMP", "TERMINAL_SIDE": "END" }, "geometry": { "type": "Point", "coordinates": [ 175101.130968300014501, 250637.945855003024917 ] } },
{ "type": "Feature", "properties": { "OBJECTID": 239, "TYPE": "END", "RAMP_TYPE": "OFF-RAMP", "TERMINAL_SIDE": "END" }, "geometry": { "type": "Point", "coordinates": [ 292956.187071027292404, 103311.56511308629706 ] } },
{ "type": "Feature", "properties": { "OBJECTID": 240, "TYPE": "END", "RAMP_TYPE": "OFF-RAMP", "TERMINAL_SIDE": "END" }, "geometry": { "type": "Point", "coordinates": [ -102168.50549959266209, 120908.431929713842692 ] } },
{ "type": "Feature", "properties": { "OBJECTID": 243, "TYPE": "END", "RAMP_TYPE": "OFF-RAMP", "TERMINAL_SIDE": "END" }, "geometry": { "type": "Point", "coordinates": [ 162947.010501853481401, 186972.716772731917445 ] } },
{ "type": "Feature", "properties": { "OBJECTID": 248, "TYPE": "END", "RAMP_TYPE": "OFF-RAMP", "TERMINAL_SIDE": "END" }, "geometry": { "type": "Point", "coordinates": [ 295767.347441322228406, 99144.533552026361576 ] } },
{ "type": "Feature", "properties": { "OBJECTID": 251, "TYPE": "END", "RAMP_TYPE": "OFF-RAMP", "TERMINAL_SIDE": "END" }, "geometry": { "type": "Point", "coordinates": [ -188993.815353719779523, 91756.43945038075617 ] } },
{ "type": "Feature", "properties": { "OBJECTID": 253, "TYPE": "END", "RAMP_TYPE": "OFF-RAMP", "TERMINAL_SIDE": "END" }, "geometry": { "type": "Point", "coordinates": [ 23875.664825913103414, 214373.498361434147228 ] } },
{ "type": "Feature", "properties": { "OBJECTID": 254, "TYPE": "END", "RAMP_TYPE": "OFF-RAMP", "TERMINAL_SIDE": "END" }, "geometry": { "type": "Point", "coordinates": [ 175106.98323679502937, 250745.891894849628443 ] } },
{ "type": "Feature", "properties": { "OBJECTID": 255, "TYPE": "END", "RAMP_TYPE": "OFF-RAMP", "TERMINAL_SIDE": "END" }, "geometry": { "type": "Point", "coordinates": [ 279914.578272818005644, 119572.977444578442373 ] } },
{ "type": "Feature", "properties": { "OBJECTID": 258, "TYPE": "END", "RAMP_TYPE": "OFF-RAMP", "TERMINAL_SIDE": "END" }, "geometry": { "type": "Point", "coordinates": [ 275601.601415589975659, 115951.574683226892375 ] } },
{ "type": "Feature", "properties": { "OBJECTID": 261, "TYPE": "END", "RAMP_TYPE": "OFF-RAMP", "TERMINAL_SIDE": "END" }, "geometry": { "type": "Point", "coordinates": [ 180882.342820666672196, 86967.892017828955431 ] } },
{ "type": "Feature", "properties": { "OBJECTID": 266, "TYPE": "END", "RAMP_TYPE": "OFF-RAMP", "TERMINAL_SIDE": "END" }, "geometry": { "type": "Point", "coordinates": [ 287745.841328859736677, 107582.823748199341935 ] } },
{ "type": "Feature", "properties": { "OBJECTID": 271, "TYPE": "END", "RAMP_TYPE": "OFF-RAMP", "TERMINAL_SIDE": "END" }, "geometry": { "type": "Point", "coordinates": [ 89858.920781469540088, 223700.160411937249592 ] } },
{ "type": "Feature", "properties": { "OBJECTID": 272, "TYPE": "END", "RAMP_TYPE": "OFF-RAMP", "TERMINAL_SIDE": "END" }, "geometry": { "type": "Point", "coordinates": [ 11863.013274041699333, 204417.594824393483577 ] } },
{ "type": "Feature", "properties": { "OBJECTID": 276, "TYPE": "END", "RAMP_TYPE": "OFF-RAMP", "TERMINAL_SIDE": "END" }, "geometry": { "type": "Point", "coordinates": [ 249747.914382477640174, 148825.37287174348603 ] } },
{ "type": "Feature", "properties": { "OBJECTID": 286, "TYPE": "END", "RAMP_TYPE": "OFF-RAMP", "TERMINAL_SIDE": "END" }, "geometry": { "type": "Point", "coordinates": [ 288075.904921551351435, 89134.840226037544198 ] } },
{ "type": "Feature", "properties": { "OBJECTID": 292, "TYPE": "END", "RAMP_TYPE": "OFF-RAMP", "TERMINAL_SIDE": "END" }, "geometry": { "type": "Point", "coordinates": [ -95825.263917514763307, 121830.355091694247676 ] } },
{ "type": "Feature", "properties": { "OBJECTID": 298, "TYPE": "END", "RAMP_TYPE": "OFF-RAMP", "TERMINAL_SIDE": "END" }, "geometry": { "type": "Point", "coordinates": [ 213317.186520492832642, 169642.682152603840223 ] } },
{ "type": "Feature", "properties": { "OBJECTID": 301, "TYPE": "END", "RAMP_TYPE": "OFF-RAMP", "TERMINAL_SIDE": "END" }, "geometry": { "type": "Point", "coordinates": [ 297969.412855146976653, 98500.426672089321073 ] } },
{ "type": "Feature", "properties": { "OBJECTID": 303, "TYPE": "END", "RAMP_TYPE": "OFF-RAMP", "TERMINAL_SIDE": "END" }, "geometry": { "type": "Point", "coordinates": [ 148387.21682382634026, 317599.703824407653883 ] } },
{ "type": "Feature", "properties": { "OBJECTID": 305, "TYPE": "END", "RAMP_TYPE": "OFF-RAMP", "TERMINAL_SIDE": "END" }, "geometry": { "type": "Point", "coordinates": [ 115955.538814567480586, 351816.828249336220324 ] } },
{ "type": "Feature", "properties": { "OBJECTID": 310, "TYPE": "END", "RAMP_TYPE": "OFF-RAMP", "TERMINAL_SIDE": "END" }, "geometry": { "type": "Point", "coordinates": [ 175525.501669292454608, 225946.816231049975613 ] } },
{ "type": "Feature", "properties": { "OBJECTID": 315, "TYPE": "END", "RAMP_TYPE": "OFF-RAMP", "TERMINAL_SIDE": "END" }, "geometry": { "type": "Point", "coordinates": [ 113040.890482286049519, 220279.209571909741499 ] } },
{ "type": "Feature", "properties": { "OBJECTID": 318, "TYPE": "END", "RAMP_TYPE": "OFF-RAMP", "TERMINAL_SIDE": "END" }, "geometry": { "type": "Point", "coordinates": [ 268749.157000568462536, 127539.488423077084008 ] } },
{ "type": "Feature", "properties": { "OBJECTID": 324, "TYPE": "END", "RAMP_TYPE": "OFF-RAMP", "TERMINAL_SIDE": "END" }, "geometry": { "type": "Point", "coordinates": [ 274163.369953366112895, 122149.40210511215264 ] } },
{ "type": "Feature", "properties": { "OBJECTID": 326, "TYPE": "END", "RAMP_TYPE": "OFF-RAMP", "TERMINAL_SIDE": "END" }, "geometry": { "type": "Point", "coordinates": [ -111402.284277419239515, 112494.056976724488777 ] } },
{ "type": "Feature", "properties": { "OBJECTID": 337, "TYPE": "END", "RAMP_TYPE": "OFF-RAMP", "TERMINAL_SIDE": "END" }, "geometry": { "type": "Point", "coordinates": [ 212563.581002673861803, 313152.632623751822393 ] } },
{ "type": "Feature", "properties": { "OBJECTID": 340, "TYPE": "END", "RAMP_TYPE": "OFF-RAMP", "TERMINAL_SIDE": "END" }, "geometry": { "type": "Point", "coordinates": [ 293387.541643015982118, 99097.763413797438261 ] } },
{ "type": "Feature", "properties": { "OBJECTID": 348, "TYPE": "END", "RAMP_TYPE": "OFF-RAMP", "TERMINAL_SIDE": "END" }, "geometry": { "type": "Point", "coordinates": [ -41906.865297934680711, 145441.631512921099784 ] } },
{ "type": "Feature", "properties": { "OBJECTID": 354, "TYPE": "END", "RAMP_TYPE": "OFF-RAMP", "TERMINAL_SIDE": "END" }, "geometry": { "type": "Point", "coordinates": [ 190330.428304110508179, 129089.61030182093964 ] } },
{ "type": "Feature", "properties": { "OBJECTID": 359, "TYPE": "END", "RAMP_TYPE": "OFF-RAMP", "TERMINAL_SIDE": "END" }, "geometry": { "type": "Point", "coordinates": [ 44946.36467941020237, 231371.392138394177891 ] } },
{ "type": "Feature", "properties": { "OBJECTID": 361, "TYPE": "END", "RAMP_TYPE": "OFF-RAMP", "TERMINAL_SIDE": "END" }, "geometry": { "type": "Point", "coordinates": [ 125665.757773461882607, 84331.142246763731237 ] } },
{ "type": "Feature", "properties": { "OBJECTID": 380, "TYPE": "END", "RAMP_TYPE": "OFF-RAMP", "TERMINAL_SIDE": "END" }, "geometry": { "type": "Point", "coordinates": [ 172034.108237971639028, 312547.84137342433678 ] } },
{ "type": "Feature", "properties": { "OBJECTID": 389, "TYPE": "END", "RAMP_TYPE": "OFF-RAMP", "TERMINAL_SIDE": "END" }, "geometry": { "type": "Point", "coordinates": [ 279074.462098241085187, 119140.871239962114487 ] } },
{ "type": "Feature", "properties": { "OBJECTID": 392, "TYPE": "END", "RAMP_TYPE": "OFF-RAMP", "TERMINAL_SIDE": "END" }, "geometry": { "type": "Point", "coordinates": [ 281707.329066185629927, 88809.528420005764929 ] } },
{ "type": "Feature", "properties": { "OBJECTID": 393, "TYPE": "END", "RAMP_TYPE": "OFF-RAMP", "TERMINAL_SIDE": "END" }, "geometry": { "type": "Point", "coordinates": [ -353.801206499178932, 185811.405926150182495 ] } },
{ "type": "Feature", "properties": { "OBJECTID": 399, "TYPE": "END", "RAMP_TYPE": "OFF-RAMP", "TERMINAL_SIDE": "END" }, "geometry": { "type": "Point", "coordinates": [ -102285.986231797171058, 121087.788264262271696 ] } },
{ "type": "Feature", "properties": { "OBJECTID": 412, "TYPE": "END", "RAMP_TYPE": "OFF-RAMP", "TERMINAL_SIDE": "END" }, "geometry": { "type": "Point", "coordinates": [ 294789.040892486344092, 94906.485592778684804 ] } },
{ "type": "Feature", "properties": { "OBJECTID": 415, "TYPE": "END", "RAMP_TYPE": "OFF-RAMP", "TERMINAL_SIDE": "END" }, "geometry": { "type": "Point", "coordinates": [ 174553.415017355786404, 256741.058657129935455 ] } },
{ "type": "Feature", "properties": { "OBJECTID": 422, "TYPE": "END", "RAMP_TYPE": "OFF-RAMP", "TERMINAL_SIDE": "END" }, "geometry": { "type": "Point", "coordinates": [ -6300.07191932700789, 180790.915511068538763 ] } },
{ "type": "Feature", "properties": { "OBJECTID": 424, "TYPE": "END", "RAMP_TYPE": "OFF-RAMP", "TERMINAL_SIDE": "END" }, "geometry": { "type": "Point", "coordinates": [ 36135.184728684675065, 230607.597989177302225 ] } },
{ "type": "Feature", "properties": { "OBJECTID": 431, "TYPE": "END", "RAMP_TYPE": "OFF-RAMP", "TERMINAL_SIDE": "END" }, "geometry": { "type": "Point", "coordinates": [ 54502.742819766805042, 269860.108718852279708 ] } },
{ "type": "Feature", "properties": { "OBJECTID": 432, "TYPE": "END", "RAMP_TYPE": "OFF-RAMP", "TERMINAL_SIDE": "END" }, "geometry": { "type": "Point", "coordinates": [ 273281.738303025718778, 95327.944323477611761 ] } },
{ "type": "Feature", "properties": { "OBJECTID": 435, "TYPE": "END", "RAMP_TYPE": "OFF-RAMP", "TERMINAL_SIDE": "END" }, "geometry": { "type": "Point", "coordinates": [ 80264.212396776740206, 314444.630708133161534 ] } },
{ "type": "Feature", "properties": { "OBJECTID": 439, "TYPE": "END", "RAMP_TYPE": "OFF-RAMP", "TERMINAL_SIDE": "END" }, "geometry": { "type": "Point", "coordinates": [ 202991.733703443402192, 313518.833756282518152 ] } },
{ "type": "Feature", "properties": { "OBJECTID": 440, "TYPE": "END", "RAMP_TYPE": "OFF-RAMP", "TERMINAL_SIDE": "END" }, "geometry": { "type": "Point", "coordinates": [ 204130.692097726569045, 170615.231609668204328 ] } },
{ "type": "Feature", "properties": { "OBJECTID": 448, "TYPE": "END", "RAMP_TYPE": "OFF-RAMP", "TERMINAL_SIDE": "END" }, "geometry": { "type": "Point", "coordinates": [ 212721.383437166165095, 313000.45186839136295 ] } },
{ "type": "Feature", "properties": { "OBJECTID": 453, "TYPE": "END", "RAMP_TYPE": "OFF-RAMP", "TERMINAL_SIDE": "END" }, "geometry": { "type": "Point", "coordinates": [ -43425.413978008575214, 196811.173703561275033 ] } },
{ "type": "Feature", "properties": { "OBJECTID": 459, "TYPE": "END", "RAMP_TYPE": "OFF-RAMP", "TERMINAL_SIDE": "END" }, "geometry": { "type": "Point", "coordinates": [ -128991.222597063999274, 105920.325610156811308 ] } },
{ "type": "Feature", "properties": { "OBJECTID": 461, "TYPE": "END", "RAMP_TYPE": "OFF-RAMP", "TERMINAL_SIDE": "END" }, "geometry": { "type": "Point", "coordinates": [ 180877.513255676691188, 183645.526511069154367 ] } },
{ "type": "Feature", "properties": { "OBJECTID": 462, "TYPE": "END", "RAMP_TYPE": "OFF-RAMP", "TERMINAL_SIDE": "END" }, "geometry": { "type": "Point", "coordinates": [ 186176.371170131431427, 173512.028899956698297 ] } },
{ "type": "Feature", "properties": { "OBJECTID": 464, "TYPE": "END", "RAMP_TYPE": "OFF-RAMP", "TERMINAL_SIDE": "END" }, "geometry": { "type": "Point", "coordinates": [ -109591.701838324166602, 114972.360242264869157 ] } },
{ "type": "Feature", "properties": { "OBJECTID": 484, "TYPE": "END", "RAMP_TYPE": "OFF-RAMP", "TERMINAL_SIDE": "END" }, "geometry": { "type": "Point", "coordinates": [ -231008.56255196328857, 75436.644193166081095 ] } },
{ "type": "Feature", "properties": { "OBJECTID": 492, "TYPE": "END", "RAMP_TYPE": "OFF-RAMP", "TERMINAL_SIDE": "END" }, "geometry": { "type": "Point", "coordinates": [ 306164.072406316932756, 98306.281637758394936 ] } },
{ "type": "Feature", "properties": { "OBJECTID": 494, "TYPE": "END", "RAMP_TYPE": "OFF-RAMP", "TERMINAL_SIDE": "END" }, "geometry": { "type": "Point", "coordinates": [ 84782.872357222382561, 224858.279906526062405 ] } },
{ "type": "Feature", "properties": { "OBJECTID": 507, "TYPE": "END", "RAMP_TYPE": "OFF-RAMP", "TERMINAL_SIDE": "END" }, "geometry": { "type": "Point", "coordinates": [ 89645.22994665094302, 223283.2979342759063 ] } },
{ "type": "Feature", "properties": { "OBJECTID": 509, "TYPE": "END", "RAMP_TYPE": "OFF-RAMP", "TERMINAL_SIDE": "END" }, "geometry": { "type": "Point", "coordinates": [ 197835.874834598129382, 326598.32486202660948 ] } },
{ "type": "Feature", "properties": { "OBJECTID": 516, "TYPE": "END", "RAMP_TYPE": "OFF-RAMP", "TERMINAL_SIDE": "END" }, "geometry": { "type": "Point", "coordinates": [ 293393.544169885746669, 98796.397977387765422 ] } },
{ "type": "Feature", "properties": { "OBJECTID": 519, "TYPE": "END", "RAMP_TYPE": "OFF-RAMP", "TERMINAL_SIDE": "END" }, "geometry": { "type": "Point", "coordinates": [ -120443.440697326339432, 108066.998792827798752 ] } },
{ "type": "Feature", "properties": { "OBJECTID": 522, "TYPE": "END", "RAMP_TYPE": "OFF-RAMP", "TERMINAL_SIDE": "END" }, "geometry": { "type": "Point", "coordinates": [ 178744.3784936372831, 176228.089581691107014 ] } },
{ "type": "Feature", "properties": { "OBJECTID": 523, "TYPE": "END", "RAMP_TYPE": "OFF-RAMP", "TERMINAL_SIDE": "END" }, "geometry": { "type": "Point", "coordinates": [ -115053.860757304486469, 111365.901177518739132 ] } },
{ "type": "Feature", "properties": { "OBJECTID": 526, "TYPE": "END", "RAMP_TYPE": "OFF-RAMP", "TERMINAL_SIDE": "END" }, "geometry": { "type": "Point", "coordinates": [ 197909.023653183481656, 320499.910565306025092 ] } },
{ "type": "Feature", "properties": { "OBJECTID": 528, "TYPE": "END", "RAMP_TYPE": "OFF-RAMP", "TERMINAL_SIDE": "END" }, "geometry": { "type": "Point", "coordinates": [ 286769.15136569365859, 96933.865649678860791 ] } },
{ "type": "Feature", "properties": { "OBJECTID": 533, "TYPE": "END", "RAMP_TYPE": "OFF-RAMP", "TERMINAL_SIDE": "END" }, "geometry": { "type": "Point", "coordinates": [ 181910.642172865133034, 174245.279392852360616 ] } },
{ "type": "Feature", "properties": { "OBJECTID": 540, "TYPE": "END", "RAMP_TYPE": "OFF-RAMP", "TERMINAL_SIDE": "END" }, "geometry": { "type": "Point", "coordinates": [ 288143.429262298624963, 98885.346783807879547 ] } },
{ "type": "Feature", "properties": { "OBJECTID": 541, "TYPE": "END", "RAMP_TYPE": "OFF-RAMP", "TERMINAL_SIDE": "END" }, "geometry": { "type": "Point", "coordinates": [ 78719.402811651030788, 226053.137777244497556 ] } },
{ "type": "Feature", "properties": { "OBJECTID": 553, "TYPE": "END", "RAMP_TYPE": "OFF-RAMP", "TERMINAL_SIDE": "END" }, "geometry": { "type": "Point", "coordinates": [ 189513.504953053663485, 288631.274604537757114 ] } },
{ "type": "Feature", "properties": { "OBJECTID": 559, "TYPE": "END", "RAMP_TYPE": "OFF-RAMP", "TERMINAL_SIDE": "END" }, "geometry": { "type": "Point", "coordinates": [ 193026.681070963386446, 297185.610694928385783 ] } },
{ "type": "Feature", "properties": { "OBJECTID": 562, "TYPE": "END", "RAMP_TYPE": "OFF-RAMP", "TERMINAL_SIDE": "END" }, "geometry": { "type": "Point", "coordinates": [ -115019.693318899109727, 110886.280876031320076 ] } },
{ "type": "Feature", "properties": { "OBJECTID": 571, "TYPE": "END", "RAMP_TYPE": "OFF-RAMP", "TERMINAL_SIDE": "END" }, "geometry": { "type": "Point", "coordinates": [ -172546.498970931890653, 97698.984381073882105 ] } },
{ "type": "Feature", "properties": { "OBJECTID": 585, "TYPE": "END", "RAMP_TYPE": "OFF-RAMP", "TERMINAL_SIDE": "END" }, "geometry": { "type": "Point", "coordinates": [ 306265.906737564946525, 98525.341967907166691 ] } },
{ "type": "Feature", "properties": { "OBJECTID": 587, "TYPE": "END", "RAMP_TYPE": "OFF-RAMP", "TERMINAL_SIDE": "END" }, "geometry": { "type": "Point", "coordinates": [ -111478.844099367823219, 112606.759288016764913 ] } },
{ "type": "Feature", "properties": { "OBJECTID": 595, "TYPE": "END", "RAMP_TYPE": "OFF-RAMP", "TERMINAL_SIDE": "END" }, "geometry": { "type": "Point", "coordinates": [ 54546.786819196720899, 269733.043474003497977 ] } },
{ "type": "Feature", "properties": { "OBJECTID": 602, "TYPE": "END", "RAMP_TYPE": "OFF-RAMP", "TERMINAL_SIDE": "END" }, "geometry": { "type": "Point", "coordinates": [ 186324.723730273486581, 320014.581873429240659 ] } },
{ "type": "Feature", "properties": { "OBJECTID": 604, "TYPE": "END", "RAMP_TYPE": "OFF-RAMP", "TERMINAL_SIDE": "END" }, "geometry": { "type": "Point", "coordinates": [ -221141.202020576020004, 80663.16556713153841 ] } },
{ "type": "Feature", "properties": { "OBJECTID": 634, "TYPE": "END", "RAMP_TYPE": "OFF-RAMP", "TERMINAL_SIDE": "END" }, "geometry": { "type": "Point", "coordinates": [ -8184.476905396910297, 209719.20606728940038 ] } },
{ "type": "Feature", "properties": { "OBJECTID": 649, "TYPE": "END", "RAMP_TYPE": "OFF-RAMP", "TERMINAL_SIDE": "END" }, "geometry": { "type": "Point", "coordinates": [ 191986.738274008675944, 293995.901849756657612 ] } },
{ "type": "Feature", "properties": { "OBJECTID": 662, "TYPE": "END", "RAMP_TYPE": "OFF-RAMP", "TERMINAL_SIDE": "END" }, "geometry": { "type": "Point", "coordinates": [ 209542.54162199536222, 318251.993793298606761 ] } },
{ "type": "Feature", "properties": { "OBJECTID": 664, "TYPE": "END", "RAMP_TYPE": "OFF-RAMP", "TERMINAL_SIDE": "END" }, "geometry": { "type": "Point", "coordinates": [ 36318.341898638762359, 230429.472680183767807 ] } },
{ "type": "Feature", "properties": { "OBJECTID": 673, "TYPE": "END", "RAMP_TYPE": "OFF-RAMP", "TERMINAL_SIDE": "END" }, "geometry": { "type": "Point", "coordinates": [ 141619.660539510921808, 318462.564844285778236 ] } },
{ "type": "Feature", "properties": { "OBJECTID": 686, "TYPE": "END", "RAMP_TYPE": "OFF-RAMP", "TERMINAL_SIDE": "END" }, "geometry": { "type": "Point", "coordinates": [ 197751.065313075494487, 321606.42989486316219 ] } },
{ "type": "Feature", "properties": { "OBJECTID": 698, "TYPE": "END", "RAMP_TYPE": "OFF-RAMP", "TERMINAL_SIDE": "END" }, "geometry": { "type": "Point", "coordinates": [ 198724.074380361736985, 320520.970459036354441 ] } },
{ "type": "Feature", "properties": { "OBJECTID": 715, "TYPE": "END", "RAMP_TYPE": "OFF-RAMP", "TERMINAL_SIDE": "END" }, "geometry": { "type": "Point", "coordinates": [ -43212.92040420579724, 147505.198150933720171 ] } },
{ "type": "Feature", "properties": { "OBJECTID": 718, "TYPE": "END", "RAMP_TYPE": "OFF-RAMP", "TERMINAL_SIDE": "END" }, "geometry": { "type": "Point", "coordinates": [ -38936.168799099556054, 142408.923446096450789 ] } },
{ "type": "Feature", "properties": { "OBJECTID": 728, "TYPE": "END", "RAMP_TYPE": "OFF-RAMP", "TERMINAL_SIDE": "END" }, "geometry": { "type": "Point", "coordinates": [ 275861.813108662725426, 120011.969133182399673 ] } },
{ "type": "Feature", "properties": { "OBJECTID": 732, "TYPE": "END", "RAMP_TYPE": "OFF-RAMP", "TERMINAL_SIDE": "END" }, "geometry": { "type": "Point", "coordinates": [ 174234.390166556026088, 79860.547878856552416 ] } },
{ "type": "Feature", "properties": { "OBJECTID": 747, "TYPE": "END", "RAMP_TYPE": "OFF-RAMP", "TERMINAL_SIDE": "END" }, "geometry": { "type": "Point", "coordinates": [ 187621.627172930922825, 106841.315911937010242 ] } },
{ "type": "Feature", "properties": { "OBJECTID": 819, "TYPE": "END", "RAMP_TYPE": "OFF-RAMP", "TERMINAL_SIDE": "END" }, "geometry": { "type": "Point", "coordinates": [ -43501.521408206062915, 147310.213464174157707 ] } },
{ "type": "Feature", "properties": { "OBJECTID": 884, "TYPE": "END", "RAMP_TYPE": "OFF-RAMP", "TERMINAL_SIDE": "END" }, "geometry": { "type": "Point", "coordinates": [ 8763.576299712345644, 199287.040805527300108 ] } },
{ "type": "Feature", "properties": { "OBJECTID": 905, "TYPE": "END", "RAMP_TYPE": "OFF-RAMP", "TERMINAL_SIDE": "END" }, "geometry": { "type": "Point", "coordinates": [ 102039.49122907333367, 222431.85269105178304 ] } },
{ "type": "Feature", "properties": { "OBJECTID": 930, "TYPE": "END", "RAMP_TYPE": "OFF-RAMP", "TERMINAL_SIDE": "END" }, "geometry": { "type": "Point", "coordinates": [ -106128.535494116949849, 120119.664220772348926 ] } },
{ "type": "Feature", "properties": { "OBJECTID": 932, "TYPE": "END", "RAMP_TYPE": "OFF-RAMP", "TERMINAL_SIDE": "END" }, "geometry": { "type": "Point", "coordinates": [ 287094.678571019903757, 98721.711533306413912 ] } },
{ "type": "Feature", "properties": { "OBJECTID": 933, "TYPE": "END", "RAMP_TYPE": "OFF-RAMP", "TERMINAL_SIDE": "END" }, "geometry": { "type": "Point", "coordinates": [ 210182.086976861697622, 318506.109368107630871 ] } },
{ "type": "Feature", "properties": { "OBJECTID": 947, "TYPE": "END", "RAMP_TYPE": "OFF-RAMP", "TERMINAL_SIDE": "END" }, "geometry": { "type": "Point", "coordinates": [ -38813.899175419202948, 140679.956050305831013 ] } },
{ "type": "Feature", "properties": { "OBJECTID": 975, "TYPE": "END", "RAMP_TYPE": "OFF-RAMP", "TERMINAL_SIDE": "END" }, "geometry": { "type": "Point", "coordinates": [ -49593.491643224901054, 200734.053296058089472 ] } },
{ "type": "Feature", "properties": { "OBJECTID": 1010, "TYPE": "END", "RAMP_TYPE": "OFF-RAMP", "TERMINAL_SIDE": "END" }, "geometry": { "type": "Point", "coordinates": [ 202840.097600396111375, 313562.623989631421864 ] } },
{ "type": "Feature", "properties": { "OBJECTID": 1012, "TYPE": "END", "RAMP_TYPE": "OFF-RAMP", "TERMINAL_SIDE": "END" }, "geometry": { "type": "Point", "coordinates": [ 190671.071685541945044, 134355.362214570573997 ] } },
{ "type": "Feature", "properties": { "OBJECTID": 1029, "TYPE": "END", "RAMP_TYPE": "OFF-RAMP", "TERMINAL_SIDE": "END" }, "geometry": { "type": "Point", "coordinates": [ 191959.720912001183024, 171680.353303443349432 ] } },
{ "type": "Feature", "properties": { "OBJECTID": 1031, "TYPE": "END", "RAMP_TYPE": "OFF-RAMP", "TERMINAL_SIDE": "END" }, "geometry": { "type": "Point", "coordinates": [ -141426.089892369403969, 136122.643500414356822 ] } },
{ "type": "Feature", "properties": { "OBJECTID": 1034, "TYPE": "END", "RAMP_TYPE": "OFF-RAMP", "TERMINAL_SIDE": "END" }, "geometry": { "type": "Point", "coordinates": [ 183750.824999484175351, 157604.768974466394866 ] } },
{ "type": "Feature", "properties": { "OBJECTID": 1036, "TYPE": "END", "RAMP_TYPE": "OFF-RAMP", "TERMINAL_SIDE": "END" }, "geometry": { "type": "Point", "coordinates": [ 173964.605524634913309, 256705.620415988058085 ] } },
{ "type": "Feature", "properties": { "OBJECTID": 1043, "TYPE": "END", "RAMP_TYPE": "OFF-RAMP", "TERMINAL_SIDE": "END" }, "geometry": { "type": "Point", "coordinates": [ 161459.023171538254246, 188254.335109505278524 ] } },
{ "type": "Feature", "properties": { "OBJECTID": 1050, "TYPE": "END", "RAMP_TYPE": "OFF-RAMP", "TERMINAL_SIDE": "END" }, "geometry": { "type": "Point", "coordinates": [ -59888.762796501687262, 139576.490662675554631 ] } },
{ "type": "Feature", "properties": { "OBJECTID": 1064, "TYPE": "END", "RAMP_TYPE": "OFF-RAMP", "TERMINAL_SIDE": "END" }, "geometry": { "type": "Point", "coordinates": [ 293052.084127107576933, 102810.042852404789301 ] } },
{ "type": "Feature", "properties": { "OBJECTID": 1066, "TYPE": "END", "RAMP_TYPE": "OFF-RAMP", "TERMINAL_SIDE": "END" }, "geometry": { "type": "Point", "coordinates": [ 295106.268829550535884, 94728.000989297375781 ] } },
{ "type": "Feature", "properties": { "OBJECTID": 1070, "TYPE": "END", "RAMP_TYPE": "OFF-RAMP", "TERMINAL_SIDE": "END" }, "geometry": { "type": "Point", "coordinates": [ -42260.776129379715712, 145168.12940889102174 ] } },
{ "type": "Feature", "properties": { "OBJECTID": 1072, "TYPE": "END", "RAMP_TYPE": "OFF-RAMP", "TERMINAL_SIDE": "END" }, "geometry": { "type": "Point", "coordinates": [ -53927.758986660075607, 201922.891157750826096 ] } },
{ "type": "Feature", "properties": { "OBJECTID": 1080, "TYPE": "END", "RAMP_TYPE": "OFF-RAMP", "TERMINAL_SIDE": "END" }, "geometry": { "type": "Point", "coordinates": [ 169722.500094122253358, 182873.240645215671975 ] } },
{ "type": "Feature", "properties": { "OBJECTID": 1081, "TYPE": "END", "RAMP_TYPE": "OFF-RAMP", "TERMINAL_SIDE": "END" }, "geometry": { "type": "Point", "coordinates": [ -123043.000469383667223, 106474.578963572406792 ] } },
{ "type": "Feature", "properties": { "OBJECTID": 1090, "TYPE": "END", "RAMP_TYPE": "OFF-RAMP", "TERMINAL_SIDE": "END" }, "geometry": { "type": "Point", "coordinates": [ 1973.686397404042737, 205688.59411005070433 ] } },
{ "type": "Feature", "properties": { "OBJECTID": 1094, "TYPE": "END", "RAMP_TYPE": "OFF-RAMP", "TERMINAL_SIDE": "END" }, "geometry": { "type": "Point", "coordinates": [ 202957.426558221981395, 313534.924974555207882 ] } },
{ "type": "Feature", "properties": { "OBJECTID": 1096, "TYPE": "END", "RAMP_TYPE": "OFF-RAMP", "TERMINAL_SIDE": "END" }, "geometry": { "type": "Point", "coordinates": [ 249565.59941375721246, 148424.163121026445879 ] } },
{ "type": "Feature", "properties": { "OBJECTID": 1098, "TYPE": "END", "RAMP_TYPE": "OFF-RAMP", "TERMINAL_SIDE": "END" }, "geometry": { "type": "Point", "coordinates": [ 67829.381689016401651, 227108.166917878377717 ] } },
{ "type": "Feature", "properties": { "OBJECTID": 1103, "TYPE": "END", "RAMP_TYPE": "OFF-RAMP", "TERMINAL_SIDE": "END" }, "geometry": { "type": "Point", "coordinates": [ 273663.159421305987053, 114263.275696071228595 ] } },
{ "type": "Feature", "properties": { "OBJECTID": 1104, "TYPE": "END", "RAMP_TYPE": "OFF-RAMP", "TERMINAL_SIDE": "END" }, "geometry": { "type": "Point", "coordinates": [ 279520.123007423069794, 90399.553727357939351 ] } },
{ "type": "Feature", "properties": { "OBJECTID": 1106, "TYPE": "END", "RAMP_TYPE": "OFF-RAMP", "TERMINAL_SIDE": "END" }, "geometry": { "type": "Point", "coordinates": [ 307739.672855975979473, 98801.753455498532276 ] } },
{ "type": "Feature", "properties": { "OBJECTID": 1110, "TYPE": "END", "RAMP_TYPE": "OFF-RAMP", "TERMINAL_SIDE": "END" }, "geometry": { "type": "Point", "coordinates": [ 198079.333321377576794, 314435.792756643379107 ] } },
{ "type": "Feature", "properties": { "OBJECTID": 1114, "TYPE": "END", "RAMP_TYPE": "OFF-RAMP", "TERMINAL_SIDE": "END" }, "geometry": { "type": "Point", "coordinates": [ 203291.545428605284542, 322934.947411282919347 ] } },
{ "type": "Feature", "properties": { "OBJECTID": 1120, "TYPE": "END", "RAMP_TYPE": "OFF-RAMP", "TERMINAL_SIDE": "END" }, "geometry": { "type": "Point", "coordinates": [ 212659.371504310605815, 321017.709981954307295 ] } },
{ "type": "Feature", "properties": { "OBJECTID": 1125, "TYPE": "END", "RAMP_TYPE": "OFF-RAMP", "TERMINAL_SIDE": "END" }, "geometry": { "type": "Point", "coordinates": [ -89623.373731415093062, 122389.684450854896568 ] } },
{ "type": "Feature", "properties": { "OBJECTID": 1130, "TYPE": "END", "RAMP_TYPE": "OFF-RAMP", "TERMINAL_SIDE": "END" }, "geometry": { "type": "Point", "coordinates": [ -133113.795363792480202, 105166.485662244216655 ] } },
{ "type": "Feature", "properties": { "OBJECTID": 1133, "TYPE": "END", "RAMP_TYPE": "OFF-RAMP", "TERMINAL_SIDE": "END" }, "geometry": { "type": "Point", "coordinates": [ -33959.839024580360274, 199054.954374956927495 ] } },
{ "type": "Feature", "properties": { "OBJECTID": 1135, "TYPE": "END", "RAMP_TYPE": "OFF-RAMP", "TERMINAL_SIDE": "END" }, "geometry": { "type": "Point", "coordinates": [ 189732.26587374144583, 288531.355633960687555 ] } },
{ "type": "Feature", "properties": { "OBJECTID": 1141, "TYPE": "END", "RAMP_TYPE": "OFF-RAMP", "TERMINAL_SIDE": "END" }, "geometry": { "type": "Point", "coordinates": [ 209630.223045448918128, 317742.226174526498653 ] } },
{ "type": "Feature", "properties": { "OBJECTID": 1144, "TYPE": "END", "RAMP_TYPE": "OFF-RAMP", "TERMINAL_SIDE": "END" }, "geometry": { "type": "Point", "coordinates": [ 186709.696795320895035, 147814.852938100812025 ] } },
{ "type": "Feature", "properties": { "OBJECTID": 1153, "TYPE": "END", "RAMP_TYPE": "OFF-RAMP", "TERMINAL_SIDE": "END" }, "geometry": { "type": "Point", "coordinates": [ -49082.613045018275443, 200860.749017045542132 ] } },
{ "type": "Feature", "properties": { "OBJECTID": 1157, "TYPE": "END", "RAMP_TYPE": "OFF-RAMP", "TERMINAL_SIDE": "END" }, "geometry": { "type": "Point", "coordinates": [ 291375.082346802460961, 104122.204331676650327 ] } },
{ "type": "Feature", "properties": { "OBJECTID": 1160, "TYPE": "END", "RAMP_TYPE": "OFF-RAMP", "TERMINAL_SIDE": "END" }, "geometry": { "type": "Point", "coordinates": [ 278781.469357339781709, 93401.00218916220183 ] } },
{ "type": "Feature", "properties": { "OBJECTID": 1163, "TYPE": "END", "RAMP_TYPE": "OFF-RAMP", "TERMINAL_SIDE": "END" }, "geometry": { "type": "Point", "coordinates": [ 276245.833524782094173, 120127.150484516314464 ] } },
{ "type": "Feature", "properties": { "OBJECTID": 1169, "TYPE": "END", "RAMP_TYPE": "OFF-RAMP", "TERMINAL_SIDE": "END" }, "geometry": { "type": "Point", "coordinates": [ -25747.750633029296296, 202909.962226273404667 ] } },
{ "type": "Feature", "properties": { "OBJECTID": 1171, "TYPE": "END", "RAMP_TYPE": "OFF-RAMP", "TERMINAL_SIDE": "END" }, "geometry": { "type": "Point", "coordinates": [ -142523.91901056698407, 107845.163545008283108 ] } },
{ "type": "Feature", "properties": { "OBJECTID": 1176, "TYPE": "END", "RAMP_TYPE": "OFF-RAMP", "TERMINAL_SIDE": "END" }, "geometry": { "type": "Point", "coordinates": [ -199501.711670166841941, 89253.403576254248037 ] } },
{ "type": "Feature", "properties": { "OBJECTID": 1190, "TYPE": "END", "RAMP_TYPE": "OFF-RAMP", "TERMINAL_SIDE": "END" }, "geometry": { "type": "Point", "coordinates": [ 180447.916942645824747, 189328.172563340252964 ] } },
{ "type": "Feature", "properties": { "OBJECTID": 1191, "TYPE": "END", "RAMP_TYPE": "OFF-RAMP", "TERMINAL_SIDE": "END" }, "geometry": { "type": "Point", "coordinates": [ 261417.856594626064179, 134442.424589547299547 ] } },
{ "type": "Feature", "properties": { "OBJECTID": 1195, "TYPE": "END", "RAMP_TYPE": "OFF-RAMP", "TERMINAL_SIDE": "END" }, "geometry": { "type": "Point", "coordinates": [ 120667.012772543821484, 362409.915795560867991 ] } },
{ "type": "Feature", "properties": { "OBJECTID": 1196, "TYPE": "END", "RAMP_TYPE": "OFF-RAMP", "TERMINAL_SIDE": "END" }, "geometry": { "type": "Point", "coordinates": [ 190823.684944179985905, 132724.818679024552694 ] } },
{ "type": "Feature", "properties": { "OBJECTID": 1207, "TYPE": "END", "RAMP_TYPE": "OFF-RAMP", "TERMINAL_SIDE": "END" }, "geometry": { "type": "Point", "coordinates": [ -115077.57927573849156, 111145.835777535248781 ] } },
{ "type": "Feature", "properties": { "OBJECTID": 1208, "TYPE": "END", "RAMP_TYPE": "OFF-RAMP", "TERMINAL_SIDE": "END" }, "geometry": { "type": "Point", "coordinates": [ 253393.70750135826529, 143712.210771671292605 ] } },
{ "type": "Feature", "properties": { "OBJECTID": 1209, "TYPE": "END", "RAMP_TYPE": "OFF-RAMP", "TERMINAL_SIDE": "END" }, "geometry": { "type": "Point", "coordinates": [ 291492.100260332284961, 92316.340831134424661 ] } },
{ "type": "Feature", "properties": { "OBJECTID": 1211, "TYPE": "END", "RAMP_TYPE": "OFF-RAMP", "TERMINAL_SIDE": "END" }, "geometry": { "type": "Point", "coordinates": [ 176472.593989067070652, 179648.743004334944999 ] } },
{ "type": "Feature", "properties": { "OBJECTID": 1212, "TYPE": "END", "RAMP_TYPE": "OFF-RAMP", "TERMINAL_SIDE": "END" }, "geometry": { "type": "Point", "coordinates": [ 270322.05606553889811, 125115.117931273416616 ] } },
{ "type": "Feature", "properties": { "OBJECTID": 1214, "TYPE": "END", "RAMP_TYPE": "OFF-RAMP", "TERMINAL_SIDE": "END" }, "geometry": { "type": "Point", "coordinates": [ 75357.429960166191449, 306853.851728388050105 ] } },
{ "type": "Feature", "properties": { "OBJECTID": 1221, "TYPE": "END", "RAMP_TYPE": "OFF-RAMP", "TERMINAL_SIDE": "END" }, "geometry": { "type": "Point", "coordinates": [ 162677.254997195705073, 187598.23957759453333 ] } },
{ "type": "Feature", "properties": { "OBJECTID": 1222, "TYPE": "END", "RAMP_TYPE": "OFF-RAMP", "TERMINAL_SIDE": "END" }, "geometry": { "type": "Point", "coordinates": [ 186384.517250412609428, 173482.234254485956626 ] } },
{ "type": "Feature", "properties": { "OBJECTID": 1223, "TYPE": "END", "RAMP_TYPE": "OFF-RAMP", "TERMINAL_SIDE": "END" }, "geometry": { "type": "Point", "coordinates": [ 1747.990432179347636, 205532.527723071805667 ] } },
{ "type": "Feature", "properties": { "OBJECTID": 1226, "TYPE": "END", "RAMP_TYPE": "OFF-RAMP", "TERMINAL_SIDE": "END" }, "geometry": { "type": "Point", "coordinates": [ 171865.330653310142225, 182130.945382822421379 ] } },
{ "type": "Feature", "properties": { "OBJECTID": 1236, "TYPE": "END", "RAMP_TYPE": "OFF-RAMP", "TERMINAL_SIDE": "END" }, "geometry": { "type": "Point", "coordinates": [ 289012.953514745517168, 105214.054318871538271 ] } },
{ "type": "Feature", "properties": { "OBJECTID": 1239, "TYPE": "END", "RAMP_TYPE": "OFF-RAMP", "TERMINAL_SIDE": "END" }, "geometry": { "type": "Point", "coordinates": [ 280400.478766938729677, 90453.599933169040014 ] } },
{ "type": "Feature", "properties": { "OBJECTID": 1244, "TYPE": "END", "RAMP_TYPE": "OFF-RAMP", "TERMINAL_SIDE": "END" }, "geometry": { "type": "Point", "coordinates": [ 157251.426003069063881, 105433.181370696314843 ] } },
{ "type": "Feature", "properties": { "OBJECTID": 1252, "TYPE": "END", "RAMP_TYPE": "OFF-RAMP", "TERMINAL_SIDE": "END" }, "geometry": { "type": "Point", "coordinates": [ 151220.682166709390003, 100777.151385102246422 ] } },
{ "type": "Feature", "properties": { "OBJECTID": 1254, "TYPE": "END", "RAMP_TYPE": "OFF-RAMP", "TERMINAL_SIDE": "END" }, "geometry": { "type": "Point", "coordinates": [ -105889.357622315714252, 120649.208576742952573 ] } },
{ "type": "Feature", "properties": { "OBJECTID": 1257, "TYPE": "END", "RAMP_TYPE": "OFF-RAMP", "TERMINAL_SIDE": "END" }, "geometry": { "type": "Point", "coordinates": [ -49172.732148265247815, 146186.4358002783556 ] } },
{ "type": "Feature", "properties": { "OBJECTID": 1258, "TYPE": "END", "RAMP_TYPE": "OFF-RAMP", "TERMINAL_SIDE": "END" }, "geometry": { "type": "Point", "coordinates": [ 174212.259323789679911, 238518.89389912164188 ] } },
{ "type": "Feature", "properties": { "OBJECTID": 1263, "TYPE": "END", "RAMP_TYPE": "OFF-RAMP", "TERMINAL_SIDE": "END" }, "geometry": { "type": "Point", "coordinates": [ 290487.566055093251634, 105676.91586191294482 ] } },
{ "type": "Feature", "properties": { "OBJECTID": 1269, "TYPE": "END", "RAMP_TYPE": "OFF-RAMP", "TERMINAL_SIDE": "END" }, "geometry": { "type": "Point", "coordinates": [ 171788.902057175204391, 182095.647209318063688 ] } },
{ "type": "Feature", "properties": { "OBJECTID": 1273, "TYPE": "END", "RAMP_TYPE": "OFF-RAMP", "TERMINAL_SIDE": "END" }, "geometry": { "type": "Point", "coordinates": [ 178300.748835796228377, 265249.188877337670419 ] } },
{ "type": "Feature", "properties": { "OBJECTID": 1275, "TYPE": "END", "RAMP_TYPE": "OFF-RAMP", "TERMINAL_SIDE": "END" }, "geometry": { "type": "Point", "coordinates": [ 282417.132975816435646, 117659.64671129771159 ] } },
{ "type": "Feature", "properties": { "OBJECTID": 1280, "TYPE": "END", "RAMP_TYPE": "OFF-RAMP", "TERMINAL_SIDE": "END" }, "geometry": { "type": "Point", "coordinates": [ -203633.655479254171951, 88266.527900462300749 ] } },
{ "type": "Feature", "properties": { "OBJECTID": 1285, "TYPE": "END", "RAMP_TYPE": "OFF-RAMP", "TERMINAL_SIDE": "END" }, "geometry": { "type": "Point", "coordinates": [ 175201.226691634656163, 179853.947974716225872 ] } },
{ "type": "Feature", "properties": { "OBJECTID": 1297, "TYPE": "END", "RAMP_TYPE": "OFF-RAMP", "TERMINAL_SIDE": "END" }, "geometry": { "type": "Point", "coordinates": [ 181455.689823796303244, 174323.463700257532764 ] } },
{ "type": "Feature", "properties": { "OBJECTID": 1298, "TYPE": "END", "RAMP_TYPE": "OFF-RAMP", "TERMINAL_SIDE": "END" }, "geometry": { "type": "Point", "coordinates": [ 198321.31344106286997, 326861.663823715294711 ] } },
{ "type": "Feature", "properties": { "OBJECTID": 1299, "TYPE": "END", "RAMP_TYPE": "OFF-RAMP", "TERMINAL_SIDE": "END" }, "geometry": { "type": "Point", "coordinates": [ 312545.825019432231784, 99817.482502803963143 ] } },
{ "type": "Feature", "properties": { "OBJECTID": 1300, "TYPE": "END", "RAMP_TYPE": "OFF-RAMP", "TERMINAL_SIDE": "END" }, "geometry": { "type": "Point", "coordinates": [ 204276.935548018256668, 171014.640564885834465 ] } },
{ "type": "Feature", "properties": { "OBJECTID": 1308, "TYPE": "END", "RAMP_TYPE": "OFF-RAMP", "TERMINAL_SIDE": "END" }, "geometry": { "type": "Point", "coordinates": [ 172203.382136216008803, 121901.920782067885739 ] } },
{ "type": "Feature", "properties": { "OBJECTID": 1309, "TYPE": "END", "RAMP_TYPE": "OFF-RAMP", "TERMINAL_SIDE": "END" }, "geometry": { "type": "Point", "coordinates": [ 180517.951878754305653, 183525.498537123727147 ] } },
{ "type": "Feature", "properties": { "OBJECTID": 1310, "TYPE": "END", "RAMP_TYPE": "OFF-RAMP", "TERMINAL_SIDE": "END" }, "geometry": { "type": "Point", "coordinates": [ 123990.493949531126418, 80054.71814113749133 ] } },
{ "type": "Feature", "properties": { "OBJECTID": 1318, "TYPE": "END", "RAMP_TYPE": "OFF-RAMP", "TERMINAL_SIDE": "END" }, "geometry": { "type": "Point", "coordinates": [ 273690.511364197649527, 102997.594170713011408 ] } },
{ "type": "Feature", "properties": { "OBJECTID": 1320, "TYPE": "END", "RAMP_TYPE": "OFF-RAMP", "TERMINAL_SIDE": "END" }, "geometry": { "type": "Point", "coordinates": [ 287214.021479023853317, 95364.836583133874228 ] } },
{ "type": "Feature", "properties": { "OBJECTID": 1334, "TYPE": "END", "RAMP_TYPE": "OFF-RAMP", "TERMINAL_SIDE": "END" }, "geometry": { "type": "Point", "coordinates": [ 86953.232395482045831, 223264.049504284426803 ] } },
{ "type": "Feature", "properties": { "OBJECTID": 1343, "TYPE": "END", "RAMP_TYPE": "OFF-RAMP", "TERMINAL_SIDE": "END" }, "geometry": { "type": "Point", "coordinates": [ 142038.674090752581833, 199002.710453170497203 ] } },
{ "type": "Feature", "properties": { "OBJECTID": 1344, "TYPE": "END", "RAMP_TYPE": "OFF-RAMP", "TERMINAL_SIDE": "END" }, "geometry": { "type": "Point", "coordinates": [ 287969.115471833967604, 106760.454623206707765 ] } },
{ "type": "Feature", "properties": { "OBJECTID": 1346, "TYPE": "END", "RAMP_TYPE": "OFF-RAMP", "TERMINAL_SIDE": "END" }, "geometry": { "type": "Point", "coordinates": [ 278839.18266927782679, 93419.409375433810055 ] } },
{ "type": "Feature", "properties": { "OBJECTID": 1351, "TYPE": "END", "RAMP_TYPE": "OFF-RAMP", "TERMINAL_SIDE": "END" }, "geometry": { "type": "Point", "coordinates": [ 185200.486136745195836, 96743.26939538786246 ] } },
{ "type": "Feature", "properties": { "OBJECTID": 1362, "TYPE": "END", "RAMP_TYPE": "OFF-RAMP", "TERMINAL_SIDE": "END" }, "geometry": { "type": "Point", "coordinates": [ 84279.167477384078666, 319210.124779917416163 ] } },
{ "type": "Feature", "properties": { "OBJECTID": 1375, "TYPE": "END", "RAMP_TYPE": "OFF-RAMP", "TERMINAL_SIDE": "END" }, "geometry": { "type": "Point", "coordinates": [ 178841.32724133314332, 177851.002967546955915 ] } },
{ "type": "Feature", "properties": { "OBJECTID": 1383, "TYPE": "END", "RAMP_TYPE": "OFF-RAMP", "TERMINAL_SIDE": "END" }, "geometry": { "type": "Point", "coordinates": [ 171905.940791270899354, 312890.612315499281976 ] } },
{ "type": "Feature", "properties": { "OBJECTID": 1394, "TYPE": "END", "RAMP_TYPE": "OFF-RAMP", "TERMINAL_SIDE": "END" }, "geometry": { "type": "Point", "coordinates": [ 186153.079133340914268, 147988.211634619452525 ] } },
{ "type": "Feature", "properties": { "OBJECTID": 1398, "TYPE": "END", "RAMP_TYPE": "OFF-RAMP", "TERMINAL_SIDE": "END" }, "geometry": { "type": "Point", "coordinates": [ 49725.904627785770572, 254121.894215044507291 ] } },
{ "type": "Feature", "properties": { "OBJECTID": 1403, "TYPE": "END", "RAMP_TYPE": "OFF-RAMP", "TERMINAL_SIDE": "END" }, "geometry": { "type": "Point", "coordinates": [ 177761.302420461142901, 174884.11060962890042 ] } },
{ "type": "Feature", "properties": { "OBJECTID": 1406, "TYPE": "END", "RAMP_TYPE": "OFF-RAMP", "TERMINAL_SIDE": "END" }, "geometry": { "type": "Point", "coordinates": [ 65944.821294376990409, 284829.610107597021852 ] } },
{ "type": "Feature", "properties": { "OBJECTID": 1408, "TYPE": "END", "RAMP_TYPE": "OFF-RAMP", "TERMINAL_SIDE": "END" }, "geometry": { "type": "Point", "coordinates": [ -118699.650520812836476, 87880.332496890594484 ] } },
{ "type": "Feature", "properties": { "OBJECTID": 1410, "TYPE": "END", "RAMP_TYPE": "OFF-RAMP", "TERMINAL_SIDE": "END" }, "geometry": { "type": "Point", "coordinates": [ 204863.170657691167435, 315274.984019209456164 ] } },
{ "type": "Feature", "properties": { "OBJECTID": 1430, "TYPE": "END", "RAMP_TYPE": "OFF-RAMP", "TERMINAL_SIDE": "END" }, "geometry": { "type": "Point", "coordinates": [ -226986.972467857791344, 78323.085719772279845 ] } },
{ "type": "Feature", "properties": { "OBJECTID": 1432, "TYPE": "END", "RAMP_TYPE": "OFF-RAMP", "TERMINAL_SIDE": "END" }, "geometry": { "type": "Point", "coordinates": [ -129087.950554122013273, 106052.658483845661976 ] } },
{ "type": "Feature", "properties": { "OBJECTID": 1437, "TYPE": "END", "RAMP_TYPE": "OFF-RAMP", "TERMINAL_SIDE": "END" }, "geometry": { "type": "Point", "coordinates": [ -77269.236755137535511, 125619.192488037355361 ] } },
{ "type": "Feature", "properties": { "OBJECTID": 1457, "TYPE": "END", "RAMP_TYPE": "OFF-RAMP", "TERMINAL_SIDE": "END" }, "geometry": { "type": "Point", "coordinates": [ 287776.248598640260752, 107319.406579468210111 ] } },
{ "type": "Feature", "properties": { "OBJECTID": 1462, "TYPE": "END", "RAMP_TYPE": "OFF-RAMP", "TERMINAL_SIDE": "END" }, "geometry": { "type": "Point", "coordinates": [ -115065.781663063244196, 111076.321192453033291 ] } },
{ "type": "Feature", "properties": { "OBJECTID": 1477, "TYPE": "END", "RAMP_TYPE": "OFF-RAMP", "TERMINAL_SIDE": "END" }, "geometry": { "type": "Point", "coordinates": [ 185370.026098470785655, 152458.51064232175122 ] } },
{ "type": "Feature", "properties": { "OBJECTID": 1483, "TYPE": "END", "RAMP_TYPE": "OFF-RAMP", "TERMINAL_SIDE": "END" }, "geometry": { "type": "Point", "coordinates": [ 43878.637923283407872, 243550.652065840316936 ] } },
{ "type": "Feature", "properties": { "OBJECTID": 1485, "TYPE": "END", "RAMP_TYPE": "OFF-RAMP", "TERMINAL_SIDE": "END" }, "geometry": { "type": "Point", "coordinates": [ 117967.223451026366092, 354318.778630859742407 ] } },
{ "type": "Feature", "properties": { "OBJECTID": 1489, "TYPE": "END", "RAMP_TYPE": "OFF-RAMP", "TERMINAL_SIDE": "END" }, "geometry": { "type": "Point", "coordinates": [ 213016.519803241128102, 321699.460679633833934 ] } },
{ "type": "Feature", "properties": { "OBJECTID": 1492, "TYPE": "END", "RAMP_TYPE": "OFF-RAMP", "TERMINAL_SIDE": "END" }, "geometry": { "type": "Point", "coordinates": [ 187099.38237517917878, 319801.964231720892712 ] } },
{ "type": "Feature", "properties": { "OBJECTID": 1494, "TYPE": "END", "RAMP_TYPE": "OFF-RAMP", "TERMINAL_SIDE": "END" }, "geometry": { "type": "Point", "coordinates": [ 202408.254386686516227, 323395.85192706133239 ] } },
{ "type": "Feature", "properties": { "OBJECTID": 1499, "TYPE": "END", "RAMP_TYPE": "OFF-RAMP", "TERMINAL_SIDE": "END" }, "geometry": { "type": "Point", "coordinates": [ -179067.814318154909415, 93732.530879455123795 ] } },
{ "type": "Feature", "properties": { "OBJECTID": 1502, "TYPE": "END", "RAMP_TYPE": "OFF-RAMP", "TERMINAL_SIDE": "END" }, "geometry": { "type": "Point", "coordinates": [ 199774.810882481571753, 330423.305462106771301 ] } },
{ "type": "Feature", "properties": { "OBJECTID": 1503, "TYPE": "END", "RAMP_TYPE": "OFF-RAMP", "TERMINAL_SIDE": "END" }, "geometry": { "type": "Point", "coordinates": [ 122315.959054012899287, 216393.844045049278066 ] } },
{ "type": "Feature", "properties": { "OBJECTID": 1506, "TYPE": "END", "RAMP_TYPE": "OFF-RAMP", "TERMINAL_SIDE": "END" }, "geometry": { "type": "Point", "coordinates": [ 84230.506134210605524, 224484.557092721108347 ] } },
{ "type": "Feature", "properties": { "OBJECTID": 1509, "TYPE": "END", "RAMP_TYPE": "OFF-RAMP", "TERMINAL_SIDE": "END" }, "geometry": { "type": "Point", "coordinates": [ 262070.91582672984805, 134538.302386044611922 ] } },
{ "type": "Feature", "properties": { "OBJECTID": 1511, "TYPE": "END", "RAMP_TYPE": "OFF-RAMP", "TERMINAL_SIDE": "END" }, "geometry": { "type": "Point", "coordinates": [ 303464.212325678905472, 98743.433963433999452 ] } },
{ "type": "Feature", "properties": { "OBJECTID": 1514, "TYPE": "END", "RAMP_TYPE": "OFF-RAMP", "TERMINAL_SIDE": "END" }, "geometry": { "type": "Point", "coordinates": [ 174398.947281043539988, 238502.153928182437085 ] } },
{ "type": "Feature", "properties": { "OBJECTID": 1518, "TYPE": "END", "RAMP_TYPE": "OFF-RAMP", "TERMINAL_SIDE": "END" }, "geometry": { "type": "Point", "coordinates": [ 268657.323152497934643, 127350.717121940237121 ] } },
{ "type": "Feature", "properties": { "OBJECTID": 1522, "TYPE": "END", "RAMP_TYPE": "OFF-RAMP", "TERMINAL_SIDE": "END" }, "geometry": { "type": "Point", "coordinates": [ 198153.479504215181805, 316992.425023819145281 ] } },
{ "type": "Feature", "properties": { "OBJECTID": 1525, "TYPE": "END", "RAMP_TYPE": "OFF-RAMP", "TERMINAL_SIDE": "END" }, "geometry": { "type": "Point", "coordinates": [ 120481.443429153980105, 67664.967872168519534 ] } },
{ "type": "Feature", "properties": { "OBJECTID": 1526, "TYPE": "END", "RAMP_TYPE": "OFF-RAMP", "TERMINAL_SIDE": "END" }, "geometry": { "type": "Point", "coordinates": [ 299896.312383326992858, 98091.649139991757693 ] } },
{ "type": "Feature", "properties": { "OBJECTID": 1534, "TYPE": "END", "RAMP_TYPE": "OFF-RAMP", "TERMINAL_SIDE": "END" }, "geometry": { "type": "Point", "coordinates": [ 281388.105590880906675, 95294.875148210616317 ] } },
{ "type": "Feature", "properties": { "OBJECTID": 1544, "TYPE": "END", "RAMP_TYPE": "OFF-RAMP", "TERMINAL_SIDE": "END" }, "geometry": { "type": "Point", "coordinates": [ 193679.433480605919613, 321835.358112967747729 ] } },
{ "type": "Feature", "properties": { "OBJECTID": 1548, "TYPE": "END", "RAMP_TYPE": "OFF-RAMP", "TERMINAL_SIDE": "END" }, "geometry": { "type": "Point", "coordinates": [ 210806.297445871430682, 320792.286209905461874 ] } },
{ "type": "Feature", "properties": { "OBJECTID": 1549, "TYPE": "END", "RAMP_TYPE": "OFF-RAMP", "TERMINAL_SIDE": "END" }, "geometry": { "type": "Point", "coordinates": [ 212846.560320695687551, 321880.167226027173456 ] } },
{ "type": "Feature", "properties": { "OBJECTID": 1554, "TYPE": "END", "RAMP_TYPE": "OFF-RAMP", "TERMINAL_SIDE": "END" }, "geometry": { "type": "Point", "coordinates": [ 274541.230819853022695, 91866.213321460134466 ] } },
{ "type": "Feature", "properties": { "OBJECTID": 1557, "TYPE": "END", "RAMP_TYPE": "OFF-RAMP", "TERMINAL_SIDE": "END" }, "geometry": { "type": "Point", "coordinates": [ 210032.403009907866362, 318775.259993747691624 ] } },
{ "type": "Feature", "properties": { "OBJECTID": 1558, "TYPE": "END", "RAMP_TYPE": "OFF-RAMP", "TERMINAL_SIDE": "END" }, "geometry": { "type": "Point", "coordinates": [ 115861.92029517130868, 351929.82495674979873 ] } },
{ "type": "Feature", "properties": { "OBJECTID": 1562, "TYPE": "END", "RAMP_TYPE": "OFF-RAMP", "TERMINAL_SIDE": "END" }, "geometry": { "type": "Point", "coordinates": [ 92021.105165595625294, 329685.503694777842611 ] } },
{ "type": "Feature", "properties": { "OBJECTID": 1564, "TYPE": "END", "RAMP_TYPE": "OFF-RAMP", "TERMINAL_SIDE": "END" }, "geometry": { "type": "Point", "coordinates": [ 187533.718730492866598, 117138.029016487605986 ] } },
{ "type": "Feature", "properties": { "OBJECTID": 1573, "TYPE": "END", "RAMP_TYPE": "OFF-RAMP", "TERMINAL_SIDE": "END" }, "geometry": { "type": "Point", "coordinates": [ 7825.346536237531836, 195035.12371636586613 ] } },
{ "type": "Feature", "properties": { "OBJECTID": 1575, "TYPE": "END", "RAMP_TYPE": "OFF-RAMP", "TERMINAL_SIDE": "END" }, "geometry": { "type": "Point", "coordinates": [ 141833.292955884011462, 198832.766932059399551 ] } },
{ "type": "Feature", "properties": { "OBJECTID": 1581, "TYPE": "END", "RAMP_TYPE": "OFF-RAMP", "TERMINAL_SIDE": "END" }, "geometry": { "type": "Point", "coordinates": [ 208399.382176415674621, 317372.621688844868913 ] } },
{ "type": "Feature", "properties": { "OBJECTID": 1582, "TYPE": "END", "RAMP_TYPE": "OFF-RAMP", "TERMINAL_SIDE": "END" }, "geometry": { "type": "Point", "coordinates": [ -40923.550614209125342, 196994.827601710654562 ] } },
{ "type": "Feature", "properties": { "OBJECTID": 1587, "TYPE": "END", "RAMP_TYPE": "OFF-RAMP", "TERMINAL_SIDE": "END" }, "geometry": { "type": "Point", "coordinates": [ 242170.7047589859867, 157115.879199261747999 ] } },
{ "type": "Feature", "properties": { "OBJECTID": 1590, "TYPE": "END", "RAMP_TYPE": "OFF-RAMP", "TERMINAL_SIDE": "END" }, "geometry": { "type": "Point", "coordinates": [ -33965.234686659932777, 198872.420744837349048 ] } },
{ "type": "Feature", "properties": { "OBJECTID": 1594, "TYPE": "END", "RAMP_TYPE": "OFF-RAMP", "TERMINAL_SIDE": "END" }, "geometry": { "type": "Point", "coordinates": [ 310267.396719858224969, 99631.987770957683097 ] } },
{ "type": "Feature", "properties": { "OBJECTID": 1600, "TYPE": "END", "RAMP_TYPE": "OFF-RAMP", "TERMINAL_SIDE": "END" }, "geometry": { "type": "Point", "coordinates": [ 133711.821521528996527, 205797.885382519307313 ] } },
{ "type": "Feature", "properties": { "OBJECTID": 1602, "TYPE": "END", "RAMP_TYPE": "OFF-RAMP", "TERMINAL_SIDE": "END" }, "geometry": { "type": "Point", "coordinates": [ -22188.414950062047865, 166538.224075113743311 ] } },
{ "type": "Feature", "properties": { "OBJECTID": 1607, "TYPE": "END", "RAMP_TYPE": "OFF-RAMP", "TERMINAL_SIDE": "END" }, "geometry": { "type": "Point", "coordinates": [ 178117.843670357688097, 216690.661077504832065 ] } },
{ "type": "Feature", "properties": { "OBJECTID": 1608, "TYPE": "END", "RAMP_TYPE": "OFF-RAMP", "TERMINAL_SIDE": "END" }, "geometry": { "type": "Point", "coordinates": [ 183076.577615948714083, 162321.393763628322631 ] } },
{ "type": "Feature", "properties": { "OBJECTID": 1615, "TYPE": "END", "RAMP_TYPE": "OFF-RAMP", "TERMINAL_SIDE": "END" }, "geometry": { "type": "Point", "coordinates": [ 253109.121972541033756, 143380.346904250705848 ] } },
{ "type": "Feature", "properties": { "OBJECTID": 1616, "TYPE": "END", "RAMP_TYPE": "OFF-RAMP", "TERMINAL_SIDE": "END" }, "geometry": { "type": "Point", "coordinates": [ 193274.088902616524138, 297134.618658555962611 ] } },
{ "type": "Feature", "properties": { "OBJECTID": 1618, "TYPE": "END", "RAMP_TYPE": "OFF-RAMP", "TERMINAL_SIDE": "END" }, "geometry": { "type": "Point", "coordinates": [ -122990.824471007392276, 106351.000162745360285 ] } },
{ "type": "Feature", "properties": { "OBJECTID": 1622, "TYPE": "END", "RAMP_TYPE": "OFF-RAMP", "TERMINAL_SIDE": "END" }, "geometry": { "type": "Point", "coordinates": [ 282227.887794992362615, 96158.708496922321501 ] } },
{ "type": "Feature", "properties": { "OBJECTID": 1623, "TYPE": "END", "RAMP_TYPE": "OFF-RAMP", "TERMINAL_SIDE": "END" }, "geometry": { "type": "Point", "coordinates": [ 280423.927962528367061, 94484.698774615375441 ] } },
{ "type": "Feature", "properties": { "OBJECTID": 1628, "TYPE": "END", "RAMP_TYPE": "OFF-RAMP", "TERMINAL_SIDE": "END" }, "geometry": { "type": "Point", "coordinates": [ -189036.780596986616729, 91874.892268026436795 ] } },
{ "type": "Feature", "properties": { "OBJECTID": 1630, "TYPE": "END", "RAMP_TYPE": "OFF-RAMP", "TERMINAL_SIDE": "END" }, "geometry": { "type": "Point", "coordinates": [ 166268.01332016926608, 116786.607290808882681 ] } },
{ "type": "Feature", "properties": { "OBJECTID": 1638, "TYPE": "END", "RAMP_TYPE": "OFF-RAMP", "TERMINAL_SIDE": "END" }, "geometry": { "type": "Point", "coordinates": [ 211829.201040580606787, 320805.138367570645642 ] } },
{ "type": "Feature", "properties": { "OBJECTID": 1640, "TYPE": "END", "RAMP_TYPE": "OFF-RAMP", "TERMINAL_SIDE": "END" }, "geometry": { "type": "Point", "coordinates": [ -82014.379652144212741, 124211.264597975285142 ] } },
{ "type": "Feature", "properties": { "OBJECTID": 1644, "TYPE": "END", "RAMP_TYPE": "OFF-RAMP", "TERMINAL_SIDE": "END" }, "geometry": { "type": "Point", "coordinates": [ 218892.298700478073442, 168765.087668774067424 ] } },
{ "type": "Feature", "properties": { "OBJECTID": 1647, "TYPE": "END", "RAMP_TYPE": "OFF-RAMP", "TERMINAL_SIDE": "END" }, "geometry": { "type": "Point", "coordinates": [ -144350.18340660026297, 115686.373888783651637 ] } },
{ "type": "Feature", "properties": { "OBJECTID": 1649, "TYPE": "END", "RAMP_TYPE": "OFF-RAMP", "TERMINAL_SIDE": "END" }, "geometry": { "type": "Point", "coordinates": [ -25799.978614569248748, 202747.12665837444365 ] } },
{ "type": "Feature", "properties": { "OBJECTID": 1650, "TYPE": "END", "RAMP_TYPE": "OFF-RAMP", "TERMINAL_SIDE": "END" }, "geometry": { "type": "Point", "coordinates": [ 143593.447417149349349, 318615.966066477471031 ] } },
{ "type": "Feature", "properties": { "OBJECTID": 1651, "TYPE": "END", "RAMP_TYPE": "OFF-RAMP", "TERMINAL_SIDE": "END" }, "geometry": { "type": "Point", "coordinates": [ 201182.728101540909847, 308147.677658070984762 ] } },
{ "type": "Feature", "properties": { "OBJECTID": 1654, "TYPE": "END", "RAMP_TYPE": "OFF-RAMP", "TERMINAL_SIDE": "END" }, "geometry": { "type": "Point", "coordinates": [ 182897.851597672677599, 172489.868397432961501 ] } },
{ "type": "Feature", "properties": { "OBJECTID": 1655, "TYPE": "END", "RAMP_TYPE": "OFF-RAMP", "TERMINAL_SIDE": "END" }, "geometry": { "type": "Point", "coordinates": [ -109483.551203667724621, 114013.826576979248784 ] } },
{ "type": "Feature", "properties": { "OBJECTID": 1657, "TYPE": "END", "RAMP_TYPE": "OFF-RAMP", "TERMINAL_SIDE": "END" }, "geometry": { "type": "Point", "coordinates": [ 218993.526195891579846, 169033.648159081873018 ] } },
{ "type": "Feature", "properties": { "OBJECTID": 1660, "TYPE": "END", "RAMP_TYPE": "OFF-RAMP", "TERMINAL_SIDE": "END" }, "geometry": { "type": "Point", "coordinates": [ 179421.364367028872948, 318019.237097895180341 ] } },
{ "type": "Feature", "properties": { "OBJECTID": 1661, "TYPE": "END", "RAMP_TYPE": "OFF-RAMP", "TERMINAL_SIDE": "END" }, "geometry": { "type": "Point", "coordinates": [ 182726.368154726049397, 172163.755090671154903 ] } },
{ "type": "Feature", "properties": { "OBJECTID": 1663, "TYPE": "END", "RAMP_TYPE": "OFF-RAMP", "TERMINAL_SIDE": "END" }, "geometry": { "type": "Point", "coordinates": [ -199428.075934345804853, 89477.827937932408531 ] } },
{ "type": "Feature", "properties": { "OBJECTID": 1678, "TYPE": "END", "RAMP_TYPE": "OFF-RAMP", "TERMINAL_SIDE": "END" }, "geometry": { "type": "Point", "coordinates": [ -113689.685210736366571, 83524.393392715152004 ] } },
{ "type": "Feature", "properties": { "OBJECTID": 1679, "TYPE": "END", "RAMP_TYPE": "OFF-RAMP", "TERMINAL_SIDE": "END" }, "geometry": { "type": "Point", "coordinates": [ 190528.973275456111878, 128776.682453887013253 ] } },
{ "type": "Feature", "properties": { "OBJECTID": 1680, "TYPE": "END", "RAMP_TYPE": "OFF-RAMP", "TERMINAL_SIDE": "END" }, "geometry": { "type": "Point", "coordinates": [ 161372.679526679363335, 314258.062841185193975 ] } },
{ "type": "Feature", "properties": { "OBJECTID": 1685, "TYPE": "END", "RAMP_TYPE": "OFF-RAMP", "TERMINAL_SIDE": "END" }, "geometry": { "type": "Point", "coordinates": [ 185776.620065110531868, 152431.909412087028613 ] } },
{ "type": "Feature", "properties": { "OBJECTID": 1689, "TYPE": "END", "RAMP_TYPE": "OFF-RAMP", "TERMINAL_SIDE": "END" }, "geometry": { "type": "Point", "coordinates": [ -38659.711513422931603, 142399.704010536457645 ] } },
{ "type": "Feature", "properties": { "OBJECTID": 1698, "TYPE": "END", "RAMP_TYPE": "OFF-RAMP", "TERMINAL_SIDE": "END" }, "geometry": { "type": "Point", "coordinates": [ 42694.795935017922602, 240758.608267542964313 ] } },
{ "type": "Feature", "properties": { "OBJECTID": 1702, "TYPE": "END", "RAMP_TYPE": "OFF-RAMP", "TERMINAL_SIDE": "END" }, "geometry": { "type": "Point", "coordinates": [ 295624.523703386890702, 98961.976334531384055 ] } },
{ "type": "Feature", "properties": { "OBJECTID": 1704, "TYPE": "END", "RAMP_TYPE": "OFF-RAMP", "TERMINAL_SIDE": "END" }, "geometry": { "type": "Point", "coordinates": [ 11439.485013608171357, 204254.330697122757556 ] } },
{ "type": "Feature", "properties": { "OBJECTID": 1707, "TYPE": "END", "RAMP_TYPE": "OFF-RAMP", "TERMINAL_SIDE": "END" }, "geometry": { "type": "Point", "coordinates": [ 129016.940730185175198, 210154.332590107427677 ] } },
{ "type": "Feature", "properties": { "OBJECTID": 1709, "TYPE": "END", "RAMP_TYPE": "OFF-RAMP", "TERMINAL_SIDE": "END" }, "geometry": { "type": "Point", "coordinates": [ 268928.175850451400038, 127813.208978934955667 ] } },
{ "type": "Feature", "properties": { "OBJECTID": 1716, "TYPE": "END", "RAMP_TYPE": "OFF-RAMP", "TERMINAL_SIDE": "END" }, "geometry": { "type": "Point", "coordinates": [ -181714.207671279466012, 93319.327969533042051 ] } },
{ "type": "Feature", "properties": { "OBJECTID": 1724, "TYPE": "END", "RAMP_TYPE": "OFF-RAMP", "TERMINAL_SIDE": "END" }, "geometry": { "type": "Point", "coordinates": [ 193680.357800982892513, 322057.035827059997246 ] } },
{ "type": "Feature", "properties": { "OBJECTID": 1727, "TYPE": "END", "RAMP_TYPE": "OFF-RAMP", "TERMINAL_SIDE": "END" }, "geometry": { "type": "Point", "coordinates": [ 252720.647675298387185, 143246.241109436785337 ] } },
{ "type": "Feature", "properties": { "OBJECTID": 1732, "TYPE": "END", "RAMP_TYPE": "OFF-RAMP", "TERMINAL_SIDE": "END" }, "geometry": { "type": "Point", "coordinates": [ 179410.608189027348999, 318135.597120602033101 ] } },
{ "type": "Feature", "properties": { "OBJECTID": 1733, "TYPE": "END", "RAMP_TYPE": "OFF-RAMP", "TERMINAL_SIDE": "END" }, "geometry": { "type": "Point", "coordinates": [ 198158.984516865515616, 326793.638223533169366 ] } },
{ "type": "Feature", "properties": { "OBJECTID": 1738, "TYPE": "END", "RAMP_TYPE": "OFF-RAMP", "TERMINAL_SIDE": "END" }, "geometry": { "type": "Point", "coordinates": [ 184592.957174730749102, 174709.029004172945861 ] } },
{ "type": "Feature", "properties": { "OBJECTID": 1743, "TYPE": "END", "RAMP_TYPE": "OFF-RAMP", "TERMINAL_SIDE": "END" }, "geometry": { "type": "Point", "coordinates": [ 277004.794193411420565, 117533.221239894206519 ] } },
{ "type": "Feature", "properties": { "OBJECTID": 1745, "TYPE": "END", "RAMP_TYPE": "OFF-RAMP", "TERMINAL_SIDE": "END" }, "geometry": { "type": "Point", "coordinates": [ 278505.958060657023452, 93503.07210012844007 ] } },
{ "type": "Feature", "properties": { "OBJECTID": 1746, "TYPE": "END", "RAMP_TYPE": "OFF-RAMP", "TERMINAL_SIDE": "END" }, "geometry": { "type": "Point", "coordinates": [ -176903.782783752161777, 96223.507587183412397 ] } },
{ "type": "Feature", "properties": { "OBJECTID": 1749, "TYPE": "END", "RAMP_TYPE": "OFF-RAMP", "TERMINAL_SIDE": "END" }, "geometry": { "type": "Point", "coordinates": [ -210449.219896258233348, 86830.619740844136686 ] } },
{ "type": "Feature", "properties": { "OBJECTID": 1750, "TYPE": "END", "RAMP_TYPE": "OFF-RAMP", "TERMINAL_SIDE": "END" }, "geometry": { "type": "Point", "coordinates": [ 181310.630007757776184, 270852.96225855697412 ] } },
{ "type": "Feature", "properties": { "OBJECTID": 1752, "TYPE": "END", "RAMP_TYPE": "OFF-RAMP", "TERMINAL_SIDE": "END" }, "geometry": { "type": "Point", "coordinates": [ -53094.799427223413659, 143676.58768835227238 ] } },
{ "type": "Feature", "properties": { "OBJECTID": 1753, "TYPE": "END", "RAMP_TYPE": "OFF-RAMP", "TERMINAL_SIDE": "END" }, "geometry": { "type": "Point", "coordinates": [ 175743.297134528518654, 225984.50159231032012 ] } },
{ "type": "Feature", "properties": { "OBJECTID": 1754, "TYPE": "END", "RAMP_TYPE": "OFF-RAMP", "TERMINAL_SIDE": "END" }, "geometry": { "type": "Point", "coordinates": [ 197770.74745347246062, 317084.794221868854947 ] } },
{ "type": "Feature", "properties": { "OBJECTID": 1757, "TYPE": "END", "RAMP_TYPE": "OFF-RAMP", "TERMINAL_SIDE": "END" }, "geometry": { "type": "Point", "coordinates": [ 206634.387016014341498, 322513.261585558415391 ] } },
{ "type": "Feature", "properties": { "OBJECTID": 1760, "TYPE": "END", "RAMP_TYPE": "OFF-RAMP", "TERMINAL_SIDE": "END" }, "geometry": { "type": "Point", "coordinates": [ 253192.305926196160726, 143472.410002367570996 ] } },
{ "type": "Feature", "properties": { "OBJECTID": 1779, "TYPE": "END", "RAMP_TYPE": "OFF-RAMP", "TERMINAL_SIDE": "END" }, "geometry": { "type": "Point", "coordinates": [ -182788.049978864757577, 93098.080219516792567 ] } },
{ "type": "Feature", "properties": { "OBJECTID": 1791, "TYPE": "END", "RAMP_TYPE": "OFF-RAMP", "TERMINAL_SIDE": "END" }, "geometry": { "type": "Point", "coordinates": [ 172521.789315604779404, 121830.896166424063267 ] } },
{ "type": "Feature", "properties": { "OBJECTID": 1822, "TYPE": "END", "RAMP_TYPE": "OFF-RAMP", "TERMINAL_SIDE": "END" }, "geometry": { "type": "Point", "coordinates": [ 287271.359127588802949, 95433.012049307115376 ] } },
{ "type": "Feature", "properties": { "OBJECTID": 1823, "TYPE": "END", "RAMP_TYPE": "OFF-RAMP", "TERMINAL_SIDE": "END" }, "geometry": { "type": "Point", "coordinates": [ -716.815619683741716, 184893.392294975172263 ] } },
{ "type": "Feature", "properties": { "OBJECTID": 1842, "TYPE": "END", "RAMP_TYPE": "OFF-RAMP", "TERMINAL_SIDE": "END" }, "geometry": { "type": "Point", "coordinates": [ 286747.577697552856989, 97603.365213248049258 ] } },
{ "type": "Feature", "properties": { "OBJECTID": 1861, "TYPE": "END", "RAMP_TYPE": "OFF-RAMP", "TERMINAL_SIDE": "END" }, "geometry": { "type": "Point", "coordinates": [ 288314.457436399476137, 98739.663438352145022 ] } },
{ "type": "Feature", "properties": { "OBJECTID": 1888, "TYPE": "END", "RAMP_TYPE": "OFF-RAMP", "TERMINAL_SIDE": "END" }, "geometry": { "type": "Point", "coordinates": [ -81971.165684986903216, 124364.655091553591774 ] } },
{ "type": "Feature", "properties": { "OBJECTID": 1894, "TYPE": "END", "RAMP_TYPE": "OFF-RAMP", "TERMINAL_SIDE": "END" }, "geometry": { "type": "Point", "coordinates": [ 274330.906343626964372, 93630.200677666492993 ] } },
{ "type": "Feature", "properties": { "OBJECTID": 1896, "TYPE": "END", "RAMP_TYPE": "OFF-RAMP", "TERMINAL_SIDE": "END" }, "geometry": { "type": "Point", "coordinates": [ -243932.929478989652125, 70463.435077852904215 ] } },
{ "type": "Feature", "properties": { "OBJECTID": 1905, "TYPE": "END", "RAMP_TYPE": "OFF-RAMP", "TERMINAL_SIDE": "END" }, "geometry": { "type": "Point", "coordinates": [ 273879.058713519072626, 98704.637544359429739 ] } },
{ "type": "Feature", "properties": { "OBJECTID": 1933, "TYPE": "END", "RAMP_TYPE": "OFF-RAMP", "TERMINAL_SIDE": "END" }, "geometry": { "type": "Point", "coordinates": [ 31526.473082651984441, 224854.013957647432107 ] } },
{ "type": "Feature", "properties": { "OBJECTID": 1937, "TYPE": "END", "RAMP_TYPE": "OFF-RAMP", "TERMINAL_SIDE": "END" }, "geometry": { "type": "Point", "coordinates": [ 213124.598262677784078, 321559.843066652072594 ] } },
{ "type": "Feature", "properties": { "OBJECTID": 1940, "TYPE": "END", "RAMP_TYPE": "OFF-RAMP", "TERMINAL_SIDE": "END" }, "geometry": { "type": "Point", "coordinates": [ 190563.390598054946167, 122131.073455737321638 ] } },
{ "type": "Feature", "properties": { "OBJECTID": 1949, "TYPE": "END", "RAMP_TYPE": "OFF-RAMP", "TERMINAL_SIDE": "END" }, "geometry": { "type": "Point", "coordinates": [ 111192.662338764494052, 342731.368035828170832 ] } },
{ "type": "Feature", "properties": { "OBJECTID": 1955, "TYPE": "END", "RAMP_TYPE": "OFF-RAMP", "TERMINAL_SIDE": "END" }, "geometry": { "type": "Point", "coordinates": [ 197697.016419417283032, 326558.590082517417613 ] } },
{ "type": "Feature", "properties": { "OBJECTID": 1960, "TYPE": "END", "RAMP_TYPE": "OFF-RAMP", "TERMINAL_SIDE": "END" }, "geometry": { "type": "Point", "coordinates": [ 49481.197794601255737, 254176.8394389662717 ] } },
{ "type": "Feature", "properties": { "OBJECTID": 1989, "TYPE": "END", "RAMP_TYPE": "OFF-RAMP", "TERMINAL_SIDE": "END" }, "geometry": { "type": "Point", "coordinates": [ 274584.626075592066627, 115085.107338684480055 ] } },
{ "type": "Feature", "properties": { "OBJECTID": 1998, "TYPE": "END", "RAMP_TYPE": "OFF-RAMP", "TERMINAL_SIDE": "END" }, "geometry": { "type": "Point", "coordinates": [ 201347.352645663340809, 310928.12374740029918 ] } },
{ "type": "Feature", "properties": { "OBJECTID": 2001, "TYPE": "END", "RAMP_TYPE": "OFF-RAMP", "TERMINAL_SIDE": "END" }, "geometry": { "type": "Point", "coordinates": [ -144907.314100432035048, 123477.637785211918526 ] } },
{ "type": "Feature", "properties": { "OBJECTID": 2013, "TYPE": "END", "RAMP_TYPE": "OFF-RAMP", "TERMINAL_SIDE": "END" }, "geometry": { "type": "Point", "coordinates": [ 200934.211770611902466, 312682.309999010758474 ] } },
{ "type": "Feature", "properties": { "OBJECTID": 2018, "TYPE": "END", "RAMP_TYPE": "OFF-RAMP", "TERMINAL_SIDE": "END" }, "geometry": { "type": "Point", "coordinates": [ -38712.946065428608563, 141719.413715853559552 ] } },
{ "type": "Feature", "properties": { "OBJECTID": 2024, "TYPE": "END", "RAMP_TYPE": "OFF-RAMP", "TERMINAL_SIDE": "END" }, "geometry": { "type": "Point", "coordinates": [ -579.231452942203305, 185111.162775402714033 ] } },
{ "type": "Feature", "properties": { "OBJECTID": 2027, "TYPE": "END", "RAMP_TYPE": "OFF-RAMP", "TERMINAL_SIDE": "END" }, "geometry": { "type": "Point", "coordinates": [ 282575.63427247403888, 96039.262010318852845 ] } },
{ "type": "Feature", "properties": { "OBJECTID": 2030, "TYPE": "END", "RAMP_TYPE": "OFF-RAMP", "TERMINAL_SIDE": "END" }, "geometry": { "type": "Point", "coordinates": [ 290559.759366599842906, 105128.096604773891158 ] } },
{ "type": "Feature", "properties": { "OBJECTID": 2034, "TYPE": "END", "RAMP_TYPE": "OFF-RAMP", "TERMINAL_SIDE": "END" }, "geometry": { "type": "Point", "coordinates": [ 116193.363484880028409, 351685.906880997354165 ] } },
{ "type": "Feature", "properties": { "OBJECTID": 2036, "TYPE": "END", "RAMP_TYPE": "OFF-RAMP", "TERMINAL_SIDE": "END" }, "geometry": { "type": "Point", "coordinates": [ 195541.676438606868032, 298593.423332114703953 ] } },
{ "type": "Feature", "properties": { "OBJECTID": 2041, "TYPE": "END", "RAMP_TYPE": "OFF-RAMP", "TERMINAL_SIDE": "END" }, "geometry": { "type": "Point", "coordinates": [ 273035.520233376591932, 100629.276441814276041 ] } },
{ "type": "Feature", "properties": { "OBJECTID": 2042, "TYPE": "END", "RAMP_TYPE": "OFF-RAMP", "TERMINAL_SIDE": "END" }, "geometry": { "type": "Point", "coordinates": [ 273448.593606270907912, 122172.98691772694292 ] } },
{ "type": "Feature", "properties": { "OBJECTID": 2043, "TYPE": "END", "RAMP_TYPE": "OFF-RAMP", "TERMINAL_SIDE": "END" }, "geometry": { "type": "Point", "coordinates": [ 177375.881090651120758, 179517.421479863143759 ] } },
{ "type": "Feature", "properties": { "OBJECTID": 2050, "TYPE": "END", "RAMP_TYPE": "OFF-RAMP", "TERMINAL_SIDE": "END" }, "geometry": { "type": "Point", "coordinates": [ 171934.794637814426096, 312866.5508837805246 ] } },
{ "type": "Feature", "properties": { "OBJECTID": 2060, "TYPE": "END", "RAMP_TYPE": "OFF-RAMP", "TERMINAL_SIDE": "END" }, "geometry": { "type": "Point", "coordinates": [ 122267.202178776802612, 216113.702113922976423 ] } },
{ "type": "Feature", "properties": { "OBJECTID": 2067, "TYPE": "END", "RAMP_TYPE": "OFF-RAMP", "TERMINAL_SIDE": "END" }, "geometry": { "type": "Point", "coordinates": [ 187051.327853425900685, 140008.706072744069388 ] } },
{ "type": "Feature", "properties": { "OBJECTID": 2073, "TYPE": "END", "RAMP_TYPE": "OFF-RAMP", "TERMINAL_SIDE": "END" }, "geometry": { "type": "Point", "coordinates": [ 165690.033968980918871, 312607.429722315922845 ] } },
{ "type": "Feature", "properties": { "OBJECTID": 2076, "TYPE": "END", "RAMP_TYPE": "OFF-RAMP", "TERMINAL_SIDE": "END" }, "geometry": { "type": "Point", "coordinates": [ 280429.130895450245589, 94351.320306241963408 ] } },
{ "type": "Feature", "properties": { "OBJECTID": 2077, "TYPE": "END", "RAMP_TYPE": "OFF-RAMP", "TERMINAL_SIDE": "END" }, "geometry": { "type": "Point", "coordinates": [ 310267.92674256087048, 99746.614508711500093 ] } },
{ "type": "Feature", "properties": { "OBJECTID": 2083, "TYPE": "END", "RAMP_TYPE": "OFF-RAMP", "TERMINAL_SIDE": "END" }, "geometry": { "type": "Point", "coordinates": [ 197909.944296389207011, 319131.476421435072552 ] } },
{ "type": "Feature", "properties": { "OBJECTID": 2088, "TYPE": "END", "RAMP_TYPE": "OFF-RAMP", "TERMINAL_SIDE": "END" }, "geometry": { "type": "Point", "coordinates": [ 184037.420018591743428, 135087.398917088838061 ] } },
{ "type": "Feature", "properties": { "OBJECTID": 2094, "TYPE": "END", "RAMP_TYPE": "OFF-RAMP", "TERMINAL_SIDE": "END" }, "geometry": { "type": "Point", "coordinates": [ 306221.931280017888639, 98396.437863391896826 ] } },
{ "type": "Feature", "properties": { "OBJECTID": 2104, "TYPE": "END", "RAMP_TYPE": "OFF-RAMP", "TERMINAL_SIDE": "END" }, "geometry": { "type": "Point", "coordinates": [ -108050.585353491260321, 75587.621545198766398 ] } },
{ "type": "Feature", "properties": { "OBJECTID": 2106, "TYPE": "END", "RAMP_TYPE": "OFF-RAMP", "TERMINAL_SIDE": "END" }, "geometry": { "type": "Point", "coordinates": [ -133128.174952670233324, 105048.102723687712569 ] } },
{ "type": "Feature", "properties": { "OBJECTID": 2117, "TYPE": "END", "RAMP_TYPE": "OFF-RAMP", "TERMINAL_SIDE": "END" }, "geometry": { "type": "Point", "coordinates": [ 187557.690988518064842, 137076.563815121277003 ] } },
{ "type": "Feature", "properties": { "OBJECTID": 2124, "TYPE": "END", "RAMP_TYPE": "OFF-RAMP", "TERMINAL_SIDE": "END" }, "geometry": { "type": "Point", "coordinates": [ 148543.356127249455312, 317761.083960230869707 ] } },
{ "type": "Feature", "properties": { "OBJECTID": 2126, "TYPE": "END", "RAMP_TYPE": "OFF-RAMP", "TERMINAL_SIDE": "END" }, "geometry": { "type": "Point", "coordinates": [ 279135.852778516884428, 119563.291882403864292 ] } },
{ "type": "Feature", "properties": { "OBJECTID": 2129, "TYPE": "END", "RAMP_TYPE": "OFF-RAMP", "TERMINAL_SIDE": "END" }, "geometry": { "type": "Point", "coordinates": [ 189777.691672871325864, 288483.273046839982271 ] } },
{ "type": "Feature", "properties": { "OBJECTID": 2135, "TYPE": "END", "RAMP_TYPE": "OFF-RAMP", "TERMINAL_SIDE": "END" }, "geometry": { "type": "Point", "coordinates": [ 199650.769281270186184, 324266.679718958679587 ] } },
{ "type": "Feature", "properties": { "OBJECTID": 2139, "TYPE": "END", "RAMP_TYPE": "OFF-RAMP", "TERMINAL_SIDE": "END" }, "geometry": { "type": "Point", "coordinates": [ 200807.539579072123161, 306600.947513457678724 ] } },
{ "type": "Feature", "properties": { "OBJECTID": 2142, "TYPE": "END", "RAMP_TYPE": "OFF-RAMP", "TERMINAL_SIDE": "END" }, "geometry": { "type": "Point", "coordinates": [ 270289.652677316975314, 125481.276358978342614 ] } },
{ "type": "Feature", "properties": { "OBJECTID": 2144, "TYPE": "END", "RAMP_TYPE": "OFF-RAMP", "TERMINAL_SIDE": "END" }, "geometry": { "type": "Point", "coordinates": [ 113351.518300804644241, 329539.908583350246772 ] } },
{ "type": "Feature", "properties": { "OBJECTID": 2146, "TYPE": "END", "RAMP_TYPE": "OFF-RAMP", "TERMINAL_SIDE": "END" }, "geometry": { "type": "Point", "coordinates": [ 193765.170325753715588, 321678.801701209857129 ] } },
{ "type": "Feature", "properties": { "OBJECTID": 2160, "TYPE": "END", "RAMP_TYPE": "OFF-RAMP", "TERMINAL_SIDE": "END" }, "geometry": { "type": "Point", "coordinates": [ 270304.104848026821855, 125060.305706138868118 ] } },
{ "type": "Feature", "properties": { "OBJECTID": 2167, "TYPE": "END", "RAMP_TYPE": "OFF-RAMP", "TERMINAL_SIDE": "END" }, "geometry": { "type": "Point", "coordinates": [ 75166.631840273330454, 306964.756735636212397 ] } },
{ "type": "Feature", "properties": { "OBJECTID": 2170, "TYPE": "END", "RAMP_TYPE": "OFF-RAMP", "TERMINAL_SIDE": "END" }, "geometry": { "type": "Point", "coordinates": [ 198061.496579545462737, 302710.549277992453426 ] } },
{ "type": "Feature", "properties": { "OBJECTID": 2173, "TYPE": "END", "RAMP_TYPE": "OFF-RAMP", "TERMINAL_SIDE": "END" }, "geometry": { "type": "Point", "coordinates": [ 133461.909857010323321, 205710.162458556325873 ] } },
{ "type": "Feature", "properties": { "OBJECTID": 2176, "TYPE": "END", "RAMP_TYPE": "OFF-RAMP", "TERMINAL_SIDE": "END" }, "geometry": { "type": "Point", "coordinates": [ 195602.481009429320693, 298313.328192342829425 ] } },
{ "type": "Feature", "properties": { "OBJECTID": 2180, "TYPE": "END", "RAMP_TYPE": "OFF-RAMP", "TERMINAL_SIDE": "END" }, "geometry": { "type": "Point", "coordinates": [ 277069.318220167129766, 117352.574482463154709 ] } },
{ "type": "Feature", "properties": { "OBJECTID": 2191, "TYPE": "END", "RAMP_TYPE": "OFF-RAMP", "TERMINAL_SIDE": "END" }, "geometry": { "type": "Point", "coordinates": [ -41340.668375514840591, 197296.54627835410065 ] } },
{ "type": "Feature", "properties": { "OBJECTID": 2192, "TYPE": "END", "RAMP_TYPE": "OFF-RAMP", "TERMINAL_SIDE": "END" }, "geometry": { "type": "Point", "coordinates": [ 23751.362772153377591, 214479.863973105355399 ] } },
{ "type": "Feature", "properties": { "OBJECTID": 2194, "TYPE": "END", "RAMP_TYPE": "OFF-RAMP", "TERMINAL_SIDE": "END" }, "geometry": { "type": "Point", "coordinates": [ -8104.177526708188452, 209589.848187490308192 ] } },
{ "type": "Feature", "properties": { "OBJECTID": 2195, "TYPE": "END", "RAMP_TYPE": "OFF-RAMP", "TERMINAL_SIDE": "END" }, "geometry": { "type": "Point", "coordinates": [ 179613.653289761248743, 179102.639088040188653 ] } },
{ "type": "Feature", "properties": { "OBJECTID": 2198, "TYPE": "END", "RAMP_TYPE": "OFF-RAMP", "TERMINAL_SIDE": "END" }, "geometry": { "type": "Point", "coordinates": [ 182667.791763633693336, 275195.288824792893138 ] } },
{ "type": "Feature", "properties": { "OBJECTID": 2231, "TYPE": "END", "RAMP_TYPE": "OFF-RAMP", "TERMINAL_SIDE": "END" }, "geometry": { "type": "Point", "coordinates": [ 120827.787697183550335, 362367.605417655664496 ] } },
{ "type": "Feature", "properties": { "OBJECTID": 2233, "TYPE": "END", "RAMP_TYPE": "OFF-RAMP", "TERMINAL_SIDE": "END" }, "geometry": { "type": "Point", "coordinates": [ -142266.026215327292448, 107745.811969921545824 ] } },
{ "type": "Feature", "properties": { "OBJECTID": 2234, "TYPE": "END", "RAMP_TYPE": "OFF-RAMP", "TERMINAL_SIDE": "END" }, "geometry": { "type": "Point", "coordinates": [ 273540.156528781808447, 103425.0712018598133 ] } },
{ "type": "Feature", "properties": { "OBJECTID": 2236, "TYPE": "END", "RAMP_TYPE": "OFF-RAMP", "TERMINAL_SIDE": "END" }, "geometry": { "type": "Point", "coordinates": [ 192427.335018567275256, 293832.072589687944856 ] } },
{ "type": "Feature", "properties": { "OBJECTID": 2239, "TYPE": "END", "RAMP_TYPE": "OFF-RAMP", "TERMINAL_SIDE": "END" }, "geometry": { "type": "Point", "coordinates": [ -176830.040572099096607, 96466.223471353645436 ] } },
{ "type": "Feature", "properties": { "OBJECTID": 2244, "TYPE": "END", "RAMP_TYPE": "OFF-RAMP", "TERMINAL_SIDE": "END" }, "geometry": { "type": "Point", "coordinates": [ 102121.971414836021722, 222205.366185897757532 ] } },
{ "type": "Feature", "properties": { "OBJECTID": 2248, "TYPE": "END", "RAMP_TYPE": "OFF-RAMP", "TERMINAL_SIDE": "END" }, "geometry": { "type": "Point", "coordinates": [ 268528.189066289691254, 127165.917338408486103 ] } },
{ "type": "Feature", "properties": { "OBJECTID": 2254, "TYPE": "END", "RAMP_TYPE": "OFF-RAMP", "TERMINAL_SIDE": "END" }, "geometry": { "type": "Point", "coordinates": [ 199901.892758133966709, 330367.366101524035912 ] } },
{ "type": "Feature", "properties": { "OBJECTID": 2259, "TYPE": "END", "RAMP_TYPE": "OFF-RAMP", "TERMINAL_SIDE": "END" }, "geometry": { "type": "Point", "coordinates": [ 266170.21473211311968, 128484.277175787341548 ] } },
{ "type": "Feature", "properties": { "OBJECTID": 2270, "TYPE": "END", "RAMP_TYPE": "OFF-RAMP", "TERMINAL_SIDE": "END" }, "geometry": { "type": "Point", "coordinates": [ 198005.635299224493792, 314433.459193790971767 ] } },
{ "type": "Feature", "properties": { "OBJECTID": 2274, "TYPE": "END", "RAMP_TYPE": "OFF-RAMP", "TERMINAL_SIDE": "END" }, "geometry": { "type": "Point", "coordinates": [ 179491.453425133397104, 317820.96968487178674 ] } },
{ "type": "Feature", "properties": { "OBJECTID": 2277, "TYPE": "END", "RAMP_TYPE": "OFF-RAMP", "TERMINAL_SIDE": "END" }, "geometry": { "type": "Point", "coordinates": [ 288069.89941893517971, 106824.845711082816706 ] } },
{ "type": "Feature", "properties": { "OBJECTID": 2280, "TYPE": "END", "RAMP_TYPE": "OFF-RAMP", "TERMINAL_SIDE": "END" }, "geometry": { "type": "Point", "coordinates": [ 288192.563822424388491, 111353.036293697485235 ] } },
{ "type": "Feature", "properties": { "OBJECTID": 2281, "TYPE": "END", "RAMP_TYPE": "OFF-RAMP", "TERMINAL_SIDE": "END" }, "geometry": { "type": "Point", "coordinates": [ 181200.454488498391584, 180661.612238664849428 ] } },
{ "type": "Feature", "properties": { "OBJECTID": 2287, "TYPE": "END", "RAMP_TYPE": "OFF-RAMP", "TERMINAL_SIDE": "END" }, "geometry": { "type": "Point", "coordinates": [ 289599.855377481784672, 98885.860848197349696 ] } },
{ "type": "Feature", "properties": { "OBJECTID": 2294, "TYPE": "END", "RAMP_TYPE": "OFF-RAMP", "TERMINAL_SIDE": "END" }, "geometry": { "type": "Point", "coordinates": [ -111444.646501655355678, 64943.516267922874249 ] } },
{ "type": "Feature", "properties": { "OBJECTID": 2295, "TYPE": "END", "RAMP_TYPE": "OFF-RAMP", "TERMINAL_SIDE": "END" }, "geometry": { "type": "Point", "coordinates": [ -118833.390570854753605, 87694.446412080913433 ] } },
{ "type": "Feature", "properties": { "OBJECTID": 2304, "TYPE": "END", "RAMP_TYPE": "OFF-RAMP", "TERMINAL_SIDE": "END" }, "geometry": { "type": "Point", "coordinates": [ 124180.781645192473661, 79857.134487552990322 ] } },
{ "type": "Feature", "properties": { "OBJECTID": 2314, "TYPE": "END", "RAMP_TYPE": "OFF-RAMP", "TERMINAL_SIDE": "END" }, "geometry": { "type": "Point", "coordinates": [ -35874.682166473168763, 154209.422903820493957 ] } },
{ "type": "Feature", "properties": { "OBJECTID": 2315, "TYPE": "END", "RAMP_TYPE": "OFF-RAMP", "TERMINAL_SIDE": "END" }, "geometry": { "type": "Point", "coordinates": [ 178039.617236185498768, 316786.397596696624532 ] } },
{ "type": "Feature", "properties": { "OBJECTID": 2321, "TYPE": "END", "RAMP_TYPE": "OFF-RAMP", "TERMINAL_SIDE": "END" }, "geometry": { "type": "Point", "coordinates": [ -237799.551368796674069, 72826.310550537804374 ] } },
{ "type": "Feature", "properties": { "OBJECTID": 2338, "TYPE": "END", "RAMP_TYPE": "OFF-RAMP", "TERMINAL_SIDE": "END" }, "geometry": { "type": "Point", "coordinates": [ 180987.041694278159412, 87234.417960053309798 ] } },
{ "type": "Feature", "properties": { "OBJECTID": 2341, "TYPE": "END", "RAMP_TYPE": "OFF-RAMP", "TERMINAL_SIDE": "END" }, "geometry": { "type": "Point", "coordinates": [ 56466.677767364897591, 271036.594589214771986 ] } },
{ "type": "Feature", "properties": { "OBJECTID": 2347, "TYPE": "END", "RAMP_TYPE": "OFF-RAMP", "TERMINAL_SIDE": "END" }, "geometry": { "type": "Point", "coordinates": [ 185568.059958734869724, 152438.829086466372246 ] } },
{ "type": "Feature", "properties": { "OBJECTID": 2350, "TYPE": "END", "RAMP_TYPE": "OFF-RAMP", "TERMINAL_SIDE": "END" }, "geometry": { "type": "Point", "coordinates": [ 113233.582371393407811, 329310.775275719352067 ] } },
{ "type": "Feature", "properties": { "OBJECTID": 2358, "TYPE": "END", "RAMP_TYPE": "OFF-RAMP", "TERMINAL_SIDE": "END" }, "geometry": { "type": "Point", "coordinates": [ 198167.531182205217192, 320494.598181197070517 ] } },
{ "type": "Feature", "properties": { "OBJECTID": 2359, "TYPE": "END", "RAMP_TYPE": "OFF-RAMP", "TERMINAL_SIDE": "END" }, "geometry": { "type": "Point", "coordinates": [ 176605.217865105980309, 83420.537895874105743 ] } },
{ "type": "Feature", "properties": { "OBJECTID": 2360, "TYPE": "END", "RAMP_TYPE": "OFF-RAMP", "TERMINAL_SIDE": "END" }, "geometry": { "type": "Point", "coordinates": [ -145492.138286442524986, 131916.26208543300163 ] } },
{ "type": "Feature", "properties": { "OBJECTID": 2364, "TYPE": "END", "RAMP_TYPE": "OFF-RAMP", "TERMINAL_SIDE": "END" }, "geometry": { "type": "Point", "coordinates": [ -113546.983934160685749, 83580.357738627702929 ] } },
{ "type": "Feature", "properties": { "OBJECTID": 2365, "TYPE": "END", "RAMP_TYPE": "OFF-RAMP", "TERMINAL_SIDE": "END" }, "geometry": { "type": "Point", "coordinates": [ -213979.561569416808197, 84615.28063327500422 ] } },
{ "type": "Feature", "properties": { "OBJECTID": 2370, "TYPE": "END", "RAMP_TYPE": "OFF-RAMP", "TERMINAL_SIDE": "END" }, "geometry": { "type": "Point", "coordinates": [ 178561.651251352304826, 133409.664144037582446 ] } },
{ "type": "Feature", "properties": { "OBJECTID": 2374, "TYPE": "END", "RAMP_TYPE": "OFF-RAMP", "TERMINAL_SIDE": "END" }, "geometry": { "type": "Point", "coordinates": [ -43425.968624629495025, 147345.036718071409268 ] } },
{ "type": "Feature", "properties": { "OBJECTID": 2389, "TYPE": "END", "RAMP_TYPE": "OFF-RAMP", "TERMINAL_SIDE": "END" }, "geometry": { "type": "Point", "coordinates": [ 193662.075508397829253, 321543.901388090744149 ] } },
{ "type": "Feature", "properties": { "OBJECTID": 2390, "TYPE": "END", "RAMP_TYPE": "OFF-RAMP", "TERMINAL_SIDE": "END" }, "geometry": { "type": "Point", "coordinates": [ 187509.545930212392705, 110780.369848789065145 ] } },
{ "type": "Feature", "properties": { "OBJECTID": 2395, "TYPE": "END", "RAMP_TYPE": "OFF-RAMP", "TERMINAL_SIDE": "END" }, "geometry": { "type": "Point", "coordinates": [ 276096.719070607505273, 91691.303480852409848 ] } },
{ "type": "Feature", "properties": { "OBJECTID": 2396, "TYPE": "END", "RAMP_TYPE": "OFF-RAMP", "TERMINAL_SIDE": "END" }, "geometry": { "type": "Point", "coordinates": [ 207346.494788613927085, 313700.342830001900438 ] } },
{ "type": "Feature", "properties": { "OBJECTID": 2403, "TYPE": "END", "RAMP_TYPE": "OFF-RAMP", "TERMINAL_SIDE": "END" }, "geometry": { "type": "Point", "coordinates": [ -47434.910795055038761, 147279.74989660596475 ] } },
{ "type": "Feature", "properties": { "OBJECTID": 2417, "TYPE": "END", "RAMP_TYPE": "OFF-RAMP", "TERMINAL_SIDE": "END" }, "geometry": { "type": "Point", "coordinates": [ 184089.939017297467217, 135272.465989797608927 ] } },
{ "type": "Feature", "properties": { "OBJECTID": 2426, "TYPE": "END", "RAMP_TYPE": "OFF-RAMP", "TERMINAL_SIDE": "END" }, "geometry": { "type": "Point", "coordinates": [ 181216.249412334611407, 189379.573259271302959 ] } },
{ "type": "Feature", "properties": { "OBJECTID": 2429, "TYPE": "END", "RAMP_TYPE": "OFF-RAMP", "TERMINAL_SIDE": "END" }, "geometry": { "type": "Point", "coordinates": [ 212202.460395125264768, 320852.455256230547093 ] } },
{ "type": "Feature", "properties": { "OBJECTID": 2430, "TYPE": "END", "RAMP_TYPE": "OFF-RAMP", "TERMINAL_SIDE": "END" }, "geometry": { "type": "Point", "coordinates": [ 186009.551205521449447, 173489.81603712181095 ] } },
{ "type": "Feature", "properties": { "OBJECTID": 2431, "TYPE": "END", "RAMP_TYPE": "OFF-RAMP", "TERMINAL_SIDE": "END" }, "geometry": { "type": "Point", "coordinates": [ 175046.145497976453044, 180194.817210664361482 ] } },
{ "type": "Feature", "properties": { "OBJECTID": 2434, "TYPE": "END", "RAMP_TYPE": "OFF-RAMP", "TERMINAL_SIDE": "END" }, "geometry": { "type": "Point", "coordinates": [ -217356.10691457579378, 82048.337445690442109 ] } },
{ "type": "Feature", "properties": { "OBJECTID": 2439, "TYPE": "END", "RAMP_TYPE": "OFF-RAMP", "TERMINAL_SIDE": "END" }, "geometry": { "type": "Point", "coordinates": [ 168534.980161529296311, 184599.949220538983354 ] } },
{ "type": "Feature", "properties": { "OBJECTID": 2440, "TYPE": "END", "RAMP_TYPE": "OFF-RAMP", "TERMINAL_SIDE": "END" }, "geometry": { "type": "Point", "coordinates": [ 306336.40728101687273, 98639.460778509586817 ] } },
{ "type": "Feature", "properties": { "OBJECTID": 2441, "TYPE": "END", "RAMP_TYPE": "OFF-RAMP", "TERMINAL_SIDE": "END" }, "geometry": { "type": "Point", "coordinates": [ 171612.962857051374158, 181963.140933898510411 ] } },
{ "type": "Feature", "properties": { "OBJECTID": 2453, "TYPE": "END", "RAMP_TYPE": "OFF-RAMP", "TERMINAL_SIDE": "END" }, "geometry": { "type": "Point", "coordinates": [ 106443.6188824569399, 336817.047667794686276 ] } },
{ "type": "Feature", "properties": { "OBJECTID": 2454, "TYPE": "END", "RAMP_TYPE": "OFF-RAMP", "TERMINAL_SIDE": "END" }, "geometry": { "type": "Point", "coordinates": [ 8047.280331385078171, 194972.560931207059184 ] } },
{ "type": "Feature", "properties": { "OBJECTID": 2455, "TYPE": "END", "RAMP_TYPE": "OFF-RAMP", "TERMINAL_SIDE": "END" }, "geometry": { "type": "Point", "coordinates": [ 186205.42511726837256, 147522.69286117493175 ] } },
{ "type": "Feature", "properties": { "OBJECTID": 2457, "TYPE": "END", "RAMP_TYPE": "OFF-RAMP", "TERMINAL_SIDE": "END" }, "geometry": { "type": "Point", "coordinates": [ 192204.621331289818045, 293963.1482321669464 ] } },
{ "type": "Feature", "properties": { "OBJECTID": 2462, "TYPE": "END", "RAMP_TYPE": "OFF-RAMP", "TERMINAL_SIDE": "END" }, "geometry": { "type": "Point", "coordinates": [ 183677.902596814208664, 157584.001500930578914 ] } },
{ "type": "Feature", "properties": { "OBJECTID": 2469, "TYPE": "END", "RAMP_TYPE": "OFF-RAMP", "TERMINAL_SIDE": "END" }, "geometry": { "type": "Point", "coordinates": [ -89523.17274112009909, 122019.999630151840393 ] } },
{ "type": "Feature", "properties": { "OBJECTID": 2473, "TYPE": "END", "RAMP_TYPE": "OFF-RAMP", "TERMINAL_SIDE": "END" }, "geometry": { "type": "Point", "coordinates": [ 199559.921405534987571, 324354.398845448566135 ] } },
{ "type": "Feature", "properties": { "OBJECTID": 2478, "TYPE": "END", "RAMP_TYPE": "OFF-RAMP", "TERMINAL_SIDE": "END" }, "geometry": { "type": "Point", "coordinates": [ -15549.569332873712483, 201172.359034057619283 ] } },
{ "type": "Feature", "properties": { "OBJECTID": 2480, "TYPE": "END", "RAMP_TYPE": "OFF-RAMP", "TERMINAL_SIDE": "END" }, "geometry": { "type": "Point", "coordinates": [ -47194.442145668246667, 147043.430811063182773 ] } },
{ "type": "Feature", "properties": { "OBJECTID": 2482, "TYPE": "END", "RAMP_TYPE": "OFF-RAMP", "TERMINAL_SIDE": "END" }, "geometry": { "type": "Point", "coordinates": [ 303549.410691941040568, 98515.00412128077005 ] } },
{ "type": "Feature", "properties": { "OBJECTID": 2489, "TYPE": "END", "RAMP_TYPE": "OFF-RAMP", "TERMINAL_SIDE": "END" }, "geometry": { "type": "Point", "coordinates": [ -39026.970433856564341, 142427.797155108099105 ] } },
{ "type": "Feature", "properties": { "OBJECTID": 2492, "TYPE": "END", "RAMP_TYPE": "OFF-RAMP", "TERMINAL_SIDE": "END" }, "geometry": { "type": "Point", "coordinates": [ 180048.541304409445729, 176843.812569083762355 ] } },
{ "type": "Feature", "properties": { "OBJECTID": 2496, "TYPE": "END", "RAMP_TYPE": "OFF-RAMP", "TERMINAL_SIDE": "END" }, "geometry": { "type": "Point", "coordinates": [ 157273.236216188321123, 105807.070442962984089 ] } },
{ "type": "Feature", "properties": { "OBJECTID": 2502, "TYPE": "END", "RAMP_TYPE": "OFF-RAMP", "TERMINAL_SIDE": "END" }, "geometry": { "type": "Point", "coordinates": [ 120631.670525959023507, 67587.262343963608146 ] } },
{ "type": "Feature", "properties": { "OBJECTID": 2505, "TYPE": "END", "RAMP_TYPE": "OFF-RAMP", "TERMINAL_SIDE": "END" }, "geometry": { "type": "Point", "coordinates": [ 278384.083551112154964, 93578.59779669198906 ] } },
{ "type": "Feature", "properties": { "OBJECTID": 2509, "TYPE": "END", "RAMP_TYPE": "OFF-RAMP", "TERMINAL_SIDE": "END" }, "geometry": { "type": "Point", "coordinates": [ 187818.733166163176065, 116972.302475934309768 ] } },
{ "type": "Feature", "properties": { "OBJECTID": 2515, "TYPE": "END", "RAMP_TYPE": "OFF-RAMP", "TERMINAL_SIDE": "END" }, "geometry": { "type": "Point", "coordinates": [ -121365.60950642132957, 95254.810466131792055 ] } },
{ "type": "Feature", "properties": { "OBJECTID": 2524, "TYPE": "END", "RAMP_TYPE": "OFF-RAMP", "TERMINAL_SIDE": "END" }, "geometry": { "type": "Point", "coordinates": [ 212574.961120176420081, 321429.428318927879445 ] } },
{ "type": "Feature", "properties": { "OBJECTID": 2542, "TYPE": "END", "RAMP_TYPE": "OFF-RAMP", "TERMINAL_SIDE": "END" }, "geometry": { "type": "Point", "coordinates": [ 209691.408948038413655, 318131.847660058643669 ] } },
{ "type": "Feature", "properties": { "OBJECTID": 2551, "TYPE": "END", "RAMP_TYPE": "OFF-RAMP", "TERMINAL_SIDE": "END" }, "geometry": { "type": "Point", "coordinates": [ 273572.870821274875198, 100832.879344938060967 ] } },
{ "type": "Feature", "properties": { "OBJECTID": 2578, "TYPE": "END", "RAMP_TYPE": "OFF-RAMP", "TERMINAL_SIDE": "END" }, "geometry": { "type": "Point", "coordinates": [ 208680.806731195014436, 317164.527429590292741 ] } },
{ "type": "Feature", "properties": { "OBJECTID": 2596, "TYPE": "END", "RAMP_TYPE": "OFF-RAMP", "TERMINAL_SIDE": "END" }, "geometry": { "type": "Point", "coordinates": [ 195437.638664988771779, 298912.738280659657903 ] } },
{ "type": "Feature", "properties": { "OBJECTID": 2606, "TYPE": "END", "RAMP_TYPE": "OFF-RAMP", "TERMINAL_SIDE": "END" }, "geometry": { "type": "Point", "coordinates": [ 180410.913419653079472, 189335.561632925731828 ] } },
{ "type": "Feature", "properties": { "OBJECTID": 2617, "TYPE": "END", "RAMP_TYPE": "OFF-RAMP", "TERMINAL_SIDE": "END" }, "geometry": { "type": "Point", "coordinates": [ -38828.441358842166665, 142407.859659277222818 ] } },
{ "type": "Feature", "properties": { "OBJECTID": 2622, "TYPE": "END", "RAMP_TYPE": "OFF-RAMP", "TERMINAL_SIDE": "END" }, "geometry": { "type": "Point", "coordinates": [ 198005.388848207541741, 325367.616346814029384 ] } },
{ "type": "Feature", "properties": { "OBJECTID": 2624, "TYPE": "END", "RAMP_TYPE": "OFF-RAMP", "TERMINAL_SIDE": "END" }, "geometry": { "type": "Point", "coordinates": [ 287456.508192651264835, 91021.424080880155088 ] } },
{ "type": "Feature", "properties": { "OBJECTID": 2653, "TYPE": "END", "RAMP_TYPE": "OFF-RAMP", "TERMINAL_SIDE": "END" }, "geometry": { "type": "Point", "coordinates": [ 31654.011715983338945, 225372.862784430966713 ] } },
{ "type": "Feature", "properties": { "OBJECTID": 2726, "TYPE": "END", "RAMP_TYPE": "OFF-RAMP", "TERMINAL_SIDE": "END" }, "geometry": { "type": "Point", "coordinates": [ 111068.637397134123603, 342814.150580659683328 ] } },
{ "type": "Feature", "properties": { "OBJECTID": 2732, "TYPE": "END", "RAMP_TYPE": "OFF-RAMP", "TERMINAL_SIDE": "END" }, "geometry": { "type": "Point", "coordinates": [ 209918.736497799545759, 318429.607588405604474 ] } },
{ "type": "Feature", "properties": { "OBJECTID": 2736, "TYPE": "END", "RAMP_TYPE": "OFF-RAMP", "TERMINAL_SIDE": "END" }, "geometry": { "type": "Point", "coordinates": [ 203174.176237538078567, 312387.503845044004265 ] } },
{ "type": "Feature", "properties": { "OBJECTID": 2767, "TYPE": "END", "RAMP_TYPE": "OFF-RAMP", "TERMINAL_SIDE": "END" }, "geometry": { "type": "Point", "coordinates": [ 201284.200393947772682, 309688.473380721407011 ] } },
{ "type": "Feature", "properties": { "OBJECTID": 2773, "TYPE": "END", "RAMP_TYPE": "OFF-RAMP", "TERMINAL_SIDE": "END" }, "geometry": { "type": "Point", "coordinates": [ 52021.819249381129339, 227201.494422403047793 ] } },
{ "type": "Feature", "properties": { "OBJECTID": 2774, "TYPE": "END", "RAMP_TYPE": "OFF-RAMP", "TERMINAL_SIDE": "END" }, "geometry": { "type": "Point", "coordinates": [ 170096.785981770575745, 183591.100412314786809 ] } },
{ "type": "Feature", "properties": { "OBJECTID": 2777, "TYPE": "END", "RAMP_TYPE": "OFF-RAMP", "TERMINAL_SIDE": "END" }, "geometry": { "type": "Point", "coordinates": [ -244349.5312069284264, 70534.450430859389598 ] } },
{ "type": "Feature", "properties": { "OBJECTID": 2786, "TYPE": "END", "RAMP_TYPE": "OFF-RAMP", "TERMINAL_SIDE": "END" }, "geometry": { "type": "Point", "coordinates": [ 174434.458470541751012, 179986.919362717715558 ] } },
{ "type": "Feature", "properties": { "OBJECTID": 2791, "TYPE": "END", "RAMP_TYPE": "OFF-RAMP", "TERMINAL_SIDE": "END" }, "geometry": { "type": "Point", "coordinates": [ -121499.356159067217959, 95262.220228322315961 ] } },
{ "type": "Feature", "properties": { "OBJECTID": 2797, "TYPE": "END", "RAMP_TYPE": "OFF-RAMP", "TERMINAL_SIDE": "END" }, "geometry": { "type": "Point", "coordinates": [ -240133.184993754082825, 72662.483621874038363 ] } },
{ "type": "Feature", "properties": { "OBJECTID": 2800, "TYPE": "END", "RAMP_TYPE": "OFF-RAMP", "TERMINAL_SIDE": "END" }, "geometry": { "type": "Point", "coordinates": [ 192771.558793228294235, 321739.487898211635184 ] } },
{ "type": "Feature", "properties": { "OBJECTID": 2802, "TYPE": "END", "RAMP_TYPE": "OFF-RAMP", "TERMINAL_SIDE": "END" }, "geometry": { "type": "Point", "coordinates": [ -23059.585820691339904, 203182.315991058829241 ] } },
{ "type": "Feature", "properties": { "OBJECTID": 2804, "TYPE": "END", "RAMP_TYPE": "OFF-RAMP", "TERMINAL_SIDE": "END" }, "geometry": { "type": "Point", "coordinates": [ 184537.175459796242649, 174622.219506313238526 ] } },
{ "type": "Feature", "properties": { "OBJECTID": 2818, "TYPE": "END", "RAMP_TYPE": "OFF-RAMP", "TERMINAL_SIDE": "END" }, "geometry": { "type": "Point", "coordinates": [ 71592.77074100158643, 294210.952302669291385 ] } },
{ "type": "Feature", "properties": { "OBJECTID": 2821, "TYPE": "END", "RAMP_TYPE": "OFF-RAMP", "TERMINAL_SIDE": "END" }, "geometry": { "type": "Point", "coordinates": [ 282250.123657904856373, 117575.231792963386397 ] } },
{ "type": "Feature", "properties": { "OBJECTID": 2831, "TYPE": "END", "RAMP_TYPE": "OFF-RAMP", "TERMINAL_SIDE": "END" }, "geometry": { "type": "Point", "coordinates": [ 48857.849715470139927, 228804.273817116278224 ] } },
{ "type": "Feature", "properties": { "OBJECTID": 2832, "TYPE": "END", "RAMP_TYPE": "OFF-RAMP", "TERMINAL_SIDE": "END" }, "geometry": { "type": "Point", "coordinates": [ 65665.976659229476354, 284794.72477223072201 ] } },
{ "type": "Feature", "properties": { "OBJECTID": 2836, "TYPE": "END", "RAMP_TYPE": "OFF-RAMP", "TERMINAL_SIDE": "END" }, "geometry": { "type": "Point", "coordinates": [ 293385.222219193237834, 98601.274552409435273 ] } },
{ "type": "Feature", "properties": { "OBJECTID": 2840, "TYPE": "END", "RAMP_TYPE": "OFF-RAMP", "TERMINAL_SIDE": "END" }, "geometry": { "type": "Point", "coordinates": [ -30883.401195520298643, 200894.392154723987915 ] } },
{ "type": "Feature", "properties": { "OBJECTID": 2847, "TYPE": "END", "RAMP_TYPE": "OFF-RAMP", "TERMINAL_SIDE": "END" }, "geometry": { "type": "Point", "coordinates": [ 92216.790661136430572, 329525.172999941103626 ] } },
{ "type": "Feature", "properties": { "OBJECTID": 2859, "TYPE": "END", "RAMP_TYPE": "OFF-RAMP", "TERMINAL_SIDE": "END" }, "geometry": { "type": "Point", "coordinates": [ 56846.769025945490284, 270539.860054943303112 ] } },
{ "type": "Feature", "properties": { "OBJECTID": 2883, "TYPE": "END", "RAMP_TYPE": "OFF-RAMP", "TERMINAL_SIDE": "END" }, "geometry": { "type": "Point", "coordinates": [ 123617.687771048644208, 80475.95058729997254 ] } },
{ "type": "Feature", "properties": { "OBJECTID": 2884, "TYPE": "END", "RAMP_TYPE": "OFF-RAMP", "TERMINAL_SIDE": "END" }, "geometry": { "type": "Point", "coordinates": [ -30044.960667279468908, 161839.727941845310852 ] } },
{ "type": "Feature", "properties": { "OBJECTID": 2887, "TYPE": "END", "RAMP_TYPE": "OFF-RAMP", "TERMINAL_SIDE": "END" }, "geometry": { "type": "Point", "coordinates": [ 299899.319789461616892, 97933.586873152948101 ] } },
{ "type": "Feature", "properties": { "OBJECTID": 2888, "TYPE": "END", "RAMP_TYPE": "OFF-RAMP", "TERMINAL_SIDE": "END" }, "geometry": { "type": "Point", "coordinates": [ -210469.184270512108924, 86694.303944070532452 ] } },
{ "type": "Feature", "properties": { "OBJECTID": 2890, "TYPE": "END", "RAMP_TYPE": "OFF-RAMP", "TERMINAL_SIDE": "END" }, "geometry": { "type": "Point", "coordinates": [ -144639.882249509420944, 123497.066568632420967 ] } },
{ "type": "Feature", "properties": { "OBJECTID": 2891, "TYPE": "END", "RAMP_TYPE": "OFF-RAMP", "TERMINAL_SIDE": "END" }, "geometry": { "type": "Point", "coordinates": [ 212011.709900323709007, 312616.019932249386329 ] } },
{ "type": "Feature", "properties": { "OBJECTID": 2896, "TYPE": "END", "RAMP_TYPE": "OFF-RAMP", "TERMINAL_SIDE": "END" }, "geometry": { "type": "Point", "coordinates": [ 202652.883736263436731, 313712.857305725454353 ] } },
{ "type": "Feature", "properties": { "OBJECTID": 2899, "TYPE": "END", "RAMP_TYPE": "OFF-RAMP", "TERMINAL_SIDE": "END" }, "geometry": { "type": "Point", "coordinates": [ 49179.545262007981364, 228969.678357659926405 ] } },
{ "type": "Feature", "properties": { "OBJECTID": 2901, "TYPE": "END", "RAMP_TYPE": "OFF-RAMP", "TERMINAL_SIDE": "END" }, "geometry": { "type": "Point", "coordinates": [ 187864.415488355356501, 106908.374732132113422 ] } },
{ "type": "Feature", "properties": { "OBJECTID": 2907, "TYPE": "END", "RAMP_TYPE": "OFF-RAMP", "TERMINAL_SIDE": "END" }, "geometry": { "type": "Point", "coordinates": [ -143923.415390585752903, 141716.781269220839022 ] } },
{ "type": "Feature", "properties": { "OBJECTID": 2913, "TYPE": "END", "RAMP_TYPE": "OFF-RAMP", "TERMINAL_SIDE": "END" }, "geometry": { "type": "Point", "coordinates": [ 84536.863884277670877, 224681.668035052891355 ] } },
{ "type": "Feature", "properties": { "OBJECTID": 2922, "TYPE": "END", "RAMP_TYPE": "OFF-RAMP", "TERMINAL_SIDE": "END" }, "geometry": { "type": "Point", "coordinates": [ 190681.771854046499357, 132706.575709931639722 ] } },
{ "type": "Feature", "properties": { "OBJECTID": 2927, "TYPE": "END", "RAMP_TYPE": "OFF-RAMP", "TERMINAL_SIDE": "END" }, "geometry": { "type": "Point", "coordinates": [ 175015.223207652423298, 180275.476853595289867 ] } },
{ "type": "Feature", "properties": { "OBJECTID": 2929, "TYPE": "END", "RAMP_TYPE": "OFF-RAMP", "TERMINAL_SIDE": "END" }, "geometry": { "type": "Point", "coordinates": [ 266484.920341893448494, 127986.210700791692943 ] } },
{ "type": "Feature", "properties": { "OBJECTID": 2931, "TYPE": "END", "RAMP_TYPE": "OFF-RAMP", "TERMINAL_SIDE": "END" }, "geometry": { "type": "Point", "coordinates": [ 287593.316066161380149, 106916.864172125104233 ] } },
{ "type": "Feature", "properties": { "OBJECTID": 2934, "TYPE": "END", "RAMP_TYPE": "OFF-RAMP", "TERMINAL_SIDE": "END" }, "geometry": { "type": "Point", "coordinates": [ 50143.69090284142294, 261713.820465243043145 ] } },
{ "type": "Feature", "properties": { "OBJECTID": 2952, "TYPE": "END", "RAMP_TYPE": "OFF-RAMP", "TERMINAL_SIDE": "END" }, "geometry": { "type": "Point", "coordinates": [ 44243.618486834035139, 243392.788299786829157 ] } },
{ "type": "Feature", "properties": { "OBJECTID": 2960, "TYPE": "END", "RAMP_TYPE": "OFF-RAMP", "TERMINAL_SIDE": "END" }, "geometry": { "type": "Point", "coordinates": [ -43387.450682547721954, 197027.193143491109367 ] } },
{ "type": "Feature", "properties": { "OBJECTID": 2961, "TYPE": "END", "RAMP_TYPE": "OFF-RAMP", "TERMINAL_SIDE": "END" }, "geometry": { "type": "Point", "coordinates": [ 121448.504939529622789, 324393.225382511736825 ] } },
{ "type": "Feature", "properties": { "OBJECTID": 2968, "TYPE": "END", "RAMP_TYPE": "OFF-RAMP", "TERMINAL_SIDE": "END" }, "geometry": { "type": "Point", "coordinates": [ -109375.162113692742423, 114613.910688610529178 ] } },
{ "type": "Feature", "properties": { "OBJECTID": 2970, "TYPE": "END", "RAMP_TYPE": "OFF-RAMP", "TERMINAL_SIDE": "END" }, "geometry": { "type": "Point", "coordinates": [ 280872.580102140840609, 95338.093895027021063 ] } },
{ "type": "Feature", "properties": { "OBJECTID": 2972, "TYPE": "END", "RAMP_TYPE": "OFF-RAMP", "TERMINAL_SIDE": "END" }, "geometry": { "type": "Point", "coordinates": [ 100843.461129338669707, 334385.64505248790374 ] } },
{ "type": "Feature", "properties": { "OBJECTID": 2979, "TYPE": "END", "RAMP_TYPE": "OFF-RAMP", "TERMINAL_SIDE": "END" }, "geometry": { "type": "Point", "coordinates": [ 199955.028648734441958, 324030.073922577837948 ] } },
{ "type": "Feature", "properties": { "OBJECTID": 2985, "TYPE": "END", "RAMP_TYPE": "OFF-RAMP", "TERMINAL_SIDE": "END" }, "geometry": { "type": "Point", "coordinates": [ 89931.892935710027814, 223906.524424687202554 ] } },
{ "type": "Feature", "properties": { "OBJECTID": 2986, "TYPE": "END", "RAMP_TYPE": "OFF-RAMP", "TERMINAL_SIDE": "END" }, "geometry": { "type": "Point", "coordinates": [ 178482.698343390540686, 316934.389705398003571 ] } },
{ "type": "Feature", "properties": { "OBJECTID": 2987, "TYPE": "END", "RAMP_TYPE": "OFF-RAMP", "TERMINAL_SIDE": "END" }, "geometry": { "type": "Point", "coordinates": [ -194599.69080385795678, 90437.894879176325048 ] } },
{ "type": "Feature", "properties": { "OBJECTID": 2991, "TYPE": "END", "RAMP_TYPE": "OFF-RAMP", "TERMINAL_SIDE": "END" }, "geometry": { "type": "Point", "coordinates": [ 297914.335185054515023, 98222.091318892154959 ] } },
{ "type": "Feature", "properties": { "OBJECTID": 2992, "TYPE": "END", "RAMP_TYPE": "OFF-RAMP", "TERMINAL_SIDE": "END" }, "geometry": { "type": "Point", "coordinates": [ 197761.146733046043664, 302610.724787530198228 ] } },
{ "type": "Feature", "properties": { "OBJECTID": 2995, "TYPE": "END", "RAMP_TYPE": "OFF-RAMP", "TERMINAL_SIDE": "END" }, "geometry": { "type": "Point", "coordinates": [ 181522.511688502330799, 270817.746665441663936 ] } },
{ "type": "Feature", "properties": { "OBJECTID": 3001, "TYPE": "END", "RAMP_TYPE": "OFF-RAMP", "TERMINAL_SIDE": "END" }, "geometry": { "type": "Point", "coordinates": [ 178936.587164555094205, 177737.479290050861891 ] } },
{ "type": "Feature", "properties": { "OBJECTID": 3004, "TYPE": "END", "RAMP_TYPE": "OFF-RAMP", "TERMINAL_SIDE": "END" }, "geometry": { "type": "Point", "coordinates": [ 178236.140978429233655, 133738.629042391607072 ] } },
{ "type": "Feature", "properties": { "OBJECTID": 3006, "TYPE": "END", "RAMP_TYPE": "OFF-RAMP", "TERMINAL_SIDE": "END" }, "geometry": { "type": "Point", "coordinates": [ -14076.914714364220345, 172773.631236898159841 ] } },
{ "type": "Feature", "properties": { "OBJECTID": 3008, "TYPE": "END", "RAMP_TYPE": "OFF-RAMP", "TERMINAL_SIDE": "END" }, "geometry": { "type": "Point", "coordinates": [ 270304.300009631318972, 125628.733814424122102 ] } },
{ "type": "Feature", "properties": { "OBJECTID": 3012, "TYPE": "END", "RAMP_TYPE": "OFF-RAMP", "TERMINAL_SIDE": "END" }, "geometry": { "type": "Point", "coordinates": [ 291398.47651926043909, 92558.820976792427246 ] } },
{ "type": "Feature", "properties": { "OBJECTID": 3014, "TYPE": "END", "RAMP_TYPE": "OFF-RAMP", "TERMINAL_SIDE": "END" }, "geometry": { "type": "Point", "coordinates": [ -30684.140548717918136, 200871.219599650590681 ] } },
{ "type": "Feature", "properties": { "OBJECTID": 3015, "TYPE": "END", "RAMP_TYPE": "OFF-RAMP", "TERMINAL_SIDE": "END" }, "geometry": { "type": "Point", "coordinates": [ 289003.43771514040418, 105868.206195856255363 ] } },
{ "type": "Feature", "properties": { "OBJECTID": 3016, "TYPE": "END", "RAMP_TYPE": "OFF-RAMP", "TERMINAL_SIDE": "END" }, "geometry": { "type": "Point", "coordinates": [ 189106.314313603856135, 172095.644516606116667 ] } },
{ "type": "Feature", "properties": { "OBJECTID": 3024, "TYPE": "END", "RAMP_TYPE": "OFF-RAMP", "TERMINAL_SIDE": "END" }, "geometry": { "type": "Point", "coordinates": [ 173140.363540274294792, 69012.256291208585026 ] } },
{ "type": "Feature", "properties": { "OBJECTID": 3031, "TYPE": "END", "RAMP_TYPE": "OFF-RAMP", "TERMINAL_SIDE": "END" }, "geometry": { "type": "Point", "coordinates": [ 245104.215456206409726, 153726.811898239160655 ] } },
{ "type": "Feature", "properties": { "OBJECTID": 3033, "TYPE": "END", "RAMP_TYPE": "OFF-RAMP", "TERMINAL_SIDE": "END" }, "geometry": { "type": "Point", "coordinates": [ 189642.072837044543121, 134293.764539556315867 ] } },
{ "type": "Feature", "properties": { "OBJECTID": 3034, "TYPE": "END", "RAMP_TYPE": "OFF-RAMP", "TERMINAL_SIDE": "END" }, "geometry": { "type": "Point", "coordinates": [ 151460.085881194594549, 100628.270141141765635 ] } },
{ "type": "Feature", "properties": { "OBJECTID": 3035, "TYPE": "END", "RAMP_TYPE": "OFF-RAMP", "TERMINAL_SIDE": "END" }, "geometry": { "type": "Point", "coordinates": [ 173293.92482894990826, 69051.583865949767642 ] } },
{ "type": "Feature", "properties": { "OBJECTID": 3039, "TYPE": "END", "RAMP_TYPE": "OFF-RAMP", "TERMINAL_SIDE": "END" }, "geometry": { "type": "Point", "coordinates": [ 190064.017830623255577, 134362.139971255965065 ] } },
{ "type": "Feature", "properties": { "OBJECTID": 3041, "TYPE": "END", "RAMP_TYPE": "OFF-RAMP", "TERMINAL_SIDE": "END" }, "geometry": { "type": "Point", "coordinates": [ 84483.531662296925788, 319138.925320074893534 ] } },
{ "type": "Feature", "properties": { "OBJECTID": 3048, "TYPE": "END", "RAMP_TYPE": "OFF-RAMP", "TERMINAL_SIDE": "END" }, "geometry": { "type": "Point", "coordinates": [ 286888.308206618239637, 98892.809394858486485 ] } },
{ "type": "Feature", "properties": { "OBJECTID": 3049, "TYPE": "END", "RAMP_TYPE": "OFF-RAMP", "TERMINAL_SIDE": "END" }, "geometry": { "type": "Point", "coordinates": [ -35460.794972505616897, 154408.619369648920838 ] } },
{ "type": "Feature", "properties": { "OBJECTID": 3051, "TYPE": "END", "RAMP_TYPE": "OFF-RAMP", "TERMINAL_SIDE": "END" }, "geometry": { "type": "Point", "coordinates": [ -214166.903813043289119, 84873.731398350006202 ] } },
{ "type": "Feature", "properties": { "OBJECTID": 3054, "TYPE": "END", "RAMP_TYPE": "OFF-RAMP", "TERMINAL_SIDE": "END" }, "geometry": { "type": "Point", "coordinates": [ 188904.816566822642926, 172319.263744348398177 ] } },
{ "type": "Feature", "properties": { "OBJECTID": 3076, "TYPE": "END", "RAMP_TYPE": "OFF-RAMP", "TERMINAL_SIDE": "END" }, "geometry": { "type": "Point", "coordinates": [ 294356.418647318205331, 102331.16420064146223 ] } },
{ "type": "Feature", "properties": { "OBJECTID": 3078, "TYPE": "END", "RAMP_TYPE": "OFF-RAMP", "TERMINAL_SIDE": "END" }, "geometry": { "type": "Point", "coordinates": [ 68073.661088665874559, 227274.740511413168861 ] } },
{ "type": "Feature", "properties": { "OBJECTID": 3080, "TYPE": "END", "RAMP_TYPE": "OFF-RAMP", "TERMINAL_SIDE": "END" }, "geometry": { "type": "Point", "coordinates": [ 210086.318988438346423, 318684.803731928346679 ] } },
{ "type": "Feature", "properties": { "OBJECTID": 3081, "TYPE": "END", "RAMP_TYPE": "OFF-RAMP", "TERMINAL_SIDE": "END" }, "geometry": { "type": "Point", "coordinates": [ 56714.825183964829193, 270692.616630519798491 ] } },
{ "type": "Feature", "properties": { "OBJECTID": 3084, "TYPE": "END", "RAMP_TYPE": "OFF-RAMP", "TERMINAL_SIDE": "END" }, "geometry": { "type": "Point", "coordinates": [ 294879.007502044492867, 94876.255762326443801 ] } },
{ "type": "Feature", "properties": { "OBJECTID": 3088, "TYPE": "END", "RAMP_TYPE": "OFF-RAMP", "TERMINAL_SIDE": "END" }, "geometry": { "type": "Point", "coordinates": [ 137392.16042371164076, 92140.418380650284234 ] } },
{ "type": "Feature", "properties": { "OBJECTID": 3098, "TYPE": "END", "RAMP_TYPE": "OFF-RAMP", "TERMINAL_SIDE": "END" }, "geometry": { "type": "Point", "coordinates": [ 274771.282501558656804, 115282.644051374765695 ] } },
{ "type": "Feature", "properties": { "OBJECTID": 3099, "TYPE": "END", "RAMP_TYPE": "OFF-RAMP", "TERMINAL_SIDE": "END" }, "geometry": { "type": "Point", "coordinates": [ 245476.707166663312819, 153876.453030425822362 ] } },
{ "type": "Feature", "properties": { "OBJECTID": 3105, "TYPE": "END", "RAMP_TYPE": "OFF-RAMP", "TERMINAL_SIDE": "END" }, "geometry": { "type": "Point", "coordinates": [ 200748.268074504914694, 306709.93035311420681 ] } },
{ "type": "Feature", "properties": { "OBJECTID": 3106, "TYPE": "END", "RAMP_TYPE": "OFF-RAMP", "TERMINAL_SIDE": "END" }, "geometry": { "type": "Point", "coordinates": [ 285363.057569972123019, 97271.780583750325604 ] } },
{ "type": "Feature", "properties": { "OBJECTID": 3108, "TYPE": "END", "RAMP_TYPE": "OFF-RAMP", "TERMINAL_SIDE": "END" }, "geometry": { "type": "Point", "coordinates": [ 165104.417365557543235, 312400.875574691744987 ] } },
{ "type": "Feature", "properties": { "OBJECTID": 3110, "TYPE": "END", "RAMP_TYPE": "OFF-RAMP", "TERMINAL_SIDE": "END" }, "geometry": { "type": "Point", "coordinates": [ 257949.305970626388444, 138724.72900924141868 ] } },
{ "type": "Feature", "properties": { "OBJECTID": 3114, "TYPE": "END", "RAMP_TYPE": "OFF-RAMP", "TERMINAL_SIDE": "END" }, "geometry": { "type": "Point", "coordinates": [ 179128.508539466769435, 178113.250861609965796 ] } },
{ "type": "Feature", "properties": { "OBJECTID": 3116, "TYPE": "END", "RAMP_TYPE": "OFF-RAMP", "TERMINAL_SIDE": "END" }, "geometry": { "type": "Point", "coordinates": [ 182292.263518707186449, 275910.440512420493178 ] } },
{ "type": "Feature", "properties": { "OBJECTID": 3119, "TYPE": "END", "RAMP_TYPE": "OFF-RAMP", "TERMINAL_SIDE": "END" }, "geometry": { "type": "Point", "coordinates": [ 73440.966120087672607, 300543.480080460605677 ] } },
{ "type": "Feature", "properties": { "OBJECTID": 3123, "TYPE": "END", "RAMP_TYPE": "OFF-RAMP", "TERMINAL_SIDE": "END" }, "geometry": { "type": "Point", "coordinates": [ 197457.699406792671653, 319384.022470115101896 ] } },
{ "type": "Feature", "properties": { "OBJECTID": 3124, "TYPE": "END", "RAMP_TYPE": "OFF-RAMP", "TERMINAL_SIDE": "END" }, "geometry": { "type": "Point", "coordinates": [ -43028.332756210329535, 147613.477070372144226 ] } },
{ "type": "Feature", "properties": { "OBJECTID": 3125, "TYPE": "END", "RAMP_TYPE": "OFF-RAMP", "TERMINAL_SIDE": "END" }, "geometry": { "type": "Point", "coordinates": [ 200576.696434678597143, 307010.786255060811527 ] } },
{ "type": "Feature", "properties": { "OBJECTID": 3126, "TYPE": "END", "RAMP_TYPE": "OFF-RAMP", "TERMINAL_SIDE": "END" }, "geometry": { "type": "Point", "coordinates": [ 169892.592802953731734, 183168.536119525349932 ] } },
{ "type": "Feature", "properties": { "OBJECTID": 3132, "TYPE": "END", "RAMP_TYPE": "OFF-RAMP", "TERMINAL_SIDE": "END" }, "geometry": { "type": "Point", "coordinates": [ -49107.871165594602644, 146049.120857157773571 ] } },
{ "type": "Feature", "properties": { "OBJECTID": 3137, "TYPE": "END", "RAMP_TYPE": "OFF-RAMP", "TERMINAL_SIDE": "END" }, "geometry": { "type": "Point", "coordinates": [ -231070.048017968831118, 75548.594732943267445 ] } },
{ "type": "Feature", "properties": { "OBJECTID": 3138, "TYPE": "END", "RAMP_TYPE": "OFF-RAMP", "TERMINAL_SIDE": "END" }, "geometry": { "type": "Point", "coordinates": [ 180720.834880029869964, 189392.248711204185383 ] } },
{ "type": "Feature", "properties": { "OBJECTID": 3140, "TYPE": "END", "RAMP_TYPE": "OFF-RAMP", "TERMINAL_SIDE": "END" }, "geometry": { "type": "Point", "coordinates": [ -234481.016550104541238, 73234.569408900046255 ] } },
{ "type": "Feature", "properties": { "OBJECTID": 3141, "TYPE": "END", "RAMP_TYPE": "OFF-RAMP", "TERMINAL_SIDE": "END" }, "geometry": { "type": "Point", "coordinates": [ 180353.324850551201962, 206869.826776332251029 ] } },
{ "type": "Feature", "properties": { "OBJECTID": 3149, "TYPE": "END", "RAMP_TYPE": "OFF-RAMP", "TERMINAL_SIDE": "END" }, "geometry": { "type": "Point", "coordinates": [ 137461.55493919676519, 92597.069350938647403 ] } },
{ "type": "Feature", "properties": { "OBJECTID": 3150, "TYPE": "END", "RAMP_TYPE": "OFF-RAMP", "TERMINAL_SIDE": "END" }, "geometry": { "type": "Point", "coordinates": [ -65545.239923908389756, 137128.509033788868692 ] } },
{ "type": "Feature", "properties": { "OBJECTID": 3151, "TYPE": "END", "RAMP_TYPE": "OFF-RAMP", "TERMINAL_SIDE": "END" }, "geometry": { "type": "Point", "coordinates": [ 292587.75467030092841, 103004.088549130130559 ] } },
{ "type": "Feature", "properties": { "OBJECTID": 3153, "TYPE": "END", "RAMP_TYPE": "OFF-RAMP", "TERMINAL_SIDE": "END" }, "geometry": { "type": "Point", "coordinates": [ -144035.38406487298198, 115907.869033279173891 ] } },
{ "type": "Feature", "properties": { "OBJECTID": 3154, "TYPE": "END", "RAMP_TYPE": "OFF-RAMP", "TERMINAL_SIDE": "END" }, "geometry": { "type": "Point", "coordinates": [ 179837.097631056036334, 197305.358727708779043 ] } },
{ "type": "Feature", "properties": { "OBJECTID": 3170, "TYPE": "END", "RAMP_TYPE": "OFF-RAMP", "TERMINAL_SIDE": "END" }, "geometry": { "type": "Point", "coordinates": [ -65369.206102239615575, 137117.095210001134546 ] } },
{ "type": "Feature", "properties": { "OBJECTID": 3174, "TYPE": "END", "RAMP_TYPE": "OFF-RAMP", "TERMINAL_SIDE": "END" }, "geometry": { "type": "Point", "coordinates": [ 284984.572727151389699, 97206.086868977203267 ] } },
{ "type": "Feature", "properties": { "OBJECTID": 3175, "TYPE": "END", "RAMP_TYPE": "OFF-RAMP", "TERMINAL_SIDE": "END" }, "geometry": { "type": "Point", "coordinates": [ 117565.421259817958344, 354337.465234765433706 ] } },
{ "type": "Feature", "properties": { "OBJECTID": 3177, "TYPE": "END", "RAMP_TYPE": "OFF-RAMP", "TERMINAL_SIDE": "END" }, "geometry": { "type": "Point", "coordinates": [ 286995.005768628790975, 92288.349888717741123 ] } },
{ "type": "Feature", "properties": { "OBJECTID": 3181, "TYPE": "END", "RAMP_TYPE": "OFF-RAMP", "TERMINAL_SIDE": "END" }, "geometry": { "type": "Point", "coordinates": [ 310281.947905411128886, 99676.363248855312122 ] } },
{ "type": "Feature", "properties": { "OBJECTID": 3183, "TYPE": "END", "RAMP_TYPE": "OFF-RAMP", "TERMINAL_SIDE": "END" }, "geometry": { "type": "Point", "coordinates": [ 176810.629496337816818, 83182.296778978226939 ] } },
{ "type": "Feature", "properties": { "OBJECTID": 3185, "TYPE": "END", "RAMP_TYPE": "OFF-RAMP", "TERMINAL_SIDE": "END" }, "geometry": { "type": "Point", "coordinates": [ 159537.778861559723737, 109979.70204168264172 ] } },
{ "type": "Feature", "properties": { "OBJECTID": 3187, "TYPE": "END", "RAMP_TYPE": "OFF-RAMP", "TERMINAL_SIDE": "END" }, "geometry": { "type": "Point", "coordinates": [ 159725.595912309188861, 109806.21400022279704 ] } },
{ "type": "Feature", "properties": { "OBJECTID": 3190, "TYPE": "END", "RAMP_TYPE": "OFF-RAMP", "TERMINAL_SIDE": "END" }, "geometry": { "type": "Point", "coordinates": [ 266432.964092508307658, 128094.618160436337348 ] } },
{ "type": "Feature", "properties": { "OBJECTID": 3193, "TYPE": "END", "RAMP_TYPE": "OFF-RAMP", "TERMINAL_SIDE": "END" }, "geometry": { "type": "Point", "coordinates": [ -40550.459352421661606, 151238.077678877307335 ] } },
{ "type": "Feature", "properties": { "OBJECTID": 3203, "TYPE": "END", "RAMP_TYPE": "OFF-RAMP", "TERMINAL_SIDE": "END" }, "geometry": { "type": "Point", "coordinates": [ 242406.243893885461148, 157395.296407254703809 ] } },
{ "type": "Feature", "properties": { "OBJECTID": 3211, "TYPE": "END", "RAMP_TYPE": "OFF-RAMP", "TERMINAL_SIDE": "END" }, "geometry": { "type": "Point", "coordinates": [ 180640.07279163095518, 134912.145723503403133 ] } },
{ "type": "Feature", "properties": { "OBJECTID": 3212, "TYPE": "END", "RAMP_TYPE": "OFF-RAMP", "TERMINAL_SIDE": "END" }, "geometry": { "type": "Point", "coordinates": [ 141365.477703693381045, 94847.168467414478073 ] } },
{ "type": "Feature", "properties": { "OBJECTID": 3220, "TYPE": "END", "RAMP_TYPE": "OFF-RAMP", "TERMINAL_SIDE": "END" }, "geometry": { "type": "Point", "coordinates": [ 179956.904516023496399, 197318.073715291044209 ] } },
{ "type": "Feature", "properties": { "OBJECTID": 3224, "TYPE": "END", "RAMP_TYPE": "OFF-RAMP", "TERMINAL_SIDE": "END" }, "geometry": { "type": "Point", "coordinates": [ 8861.005248954097624, 198720.5056201115367 ] } },
{ "type": "Feature", "properties": { "OBJECTID": 3225, "TYPE": "END", "RAMP_TYPE": "OFF-RAMP", "TERMINAL_SIDE": "END" }, "geometry": { "type": "Point", "coordinates": [ 210936.854427350481274, 323611.695571269374341 ] } },
{ "type": "Feature", "properties": { "OBJECTID": 3228, "TYPE": "END", "RAMP_TYPE": "OFF-RAMP", "TERMINAL_SIDE": "END" }, "geometry": { "type": "Point", "coordinates": [ 197419.840561965713277, 320473.039529886445962 ] } },
{ "type": "Feature", "properties": { "OBJECTID": 3231, "TYPE": "END", "RAMP_TYPE": "OFF-RAMP", "TERMINAL_SIDE": "END" }, "geometry": { "type": "Point", "coordinates": [ 44726.286416881870537, 231207.334588291298132 ] } },
{ "type": "Feature", "properties": { "OBJECTID": 3234, "TYPE": "END", "RAMP_TYPE": "OFF-RAMP", "TERMINAL_SIDE": "END" }, "geometry": { "type": "Point", "coordinates": [ 178642.528345449973131, 217039.884131637663813 ] } },
{ "type": "Feature", "properties": { "OBJECTID": 3236, "TYPE": "END", "RAMP_TYPE": "OFF-RAMP", "TERMINAL_SIDE": "END" }, "geometry": { "type": "Point", "coordinates": [ 197817.323626012483146, 322861.55648969655158 ] } },
{ "type": "Feature", "properties": { "OBJECTID": 3237, "TYPE": "END", "RAMP_TYPE": "OFF-RAMP", "TERMINAL_SIDE": "END" }, "geometry": { "type": "Point", "coordinates": [ -172425.187142703449354, 97490.794898163381731 ] } },
{ "type": "Feature", "properties": { "OBJECTID": 3239, "TYPE": "END", "RAMP_TYPE": "OFF-RAMP", "TERMINAL_SIDE": "END" }, "geometry": { "type": "Point", "coordinates": [ 287854.171617375861388, 91008.990930995845702 ] } },
{ "type": "Feature", "properties": { "OBJECTID": 3244, "TYPE": "END", "RAMP_TYPE": "OFF-RAMP", "TERMINAL_SIDE": "END" }, "geometry": { "type": "Point", "coordinates": [ -21885.438195168939274, 166564.316591653594514 ] } },
{ "type": "Feature", "properties": { "OBJECTID": 3249, "TYPE": "END", "RAMP_TYPE": "OFF-RAMP", "TERMINAL_SIDE": "END" }, "geometry": { "type": "Point", "coordinates": [ 141689.316813338169595, 318668.541882956342306 ] } },
{ "type": "Feature", "properties": { "OBJECTID": 3251, "TYPE": "END", "RAMP_TYPE": "OFF-RAMP", "TERMINAL_SIDE": "END" }, "geometry": { "type": "Point", "coordinates": [ 174102.92878030842985, 79929.753517536169966 ] } },
{ "type": "Feature", "properties": { "OBJECTID": 3252, "TYPE": "END", "RAMP_TYPE": "OFF-RAMP", "TERMINAL_SIDE": "END" }, "geometry": { "type": "Point", "coordinates": [ 49961.592842047000886, 261785.941025936772348 ] } },
{ "type": "Feature", "properties": { "OBJECTID": 3258, "TYPE": "END", "RAMP_TYPE": "OFF-RAMP", "TERMINAL_SIDE": "END" }, "geometry": { "type": "Point", "coordinates": [ -22996.625189054375369, 203454.444481807004195 ] } },
{ "type": "Feature", "properties": { "OBJECTID": 3261, "TYPE": "END", "RAMP_TYPE": "OFF-RAMP", "TERMINAL_SIDE": "END" }, "geometry": { "type": "Point", "coordinates": [ -53288.329414364787226, 143873.933073094347492 ] } },
{ "type": "Feature", "properties": { "OBJECTID": 3262, "TYPE": "END", "RAMP_TYPE": "OFF-RAMP", "TERMINAL_SIDE": "END" }, "geometry": { "type": "Point", "coordinates": [ 289015.51039112592116, 105845.415799559603329 ] } },
{ "type": "Feature", "properties": { "OBJECTID": 3265, "TYPE": "END", "RAMP_TYPE": "OFF-RAMP", "TERMINAL_SIDE": "END" }, "geometry": { "type": "Point", "coordinates": [ 203829.736465669324389, 314414.379552088619675 ] } },
{ "type": "Feature", "properties": { "OBJECTID": 3267, "TYPE": "END", "RAMP_TYPE": "OFF-RAMP", "TERMINAL_SIDE": "END" }, "geometry": { "type": "Point", "coordinates": [ 106543.381014042563038, 336666.647780978411902 ] } },
{ "type": "Feature", "properties": { "OBJECTID": 3285, "TYPE": "END", "RAMP_TYPE": "OFF-RAMP", "TERMINAL_SIDE": "END" }, "geometry": { "type": "Point", "coordinates": [ 213572.568729489430552, 169854.722031481942395 ] } },
{ "type": "Feature", "properties": { "OBJECTID": 3289, "TYPE": "END", "RAMP_TYPE": "OFF-RAMP", "TERMINAL_SIDE": "END" }, "geometry": { "type": "Point", "coordinates": [ 177690.651095592183992, 265707.095323457324412 ] } },
{ "type": "Feature", "properties": { "OBJECTID": 3295, "TYPE": "END", "RAMP_TYPE": "OFF-RAMP", "TERMINAL_SIDE": "END" }, "geometry": { "type": "Point", "coordinates": [ -120359.594000430894084, 108001.940723254869226 ] } },
{ "type": "Feature", "properties": { "OBJECTID": 3300, "TYPE": "END", "RAMP_TYPE": "OFF-RAMP", "TERMINAL_SIDE": "END" }, "geometry": { "type": "Point", "coordinates": [ 289020.515300054859836, 105550.80667821688985 ] } },
{ "type": "Feature", "properties": { "OBJECTID": 3305, "TYPE": "END", "RAMP_TYPE": "OFF-RAMP", "TERMINAL_SIDE": "END" }, "geometry": { "type": "Point", "coordinates": [ 98452.468297819621512, 335020.816645075625274 ] } },
{ "type": "Feature", "properties": { "OBJECTID": 3311, "TYPE": "END", "RAMP_TYPE": "OFF-RAMP", "TERMINAL_SIDE": "END" }, "geometry": { "type": "Point", "coordinates": [ 206599.17205587765784, 323091.94905644969549 ] } },
{ "type": "Feature", "properties": { "OBJECTID": 3314, "TYPE": "END", "RAMP_TYPE": "OFF-RAMP", "TERMINAL_SIDE": "END" }, "geometry": { "type": "Point", "coordinates": [ -166808.54533619779977, 100211.756629103008891 ] } },
{ "type": "Feature", "properties": { "OBJECTID": 3316, "TYPE": "END", "RAMP_TYPE": "OFF-RAMP", "TERMINAL_SIDE": "END" }, "geometry": { "type": "Point", "coordinates": [ 186223.337105494865682, 147584.309480961353984 ] } },
{ "type": "Feature", "properties": { "OBJECTID": 3321, "TYPE": "END", "RAMP_TYPE": "OFF-RAMP", "TERMINAL_SIDE": "END" }, "geometry": { "type": "Point", "coordinates": [ 187871.463668165291892, 285184.196511174144689 ] } },
{ "type": "Feature", "properties": { "OBJECTID": 3323, "TYPE": "END", "RAMP_TYPE": "OFF-RAMP", "TERMINAL_SIDE": "END" }, "geometry": { "type": "Point", "coordinates": [ 274214.194483650440816, 91480.825280691336957 ] } },
{ "type": "Feature", "properties": { "OBJECTID": 3328, "TYPE": "END", "RAMP_TYPE": "OFF-RAMP", "TERMINAL_SIDE": "END" }, "geometry": { "type": "Point", "coordinates": [ 93826.088848056358984, 224878.075899833900621 ] } },
{ "type": "Feature", "properties": { "OBJECTID": 3330, "TYPE": "END", "RAMP_TYPE": "OFF-RAMP", "TERMINAL_SIDE": "END" }, "geometry": { "type": "Point", "coordinates": [ 205018.868329556862591, 315144.57152368046809 ] } },
{ "type": "Feature", "properties": { "OBJECTID": 3332, "TYPE": "END", "RAMP_TYPE": "OFF-RAMP", "TERMINAL_SIDE": "END" }, "geometry": { "type": "Point", "coordinates": [ 185535.161083389684791, 282095.953815714863595 ] } },
{ "type": "Feature", "properties": { "OBJECTID": 3333, "TYPE": "END", "RAMP_TYPE": "OFF-RAMP", "TERMINAL_SIDE": "END" }, "geometry": { "type": "Point", "coordinates": [ 187796.535880983312381, 137198.349600805173395 ] } },
{ "type": "Feature", "properties": { "OBJECTID": 3335, "TYPE": "END", "RAMP_TYPE": "OFF-RAMP", "TERMINAL_SIDE": "END" }, "geometry": { "type": "Point", "coordinates": [ 161576.931021721131401, 188512.941845186607679 ] } },
{ "type": "Feature", "properties": { "OBJECTID": 3338, "TYPE": "END", "RAMP_TYPE": "OFF-RAMP", "TERMINAL_SIDE": "END" }, "geometry": { "type": "Point", "coordinates": [ -203637.963742685038596, 88093.648338731189142 ] } },
{ "type": "Feature", "properties": { "OBJECTID": 3347, "TYPE": "END", "RAMP_TYPE": "OFF-RAMP", "TERMINAL_SIDE": "END" }, "geometry": { "type": "Point", "coordinates": [ 282130.816589801106602, 118451.413613058321062 ] } },
{ "type": "Feature", "properties": { "OBJECTID": 3358, "TYPE": "END", "RAMP_TYPE": "OFF-RAMP", "TERMINAL_SIDE": "END" }, "geometry": { "type": "Point", "coordinates": [ 40507.771759914227005, 236474.344591085769935 ] } },
{ "type": "Feature", "properties": { "OBJECTID": 3360, "TYPE": "END", "RAMP_TYPE": "OFF-RAMP", "TERMINAL_SIDE": "END" }, "geometry": { "type": "Point", "coordinates": [ 288172.073650677164551, 98876.761306270927889 ] } },
{ "type": "Feature", "properties": { "OBJECTID": 3361, "TYPE": "END", "RAMP_TYPE": "OFF-RAMP", "TERMINAL_SIDE": "END" }, "geometry": { "type": "Point", "coordinates": [ 186968.08699032018194, 138109.799411065294407 ] } },
{ "type": "Feature", "properties": { "OBJECTID": 3362, "TYPE": "END", "RAMP_TYPE": "OFF-RAMP", "TERMINAL_SIDE": "END" }, "geometry": { "type": "Point", "coordinates": [ 284859.27986622141907, 96867.22978297881491 ] } },
{ "type": "Feature", "properties": { "OBJECTID": 3365, "TYPE": "END", "RAMP_TYPE": "OFF-RAMP", "TERMINAL_SIDE": "END" }, "geometry": { "type": "Point", "coordinates": [ 180838.454372711712494, 135151.525158919394016 ] } },
{ "type": "Feature", "properties": { "OBJECTID": 3366, "TYPE": "END", "RAMP_TYPE": "OFF-RAMP", "TERMINAL_SIDE": "END" }, "geometry": { "type": "Point", "coordinates": [ 180678.643279514595633, 193015.26077036454808 ] } },
{ "type": "Feature", "properties": { "OBJECTID": 3375, "TYPE": "END", "RAMP_TYPE": "OFF-RAMP", "TERMINAL_SIDE": "END" }, "geometry": { "type": "Point", "coordinates": [ 166421.847194955567829, 116629.636036810290534 ] } },
{ "type": "Feature", "properties": { "OBJECTID": 3376, "TYPE": "END", "RAMP_TYPE": "OFF-RAMP", "TERMINAL_SIDE": "END" }, "geometry": { "type": "Point", "coordinates": [ 193102.209793273505056, 297162.038135832350235 ] } },
{ "type": "Feature", "properties": { "OBJECTID": 3380, "TYPE": "END", "RAMP_TYPE": "OFF-RAMP", "TERMINAL_SIDE": "END" }, "geometry": { "type": "Point", "coordinates": [ -139574.471610897337086, 108457.120560579322046 ] } },
{ "type": "Feature", "properties": { "OBJECTID": 3390, "TYPE": "END", "RAMP_TYPE": "OFF-RAMP", "TERMINAL_SIDE": "END" }, "geometry": { "type": "Point", "coordinates": [ 187703.609618196263909, 110865.265683015313698 ] } },
{ "type": "Feature", "properties": { "OBJECTID": 3394, "TYPE": "END", "RAMP_TYPE": "OFF-RAMP", "TERMINAL_SIDE": "END" }, "geometry": { "type": "Point", "coordinates": [ 182495.946571354405023, 275683.00730963202659 ] } },
{ "type": "Feature", "properties": { "OBJECTID": 3409, "TYPE": "END", "RAMP_TYPE": "OFF-RAMP", "TERMINAL_SIDE": "END" }, "geometry": { "type": "Point", "coordinates": [ -234477.697119684889913, 73329.184676962730009 ] } },
{ "type": "Feature", "properties": { "OBJECTID": 3411, "TYPE": "END", "RAMP_TYPE": "OFF-RAMP", "TERMINAL_SIDE": "END" }, "geometry": { "type": "Point", "coordinates": [ -41703.720270487006928, 145550.975371555949096 ] } },
{ "type": "Feature", "properties": { "OBJECTID": 3414, "TYPE": "END", "RAMP_TYPE": "OFF-RAMP", "TERMINAL_SIDE": "END" }, "geometry": { "type": "Point", "coordinates": [ -158019.022290008695563, 103122.774354052744457 ] } },
{ "type": "Feature", "properties": { "OBJECTID": 3422, "TYPE": "END", "RAMP_TYPE": "OFF-RAMP", "TERMINAL_SIDE": "END" }, "geometry": { "type": "Point", "coordinates": [ 129229.295733795632259, 210271.932465182733722 ] } },
{ "type": "Feature", "properties": { "OBJECTID": 3426, "TYPE": "END", "RAMP_TYPE": "OFF-RAMP", "TERMINAL_SIDE": "END" }, "geometry": { "type": "Point", "coordinates": [ 193583.796265420503914, 297043.454681123141199 ] } },
{ "type": "Feature", "properties": { "OBJECTID": 3433, "TYPE": "END", "RAMP_TYPE": "OFF-RAMP", "TERMINAL_SIDE": "END" }, "geometry": { "type": "Point", "coordinates": [ -108229.48398188194551, 75464.746325249536312 ] } },
{ "type": "Feature", "properties": { "OBJECTID": 3437, "TYPE": "END", "RAMP_TYPE": "OFF-RAMP", "TERMINAL_SIDE": "END" }, "geometry": { "type": "Point", "coordinates": [ 197590.918738377251429, 322232.787895897519775 ] } },
{ "type": "Feature", "properties": { "OBJECTID": 3444, "TYPE": "END", "RAMP_TYPE": "OFF-RAMP", "TERMINAL_SIDE": "END" }, "geometry": { "type": "Point", "coordinates": [ -145299.264870463201078, 131834.109216235403437 ] } },
{ "type": "Feature", "properties": { "OBJECTID": 3448, "TYPE": "END", "RAMP_TYPE": "OFF-RAMP", "TERMINAL_SIDE": "END" }, "geometry": { "type": "Point", "coordinates": [ 73260.831207170864218, 300467.200464217399713 ] } },
{ "type": "Feature", "properties": { "OBJECTID": 3463, "TYPE": "END", "RAMP_TYPE": "OFF-RAMP", "TERMINAL_SIDE": "END" }, "geometry": { "type": "Point", "coordinates": [ 151346.98388602209161, 191146.428958080563461 ] } },
{ "type": "Feature", "properties": { "OBJECTID": 3467, "TYPE": "END", "RAMP_TYPE": "OFF-RAMP", "TERMINAL_SIDE": "END" }, "geometry": { "type": "Point", "coordinates": [ 87089.878384387746337, 223409.506468438339652 ] } },
{ "type": "Feature", "properties": { "OBJECTID": 3468, "TYPE": "END", "RAMP_TYPE": "OFF-RAMP", "TERMINAL_SIDE": "END" }, "geometry": { "type": "Point", "coordinates": [ 275576.843787305348087, 116136.423935892700683 ] } },
{ "type": "Feature", "properties": { "OBJECTID": 3471, "TYPE": "END", "RAMP_TYPE": "OFF-RAMP", "TERMINAL_SIDE": "END" }, "geometry": { "type": "Point", "coordinates": [ -40544.442900639405707, 151100.985772569809342 ] } },
{ "type": "Feature", "properties": { "OBJECTID": 3474, "TYPE": "END", "RAMP_TYPE": "OFF-RAMP", "TERMINAL_SIDE": "END" }, "geometry": { "type": "Point", "coordinates": [ -157992.685578753007576, 103245.562263522137073 ] } },
{ "type": "Feature", "properties": { "OBJECTID": 3477, "TYPE": "END", "RAMP_TYPE": "OFF-RAMP", "TERMINAL_SIDE": "END" }, "geometry": { "type": "Point", "coordinates": [ 179944.111010146036278, 176955.710995979257859 ] } },
{ "type": "Feature", "properties": { "OBJECTID": 3484, "TYPE": "END", "RAMP_TYPE": "OFF-RAMP", "TERMINAL_SIDE": "END" }, "geometry": { "type": "Point", "coordinates": [ 174346.076004809088772, 79819.262504942831583 ] } },
{ "type": "Feature", "properties": { "OBJECTID": 3491, "TYPE": "END", "RAMP_TYPE": "OFF-RAMP", "TERMINAL_SIDE": "END" }, "geometry": { "type": "Point", "coordinates": [ 185641.703338228398934, 152449.546295013162307 ] } },
{ "type": "Feature", "properties": { "OBJECTID": 3504, "TYPE": "END", "RAMP_TYPE": "OFF-RAMP", "TERMINAL_SIDE": "END" }, "geometry": { "type": "Point", "coordinates": [ 289597.784092620713636, 98988.340848412990454 ] } },
{ "type": "Feature", "properties": { "OBJECTID": 3508, "TYPE": "END", "RAMP_TYPE": "OFF-RAMP", "TERMINAL_SIDE": "END" }, "geometry": { "type": "Point", "coordinates": [ 198040.597625339752994, 328059.944330184545834 ] } },
{ "type": "Feature", "properties": { "OBJECTID": 3509, "TYPE": "END", "RAMP_TYPE": "OFF-RAMP", "TERMINAL_SIDE": "END" }, "geometry": { "type": "Point", "coordinates": [ 294620.753784239699598, 102516.59722896538733 ] } },
{ "type": "Feature", "properties": { "OBJECTID": 3514, "TYPE": "END", "RAMP_TYPE": "OFF-RAMP", "TERMINAL_SIDE": "END" }, "geometry": { "type": "Point", "coordinates": [ -139327.429918680514675, 108574.604535467922688 ] } },
{ "type": "Feature", "properties": { "OBJECTID": 3554, "TYPE": "END", "RAMP_TYPE": "OFF-RAMP", "TERMINAL_SIDE": "END" }, "geometry": { "type": "Point", "coordinates": [ 273916.462996175279841, 102623.23120803409256 ] } },
{ "type": "Feature", "properties": { "OBJECTID": 3600, "TYPE": "END", "RAMP_TYPE": "OFF-RAMP", "TERMINAL_SIDE": "END" }, "geometry": { "type": "Point", "coordinates": [ 31555.062227598544268, 224634.753180418367265 ] } },
{ "type": "Feature", "properties": { "OBJECTID": 3649, "TYPE": "END", "RAMP_TYPE": "OFF-RAMP", "TERMINAL_SIDE": "END" }, "geometry": { "type": "Point", "coordinates": [ 212740.037045178905828, 321375.770895388792269 ] } },
{ "type": "Feature", "properties": { "OBJECTID": 3652, "TYPE": "END", "RAMP_TYPE": "OFF-RAMP", "TERMINAL_SIDE": "END" }, "geometry": { "type": "Point", "coordinates": [ 197847.50564348307671, 319158.917227300466038 ] } },
{ "type": "Feature", "properties": { "OBJECTID": 3739, "TYPE": "END", "RAMP_TYPE": "OFF-RAMP", "TERMINAL_SIDE": "END" }, "geometry": { "type": "Point", "coordinates": [ -143675.462608758331044, 141643.12086078437278 ] } },
{ "type": "Feature", "properties": { "OBJECTID": 3763, "TYPE": "END", "RAMP_TYPE": "OFF-RAMP", "TERMINAL_SIDE": "END" }, "geometry": { "type": "Point", "coordinates": [ 98321.943472009283141, 334709.673658597399481 ] } },
{ "type": "Feature", "properties": { "OBJECTID": 3773, "TYPE": "END", "RAMP_TYPE": "OFF-RAMP", "TERMINAL_SIDE": "END" }, "geometry": { "type": "Point", "coordinates": [ 78429.767178878362756, 312248.081046983366832 ] } },
{ "type": "Feature", "properties": { "OBJECTID": 3790, "TYPE": "END", "RAMP_TYPE": "OFF-RAMP", "TERMINAL_SIDE": "END" }, "geometry": { "type": "Point", "coordinates": [ 175010.453434377035592, 250170.08955897402484 ] } },
{ "type": "Feature", "properties": { "OBJECTID": 3795, "TYPE": "END", "RAMP_TYPE": "OFF-RAMP", "TERMINAL_SIDE": "END" }, "geometry": { "type": "Point", "coordinates": [ -42094.981113827525405, 145296.414523417275632 ] } },
{ "type": "Feature", "properties": { "OBJECTID": 3800, "TYPE": "END", "RAMP_TYPE": "OFF-RAMP", "TERMINAL_SIDE": "END" }, "geometry": { "type": "Point", "coordinates": [ -41232.900874754079268, 197014.784394829155644 ] } },
{ "type": "Feature", "properties": { "OBJECTID": 3826, "TYPE": "END", "RAMP_TYPE": "OFF-RAMP", "TERMINAL_SIDE": "END" }, "geometry": { "type": "Point", "coordinates": [ 281738.324167909624521, 89331.841193954722257 ] } },
{ "type": "Feature", "properties": { "OBJECTID": 3844, "TYPE": "END", "RAMP_TYPE": "OFF-RAMP", "TERMINAL_SIDE": "END" }, "geometry": { "type": "Point", "coordinates": [ 78882.773619372193934, 226181.08048033589148 ] } },
{ "type": "Feature", "properties": { "OBJECTID": 3850, "TYPE": "END", "RAMP_TYPE": "OFF-RAMP", "TERMINAL_SIDE": "END" }, "geometry": { "type": "Point", "coordinates": [ 137658.80448842298938, 322898.877113606256898 ] } },
{ "type": "Feature", "properties": { "OBJECTID": 3931, "TYPE": "END", "RAMP_TYPE": "OFF-RAMP", "TERMINAL_SIDE": "END" }, "geometry": { "type": "Point", "coordinates": [ 201555.656760766578373, 310210.556342010968365 ] } },
{ "type": "Feature", "properties": { "OBJECTID": 3932, "TYPE": "END", "RAMP_TYPE": "OFF-RAMP", "TERMINAL_SIDE": "END" }, "geometry": { "type": "Point", "coordinates": [ 182609.528977175039472, 275620.724489028740209 ] } },
{ "type": "Feature", "properties": { "OBJECTID": 3950, "TYPE": "END", "RAMP_TYPE": "OFF-RAMP", "TERMINAL_SIDE": "END" }, "geometry": { "type": "Point", "coordinates": [ -35930.631750840875611, 154428.821869602194056 ] } },
{ "type": "Feature", "properties": { "OBJECTID": 3979, "TYPE": "END", "RAMP_TYPE": "OFF-RAMP", "TERMINAL_SIDE": "END" }, "geometry": { "type": "Point", "coordinates": [ 18790.66040317083025, 209375.757967520388775 ] } },
{ "type": "Feature", "properties": { "OBJECTID": 3984, "TYPE": "END", "RAMP_TYPE": "OFF-RAMP", "TERMINAL_SIDE": "END" }, "geometry": { "type": "Point", "coordinates": [ 177865.512173153692856, 175135.334328079596162 ] } },
{ "type": "Feature", "properties": { "OBJECTID": 4015, "TYPE": "END", "RAMP_TYPE": "OFF-RAMP", "TERMINAL_SIDE": "END" }, "geometry": { "type": "Point", "coordinates": [ 197937.013680883188499, 325434.393744065717328 ] } },
{ "type": "Feature", "properties": { "OBJECTID": 4031, "TYPE": "END", "RAMP_TYPE": "OFF-RAMP", "TERMINAL_SIDE": "END" }, "geometry": { "type": "Point", "coordinates": [ -125958.989030810334953, 106021.795132955987356 ] } },
{ "type": "Feature", "properties": { "OBJECTID": 4038, "TYPE": "END", "RAMP_TYPE": "OFF-RAMP", "TERMINAL_SIDE": "END" }, "geometry": { "type": "Point", "coordinates": [ 273576.70156651281286, 93917.353818469899124 ] } },
{ "type": "Feature", "properties": { "OBJECTID": 4052, "TYPE": "END", "RAMP_TYPE": "OFF-RAMP", "TERMINAL_SIDE": "END" }, "geometry": { "type": "Point", "coordinates": [ 291162.778973650943954, 104043.482685377515736 ] } },
{ "type": "Feature", "properties": { "OBJECTID": 4055, "TYPE": "END", "RAMP_TYPE": "OFF-RAMP", "TERMINAL_SIDE": "END" }, "geometry": { "type": "Point", "coordinates": [ 179643.460002880106913, 197232.440691963885911 ] } },
{ "type": "Feature", "properties": { "OBJECTID": 4149, "TYPE": "END", "RAMP_TYPE": "OFF-RAMP", "TERMINAL_SIDE": "END" }, "geometry": { "type": "Point", "coordinates": [ -60011.289970669080503, 139721.22955026460113 ] } },
{ "type": "Feature", "properties": { "OBJECTID": 4214, "TYPE": "END", "RAMP_TYPE": "OFF-RAMP", "TERMINAL_SIDE": "END" }, "geometry": { "type": "Point", "coordinates": [ -29915.76667280219408, 161698.444865142490016 ] } },
{ "type": "Feature", "properties": { "OBJECTID": 4238, "TYPE": "END", "RAMP_TYPE": "OFF-RAMP", "TERMINAL_SIDE": "END" }, "geometry": { "type": "Point", "coordinates": [ 212436.973237560421694, 320567.410088487900794 ] } },
{ "type": "Feature", "properties": { "OBJECTID": 4244, "TYPE": "END", "RAMP_TYPE": "OFF-RAMP", "TERMINAL_SIDE": "END" }, "geometry": { "type": "Point", "coordinates": [ 188018.3948046718142, 285088.279010096564889 ] } },
{ "type": "Feature", "properties": { "OBJECTID": 4250, "TYPE": "END", "RAMP_TYPE": "OFF-RAMP", "TERMINAL_SIDE": "END" }, "geometry": { "type": "Point", "coordinates": [ 18952.700154221864068, 209212.380586699669948 ] } },
{ "type": "Feature", "properties": { "OBJECTID": 4254, "TYPE": "END", "RAMP_TYPE": "OFF-RAMP", "TERMINAL_SIDE": "END" }, "geometry": { "type": "Point", "coordinates": [ 169959.362324227200588, 183330.20500368688954 ] } },
{ "type": "Feature", "properties": { "OBJECTID": 4266, "TYPE": "END", "RAMP_TYPE": "OFF-RAMP", "TERMINAL_SIDE": "END" }, "geometry": { "type": "Point", "coordinates": [ 121486.195495051288162, 324593.95215478510363 ] } },
{ "type": "Feature", "properties": { "OBJECTID": 4270, "TYPE": "END", "RAMP_TYPE": "OFF-RAMP", "TERMINAL_SIDE": "END" }, "geometry": { "type": "Point", "coordinates": [ 161372.679526679363335, 314258.062841185193975 ] } },
{ "type": "Feature", "properties": { "OBJECTID": 4273, "TYPE": "END", "RAMP_TYPE": "OFF-RAMP", "TERMINAL_SIDE": "END" }, "geometry": { "type": "Point", "coordinates": [ 205227.810931872547371, 315002.087559568521101 ] } },
{ "type": "Feature", "properties": { "OBJECTID": 4275, "TYPE": "END", "RAMP_TYPE": "OFF-RAMP", "TERMINAL_SIDE": "END" }, "geometry": { "type": "Point", "coordinates": [ -221124.644779980357271, 80562.807692527931067 ] } },
{ "type": "Feature", "properties": { "OBJECTID": 4278, "TYPE": "END", "RAMP_TYPE": "OFF-RAMP", "TERMINAL_SIDE": "END" }, "geometry": { "type": "Point", "coordinates": [ 180979.961652742291335, 193225.451601276174188 ] } },
{ "type": "Feature", "properties": { "OBJECTID": 4295, "TYPE": "END", "RAMP_TYPE": "OFF-RAMP", "TERMINAL_SIDE": "END" }, "geometry": { "type": "Point", "coordinates": [ 285314.917101020575501, 112192.400113651616266 ] } },
{ "type": "Feature", "properties": { "OBJECTID": 4302, "TYPE": "END", "RAMP_TYPE": "OFF-RAMP", "TERMINAL_SIDE": "END" }, "geometry": { "type": "Point", "coordinates": [ -166816.063209301210009, 100410.890450265549589 ] } },
{ "type": "Feature", "properties": { "OBJECTID": 4323, "TYPE": "END", "RAMP_TYPE": "OFF-RAMP", "TERMINAL_SIDE": "END" }, "geometry": { "type": "Point", "coordinates": [ 198264.969997512293048, 314461.5506187750143 ] } },
{ "type": "Feature", "properties": { "OBJECTID": 4324, "TYPE": "END", "RAMP_TYPE": "OFF-RAMP", "TERMINAL_SIDE": "END" }, "geometry": { "type": "Point", "coordinates": [ 291162.778973650943954, 104043.482685377515736 ] } },
{ "type": "Feature", "properties": { "OBJECTID": 4335, "TYPE": "END", "RAMP_TYPE": "OFF-RAMP", "TERMINAL_SIDE": "END" }, "geometry": { "type": "Point", "coordinates": [ -237330.712491283862619, 72981.381773989196518 ] } },
{ "type": "Feature", "properties": { "OBJECTID": 4340, "TYPE": "END", "RAMP_TYPE": "OFF-RAMP", "TERMINAL_SIDE": "END" }, "geometry": { "type": "Point", "coordinates": [ 212450.117480995191727, 321208.441293949028477 ] } },
{ "type": "Feature", "properties": { "OBJECTID": 4347, "TYPE": "END", "RAMP_TYPE": "OFF-RAMP", "TERMINAL_SIDE": "END" }, "geometry": { "type": "Point", "coordinates": [ 177659.249634535080986, 174635.082824532262748 ] } },
{ "type": "Feature", "properties": { "OBJECTID": 4353, "TYPE": "END", "RAMP_TYPE": "OFF-RAMP", "TERMINAL_SIDE": "END" }, "geometry": { "type": "Point", "coordinates": [ 161578.83465274629998, 314412.864706914115231 ] } },
{ "type": "Feature", "properties": { "OBJECTID": 4355, "TYPE": "END", "RAMP_TYPE": "OFF-RAMP", "TERMINAL_SIDE": "END" }, "geometry": { "type": "Point", "coordinates": [ 198127.684894547623117, 325284.568539018393494 ] } },
{ "type": "Feature", "properties": { "OBJECTID": 4361, "TYPE": "END", "RAMP_TYPE": "OFF-RAMP", "TERMINAL_SIDE": "END" }, "geometry": { "type": "Point", "coordinates": [ 123770.240125993776019, 80212.390327187647927 ] } },
{ "type": "Feature", "properties": { "OBJECTID": 4379, "TYPE": "END", "RAMP_TYPE": "OFF-RAMP", "TERMINAL_SIDE": "END" }, "geometry": { "type": "Point", "coordinates": [ 182401.641458468831843, 275065.627482081530616 ] } },
{ "type": "Feature", "properties": { "OBJECTID": 4394, "TYPE": "END", "RAMP_TYPE": "OFF-RAMP", "TERMINAL_SIDE": "END" }, "geometry": { "type": "Point", "coordinates": [ 190249.698761802836088, 122381.905613566937973 ] } },
{ "type": "Feature", "properties": { "OBJECTID": 4398, "TYPE": "END", "RAMP_TYPE": "OFF-RAMP", "TERMINAL_SIDE": "END" }, "geometry": { "type": "Point", "coordinates": [ -141174.612298313091742, 136210.873587965004845 ] } },
{ "type": "Feature", "properties": { "OBJECTID": 4427, "TYPE": "END", "RAMP_TYPE": "OFF-RAMP", "TERMINAL_SIDE": "END" }, "geometry": { "type": "Point", "coordinates": [ 161592.102021328319097, 314415.426958169380669 ] } },
{ "type": "Feature", "properties": { "OBJECTID": 4445, "TYPE": "END", "RAMP_TYPE": "OFF-RAMP", "TERMINAL_SIDE": "END" }, "geometry": { "type": "Point", "coordinates": [ 282575.63427247403888, 96039.262010318852845 ] } },
{ "type": "Feature", "properties": { "OBJECTID": 4452, "TYPE": "END", "RAMP_TYPE": "OFF-RAMP", "TERMINAL_SIDE": "END" }, "geometry": { "type": "Point", "coordinates": [ 275279.340426431794185, 121661.078842754592188 ] } },
{ "type": "Feature", "properties": { "OBJECTID": 4464, "TYPE": "END", "RAMP_TYPE": "OFF-RAMP", "TERMINAL_SIDE": "END" }, "geometry": { "type": "Point", "coordinates": [ 182284.981768175261095, 91247.87954517432081 ] } },
{ "type": "Feature", "properties": { "OBJECTID": 4522, "TYPE": "END", "RAMP_TYPE": "OFF-RAMP", "TERMINAL_SIDE": "END" }, "geometry": { "type": "Point", "coordinates": [ 38462.602320951256843, 233680.674591116519878 ] } },
{ "type": "Feature", "properties": { "OBJECTID": 4525, "TYPE": "END", "RAMP_TYPE": "OFF-RAMP", "TERMINAL_SIDE": "END" }, "geometry": { "type": "Point", "coordinates": [ -138590.952681445603957, 106423.471306707549957 ] } },
{ "type": "Feature", "properties": { "OBJECTID": 4678, "TYPE": "END", "RAMP_TYPE": "OFF-RAMP", "TERMINAL_SIDE": "END" }, "geometry": { "type": "Point", "coordinates": [ 188168.63082264905097, 286151.235843887086958 ] } },
{ "type": "Feature", "properties": { "OBJECTID": 4696, "TYPE": "END", "RAMP_TYPE": "OFF-RAMP", "TERMINAL_SIDE": "END" }, "geometry": { "type": "Point", "coordinates": [ 183137.935789462935645, 276887.042339151783381 ] } },
{ "type": "Feature", "properties": { "OBJECTID": 4710, "TYPE": "END", "RAMP_TYPE": "OFF-RAMP", "TERMINAL_SIDE": "END" }, "geometry": { "type": "Point", "coordinates": [ 200570.983095683011925, 306638.930335849057883 ] } },
{ "type": "Feature", "properties": { "OBJECTID": 4728, "TYPE": "END", "RAMP_TYPE": "OFF-RAMP", "TERMINAL_SIDE": "END" }, "geometry": { "type": "Point", "coordinates": [ 288874.054746350215282, 88663.185879833152285 ] } },
{ "type": "Feature", "properties": { "OBJECTID": 4756, "TYPE": "END", "RAMP_TYPE": "OFF-RAMP", "TERMINAL_SIDE": "END" }, "geometry": { "type": "Point", "coordinates": [ 201333.430232975195395, 309939.111637301335577 ] } }
]
}
